{"organizations": [], "uuid": "43f24458391e2fd7e567926148395a7da9d83991", "thread": {"social": {"gplus": {"shares": 0}, "pinterest": {"shares": 0}, "vk": {"shares": 0}, "linkedin": {"shares": 0}, "facebook": {"likes": 0, "shares": 0, "comments": 0}, "stumbledupon": {"shares": 0}}, "site_full": "www.cnbc.com", "main_image": "https://fm.cnbc.com/applications/cnbc.com/resources/img/editorial/2018/01/26/104971066-GettyImages-500955833-1.1910x1000.jpg", "site_section": "http://www.cnbc.com/id/19746125/device/rss/rss.xml", "section_title": "Top News and Analysis (pro)", "url": "https://www.cnbc.com/2018/01/26/tech-companies-will-increasingly-look-to-aging-baby-boomers-for-growth.html", "country": "US", "domain_rank": 767, "title": "Tech companies will increasingly look to aging baby boomers for growth, says Evercore analyst", "performance_score": 0, "site": "cnbc.com", "participants_count": 0, "title_full": "", "spam_score": 0.0, "site_type": "blogs", "published": "2018-01-26T20:48:00.000+02:00", "replies_count": 0, "uuid": "43f24458391e2fd7e567926148395a7da9d83991"}, "author": "", "url": "https://www.cnbc.com/2018/01/26/tech-companies-will-increasingly-look-to-aging-baby-boomers-for-growth.html", "ord_in_thread": 0, "title": "Tech companies will increasingly look to aging baby boomers for growth, says Evercore analyst", "locations": [], "entities": {"persons": [{"name": "anthony diclemente", "sentiment": "none"}, {"name": "diclemente", "sentiment": "none"}], "locations": [], "organizations": [{"name": "evercore", "sentiment": "negative"}, {"name": "cnbc", "sentiment": "none"}, {"name": "evercore isi senior media", "sentiment": "none"}]}, "highlightText": "", "language": "english", "persons": [], "text": "So long millennials. Baby boomers are the next big growth opportunity for tech, particularly for internet companies tied to smartphone use, according to Evercore ISI Senior Media and Internet Analyst Anthony DiClemente.\n\"As you think about saturation of the younger demographic, [boomers are] a demographic, along with international, that could really drive the growth,\" DiClemente said on CNBC's \"Power Lunch.\" \nA report from Evercore estimates that only about 70 percent of Americans 55-years-old or older currently use mobile internet, versus 90 percent of their millennial counterparts. Furthermore, the report estimates 14 million baby boomers are expected to start using mobile internet within the next four years.\n\"This is a cohort that has at least 30 percent greater annual purchasing power than the millennials, and so we think there is a lot of net wealth there to tap into,\" DiClemente said.\nDiClemente says that the relationship between baby boomers and tech will be mutually beneficial. As more baby boomers move to mobile, tech companies will simplify user interfaces to make them more comprehensible for older people. \n\"This is a theme for Snap and a theme for Twitter — improving the user interface and making it easier to use for folks like my parents who may be less fluent in using their phones,\" he said.\nAs for which applications baby boomers will use, DiClemente says household names will likely dominate. He sees boomers favoring Amazon 's Alexa app, Google Maps and Facebook .", "external_links": [], "published": "2018-01-26T20:48:00.000+02:00", "crawled": "2018-01-26T23:05:04.025+02:00", "highlightTitle": ""}