{"organizations": [], "uuid": "8948fe330f3bcfa7c46bccffb302e4b116139f47", "thread": {"social": {"gplus": {"shares": 0}, "pinterest": {"shares": 0}, "vk": {"shares": 0}, "linkedin": {"shares": 0}, "facebook": {"likes": 0, "shares": 0, "comments": 0}, "stumbledupon": {"shares": 0}}, "site_full": "www.cnbc.com", "main_image": "https://fm.cnbc.com/applications/cnbc.com/resources/img/editorial/2017/02/21/104295532-Anthony_Noto_02.16.17_057.1910x1000.jpg", "site_section": "http://www.cnbc.com/id/19746125/device/rss/rss.xml", "section_title": "Top News and Analysis (pro)", "url": "https://www.cnbc.com/2018/01/20/twitter-executive-anthony-noto-is-set-to-take-the-reins-as-sofis-ceo-source.html", "country": "US", "domain_rank": 767, "title": "Top Twitter executive Anthony Noto is set to take the reins as SoFi's CEO: Source", "performance_score": 0, "site": "cnbc.com", "participants_count": 0, "title_full": "", "spam_score": 0.0, "site_type": "blogs", "published": "2018-01-21T01:06:00.000+02:00", "replies_count": 0, "uuid": "8948fe330f3bcfa7c46bccffb302e4b116139f47"}, "author": "", "url": "https://www.cnbc.com/2018/01/20/twitter-executive-anthony-noto-is-set-to-take-the-reins-as-sofis-ceo-source.html", "ord_in_thread": 0, "title": "Top Twitter executive Anthony Noto is set to take the reins as SoFi's CEO: Source", "locations": [], "entities": {"persons": [{"name": "abigail stevenson", "sentiment": "negative"}, {"name": "anthony noto", "sentiment": "negative"}, {"name": "anthony noto  anthony noto", "sentiment": "neutral"}, {"name": "mike cagney", "sentiment": "none"}], "locations": [{"name": "silicon valley", "sentiment": "none"}], "organizations": [{"name": "cnbc", "sentiment": "negative"}, {"name": "top twitter", "sentiment": "negative"}, {"name": "sofi", "sentiment": "negative"}, {"name": "social finance", "sentiment": "none"}, {"name": "wall street journal", "sentiment": "none"}]}, "highlightText": "", "language": "english", "persons": [], "text": "Anthony Noto, Twitter's COO, is in negotiations to take the top job at online lender Social Finance, a source familiar with the matter told CNBC on Saturday, ending SoFi's search for a new chief executive that was prompted by a sexual harassment lawsuit. \nAn offer has been extended, although terms haven't yet been solidified or a final decision made, according to this source. However, an announcement is likely in the next few days. The news, was first reported on Saturday by The Wall Street Journal .\nLast year, SoFi was among several high-profile Silicon Valley firms that took a reputational hit because of allegations of sexual impropriety. Last year, CEO Mike Cagney resigned under a cloud of scandal, after reports of harassment and a related lawsuit rocked the start-up.\nMeanwhile, Twitter itself has suffered an exodus of top talent in its C-suite in recent years, with those departures being voluntary. A spokesperson for the company told CNBC that \"as a policy, we don't comment on rumors and speculation.\"\nA representative for SoFi declined comment to CNBC.", "external_links": [], "published": "2018-01-21T01:06:00.000+02:00", "crawled": "2018-01-21T01:23:43.014+02:00", "highlightTitle": ""}