{"organizations": [], "uuid": "59e54d8cd18f4a54d57522c2e9dabb3c4b66037a", "thread": {"social": {"gplus": {"shares": 0}, "pinterest": {"shares": 0}, "vk": {"shares": 0}, "linkedin": {"shares": 0}, "facebook": {"likes": 0, "shares": 0, "comments": 0}, "stumbledupon": {"shares": 0}}, "site_full": "www.cnbc.com", "main_image": "https://fm.cnbc.com/applications/cnbc.com/resources/img/editorial/2018/01/18/104953086-5ED5-SOTS-Krawcheckshort-011818.600x400.jpg", "site_section": "http://www.cnbc.com/id/10001135/device/rss/rss.html", "section_title": "Stock Picks", "url": "https://www.cnbc.com/video/2018/01/18/sallie-krawcheck-personal-wealth-is-key-to-a-womans-confidence.html", "country": "US", "domain_rank": 767, "title": "Sallie Krawcheck: Personal wealth is key to a woman's confidence", "performance_score": 0, "site": "cnbc.com", "participants_count": 0, "title_full": "", "spam_score": 0.0, "site_type": "blogs", "published": "2018-01-18T17:52:00.000+02:00", "replies_count": 0, "uuid": "59e54d8cd18f4a54d57522c2e9dabb3c4b66037a"}, "author": "", "url": "https://www.cnbc.com/video/2018/01/18/sallie-krawcheck-personal-wealth-is-key-to-a-womans-confidence.html", "ord_in_thread": 0, "title": "Sallie Krawcheck: Personal wealth is key to a woman's confidence", "locations": [], "entities": {"persons": [{"name": "elleve", "sentiment": "negative"}, {"name": "sallie krawcheck", "sentiment": "negative"}], "locations": [], "organizations": [{"name": "sallie krawcheck", "sentiment": "negative"}]}, "highlightText": "", "language": "english", "persons": [], "text": "Sallie Krawcheck: Personal wealth is key to a woman's confidence 2 Hours Ago Sallie Krawcheck, Ellevest CEO and co-founder, discusses the disconnect with women and investing which can cause detrimental effects when it comes to personal wealth over a lifetime.", "external_links": [], "published": "2018-01-18T17:52:00.000+02:00", "crawled": "2018-01-18T19:20:33.011+02:00", "highlightTitle": ""}