{"organizations": [], "uuid": "699564df5867263f719f33d685ab3a1350ec21dc", "thread": {"social": {"gplus": {"shares": 0}, "pinterest": {"shares": 0}, "vk": {"shares": 0}, "linkedin": {"shares": 11}, "facebook": {"likes": 154, "shares": 154, "comments": 0}, "stumbledupon": {"shares": 0}}, "site_full": "www.wsj.com", "main_image": "https://si.wsj.net/public/resources/images/BN-XD899_325wF_TOP_20180124221840.jpg", "site_section": "http://wsj.com/xml/rss/3_7480.xml", "section_title": "WSJ.com: Asia Home", "url": "https://www.wsj.com/articles/satellite-images-point-to-north-korean-military-parade-on-eve-of-olympics-1516856204", "country": "US", "domain_rank": 387, "title": "Artillery, Howitzers, 5,000 Soldiers: Satellite Images Show North Korea Preparing for Military Parade", "performance_score": 1, "site": "wsj.com", "participants_count": 1, "title_full": "", "spam_score": 0.0, "site_type": "blogs", "published": "2018-01-25T06:56:00.000+02:00", "replies_count": 0, "uuid": "699564df5867263f719f33d685ab3a1350ec21dc"}, "author": "Jonathan Cheng", "url": "https://www.wsj.com/articles/satellite-images-point-to-north-korean-military-parade-on-eve-of-olympics-1516856204", "ord_in_thread": 0, "title": "Artillery, Howitzers, 5,000 Soldiers: Satellite Images Show North Korea Preparing for Military Parade", "locations": [], "entities": {"persons": [], "locations": [{"name": "seoul", "sentiment": "none"}, {"name": "north korea", "sentiment": "none"}, {"name": "south korea", "sentiment": "none"}, {"name": "seoul", "sentiment": "none"}, {"name": "pyongyang", "sentiment": "none"}], "organizations": [{"name": "digitalglobe", "sentiment": "none"}, {"name": "johns hopkins university’s u.s.-korea institute", "sentiment": "none"}]}, "highlightText": "", "language": "english", "persons": [], "text": "SEOUL—Satellite imagery shows North Korea preparing for a possible military parade on the eve of the Winter Olympics in South Korea—a display of strength even as Pyongyang seeks a thaw in ties with Seoul.\nThe images captured this month by DigitalGlobe, a supplier of commercial satellite imagery, indicate preparations for a public demonstration of troops and weaponry. The 38 North blog, published by Johns Hopkins University’s U.S.-Korea Institute, ran similar satellite imagery on its website on Wednesday.\n...  ", "external_links": [], "published": "2018-01-25T06:56:00.000+02:00", "crawled": "2018-01-25T10:11:04.005+02:00", "highlightTitle": ""}