{"organizations": [], "uuid": "c352c1a4727ab7a44c472db95a29750ac81a98d0", "thread": {"social": {"gplus": {"shares": 0}, "pinterest": {"shares": 0}, "vk": {"shares": 0}, "linkedin": {"shares": 0}, "facebook": {"likes": 0, "shares": 0, "comments": 0}, "stumbledupon": {"shares": 0}}, "site_full": "www.cnbc.com", "main_image": "https://fm.cnbc.com/applications/cnbc.com/resources/img/editorial/2018/01/16/104948242-3ED1-SOTS-DeangelisEIA-011618.600x400.jpg", "site_section": "http://www.cnbc.com/id/19836768/device/rss", "section_title": "Energy", "url": "https://www.cnbc.com/video/2018/01/16/energy-off-to-a-strong-start-in-2018.html", "country": "US", "domain_rank": 767, "title": "Energy off to a strong start in 2018", "performance_score": 0, "site": "cnbc.com", "participants_count": 0, "title_full": "", "spam_score": 0.0, "site_type": "blogs", "published": "2018-01-16T17:55:00.000+02:00", "replies_count": 0, "uuid": "c352c1a4727ab7a44c472db95a29750ac81a98d0"}, "author": "", "url": "https://www.cnbc.com/video/2018/01/16/energy-off-to-a-strong-start-in-2018.html", "ord_in_thread": 0, "title": "Energy off to a strong start in 2018", "locations": [], "entities": {"persons": [{"name": "jackie deangelis", "sentiment": "neutral"}, {"name": "trump", "sentiment": "none"}], "locations": [], "organizations": [{"name": "cnbc", "sentiment": "neutral"}]}, "highlightText": "", "language": "english", "persons": [], "text": "Energy off to a strong start in 2018 1 Hour Ago CNBC's Jackie DeAngelis takes a look at how energy markets have performed since President Trump took office almost one year ago.", "external_links": [], "published": "2018-01-16T17:55:00.000+02:00", "crawled": "2018-01-16T19:26:30.011+02:00", "highlightTitle": ""}