{"organizations": [], "uuid": "600bc88dd07d335a96bff236018b8c6e750182e8", "thread": {"social": {"gplus": {"shares": 0}, "pinterest": {"shares": 0}, "vk": {"shares": 0}, "linkedin": {"shares": 0}, "facebook": {"likes": 0, "shares": 0, "comments": 0}, "stumbledupon": {"shares": 0}}, "site_full": "www.cnbc.com", "main_image": "https://fm.cnbc.com/applications/cnbc.com/resources/img/editorial/2018/01/09/104937324-3ED2-SSA-MikeVorhaus-010918.600x400.jpg", "site_section": "http://www.cnbc.com/id/10000018/device/rss", "section_title": "China", "url": "https://www.cnbc.com/video/2018/01/09/live-streaming-is-a-key-thing-to-watch-in-technology.html", "country": "US", "domain_rank": 767, "title": "Live streaming is a key thing to watch in technology", "performance_score": 0, "site": "cnbc.com", "participants_count": 0, "title_full": "", "spam_score": 0.0, "site_type": "blogs", "published": "2018-01-10T01:31:00.000+02:00", "replies_count": 0, "uuid": "600bc88dd07d335a96bff236018b8c6e750182e8"}, "author": "", "url": "https://www.cnbc.com/video/2018/01/09/live-streaming-is-a-key-thing-to-watch-in-technology.html", "ord_in_thread": 0, "title": "Live streaming is a key thing to watch in technology", "locations": [], "entities": {"persons": [{"name": "mike vorhaus", "sentiment": "negative"}], "locations": [], "organizations": [{"name": "magid advisors", "sentiment": "negative"}]}, "highlightText": "", "language": "english", "persons": [], "text": "Live streaming is a key thing to watch in technology 16 Hours Ago Mike Vorhaus of Magid Advisors says that live streaming is moving quickly from heavily-produced efforts to consumer dominated.", "external_links": [], "published": "2018-01-10T01:31:00.000+02:00", "crawled": "2018-01-10T18:06:42.003+02:00", "highlightTitle": ""}