{"organizations": [], "uuid": "5e51888fd87326cc1d8053c558644cb1f7511a05", "thread": {"social": {"gplus": {"shares": 0}, "pinterest": {"shares": 0}, "vk": {"shares": 0}, "linkedin": {"shares": 0}, "facebook": {"likes": 0, "shares": 0, "comments": 0}, "stumbledupon": {"shares": 0}}, "site_full": "www.reuters.com", "main_image": "https://s4.reutersmedia.net/resources_v2/images/rcom-default.png", "site_section": "http://app.feed.informer.com/digest3/VLZEFJTITH.atom", "section_title": "World News Review", "url": "https://www.reuters.com/article/us-germany-hatecrime/german-hate-speech-law-tested-as-twitter-blocks-satire-account-idUSKBN1ES1AT", "country": "US", "domain_rank": 408, "title": "German hate speech law tested as Twitter blocks satire account", "performance_score": 0, "site": "reuters.com", "participants_count": 0, "title_full": "", "spam_score": 0.0, "site_type": "blogs", "published": "2018-01-03T17:21:00.000+02:00", "replies_count": 0, "uuid": "5e51888fd87326cc1d8053c558644cb1f7511a05"}, "author": "", "url": "https://www.reuters.com/article/us-germany-hatecrime/german-hate-speech-law-tested-as-twitter-blocks-satire-account-idUSKBN1ES1AT", "ord_in_thread": 0, "title": "German hate speech law tested as Twitter blocks satire account", "locations": [], "entities": {"persons": [{"name": "storch", "sentiment": "none"}, {"name": "beatrix von storch", "sentiment": "none"}], "locations": [{"name": "berlin", "sentiment": "none"}, {"name": "germany", "sentiment": "none"}], "organizations": [{"name": "reuters staff", "sentiment": "none"}, {"name": "reuters", "sentiment": "none"}]}, "highlightText": "", "language": "english", "persons": [], "text": "BERLIN (Reuters) - A German satirical magazine’s Twitter account was blocked after it parodied anti-Muslim comments, the publication said on Wednesday, in what the national journalists association said showed the downside of a new law against online hate speech.\nTitanic magazine was mocking Beatrix von Storch, a member of the right-wing Alternative for Germany (AfD) party, who accused police of trying “to appease the barbaric, Muslim, rapist hordes of men” by putting out a tweet in Arabic.\nTwitter briefly suspended her account and prosecutors are examining if her comments amount to incitement to hatred.\nTitanic magazine published its send-up late on Tuesday, in a tweet purporting to be from von Storch to the police, saying: “The last thing that I want is mollified barbarian, Muslim, gang-raping hordes of men.”\nTitanic said on Wednesday its Twitter account had been blocked over the message, which it assumed was a result of a law that came into full force on Jan. 1 that can impose fines of up to 50 million euros ($60 million) on social media sites that fail to remove hate speech promptly.\n“We are shocked,” Titanic editor Tim Wolff said on the magazine’s website, adding that Chancellor Angela Merkel and Justice Minister Heiko Maas had promised that the new law would not have this kind of effect.\nA Twitter spokesman said the company did not comment on individual accounts, for reasons of privacy and security.\nThe Association of German Journalists (DJV) said the Twitter move amounted to censorship, adding it had warned of this danger when the law was drawn up last year.\n“A private company based in the United States decides the boundaries of freedom of the press and opinion in Germany,” DJV Chairman Frank Ueberall said in a statement, calling on parliament to reverse the hate speech law.\nTwitter, Facebook and other social media platforms are scrambling to adapt to the law, and its implementation is being closely watched after warnings that the threat of fines could prompt websites to block more content than necessary.\nGermany has some of the world’s toughest laws on defamation, incitement to commit crimes and threats of violence, with prison sentences for Holocaust denial or inciting hatred against minorities.\nMerkel’s conservatives accused the AfD of undermining the post-war democratic consensus in Germany.\n“The racism that AfD lawmakers have been tweeting for days is intentionally violating, with criminal intent, the basic consensus which democrats have built up since 1949 despite all disagreements,” Armin Laschet, party deputy of Merkel’s Christian Democrats, tweeted.\n“By doing this, they want to pave the way to a totally different republic.”\n($1 = 0.8317 euros)\nReporting by Emma Thomasson; Editing by Robin Pomeroy\n ", "external_links": [], "published": "2018-01-03T17:21:00.000+02:00", "crawled": "2018-01-03T17:57:26.008+02:00", "highlightTitle": ""}