{"organizations": [], "uuid": "f9a9b756eb61344427bb88aa73665c9bfb50d421", "thread": {"social": {"gplus": {"shares": 0}, "pinterest": {"shares": 0}, "vk": {"shares": 0}, "linkedin": {"shares": 0}, "facebook": {"likes": 1, "shares": 1, "comments": 0}, "stumbledupon": {"shares": 0}}, "site_full": "in.reuters.com", "main_image": "https://s4.reutersmedia.net/resources_v2/images/rcom-default.png", "site_section": "http://feeds.reuters.com/reuters/INbusinessNews\r", "section_title": "Reuters: Money News", "url": "https://in.reuters.com/article/china-economy-property-blogger/chinas-securities-watchdog-fines-blogger-over-31000-for-inaccurate-information-idINKBN1FG0PR", "country": "US", "domain_rank": 408, "title": "China's securities watchdog fines blogger over $31,000 for inaccurate information", "performance_score": 0, "site": "reuters.com", "participants_count": 0, "title_full": "", "spam_score": 0.0, "site_type": "blogs", "published": "2018-01-27T17:51:00.000+02:00", "replies_count": 0, "uuid": "f9a9b756eb61344427bb88aa73665c9bfb50d421"}, "author": "", "url": "https://in.reuters.com/article/china-economy-property-blogger/chinas-securities-watchdog-fines-blogger-over-31000-for-inaccurate-information-idINKBN1FG0PR", "ord_in_thread": 0, "title": "China's securities watchdog fines blogger over $31,000 for inaccurate information", "locations": [], "entities": {"persons": [{"name": "cao", "sentiment": "none"}, {"name": "weibo", "sentiment": "none"}], "locations": [{"name": "china", "sentiment": "none"}, {"name": "beijing", "sentiment": "none"}], "organizations": [{"name": "reuters staff", "sentiment": "none"}, {"name": "china securities regulatory commission", "sentiment": "none"}, {"name": "reuters", "sentiment": "none"}, {"name": "csrc", "sentiment": "none"}]}, "highlightText": "", "language": "english", "persons": [], "text": "January 27, 2018 / 4:01 PM / Updated 3 hours ago China's securities watchdog fines blogger over $31,000 for inaccurate information Reuters Staff 2 Min Read \nBEIJING (Reuters) - China’s top securities watchdog said it had fined a blogger 200,000 yuan ($31,650) for producing and spreading information that was inaccurate and market-disturbing, the harshest penalty for such behaviour. \nIn a post on the popular social media platform WeChat in November, an internet media worker identified only by the surname Cao said financial institutions and property developers had held a private meeting at the premises of the China Securities Regulatory Commission (CSRC), the securities watchdog. \nThe post caused disruptions on the stock market, the CSRC said in a statement on its website on Friday. \nThe meeting was a routine gathering, and CSRC was not involved at all, the securities watchdog said. \nThe authenticity and accuracy of information dissemination is vital to the smooth running of the capital market and emerging media platforms such as Weibo and WeChat must also obey rules and laws, or they will be punished, according to CSRC. \n($1 = 6.3199 Chinese yuan renminbi) Reporting by Ryan Woo; Editing by Mark Potter", "external_links": [], "published": "2018-01-27T17:51:00.000+02:00", "crawled": "2018-01-27T18:44:59.001+02:00", "highlightTitle": ""}