{"organizations": [], "uuid": "788b86390ebd46f31ec990acb3f38420de80ff24", "thread": {"social": {"gplus": {"shares": 0}, "pinterest": {"shares": 0}, "vk": {"shares": 0}, "linkedin": {"shares": 0}, "facebook": {"likes": 0, "shares": 0, "comments": 0}, "stumbledupon": {"shares": 0}}, "site_full": "www.cnbc.com", "main_image": "https://fm.cnbc.com/applications/cnbc.com/resources/img/editorial/2018/01/09/104936620-3ED2-FN-010918-Seg02.600x400.jpg", "site_section": "http://www.cnbc.com/id/10001135/device/rss/rss.html", "section_title": "Stock Picks", "url": "https://www.cnbc.com/video/2018/01/09/bitcoin-will-outperform-stocks-again-in-2018-tom-lee.html", "country": "US", "domain_rank": 767, "title": "Bitcoin will outperform stocks again in 2018: Tom Lee", "performance_score": 0, "site": "cnbc.com", "participants_count": 0, "title_full": "", "spam_score": 0.0, "site_type": "blogs", "published": "2018-01-09T11:00:00.000+02:00", "replies_count": 0, "uuid": "788b86390ebd46f31ec990acb3f38420de80ff24"}, "author": "", "url": "https://www.cnbc.com/video/2018/01/09/bitcoin-will-outperform-stocks-again-in-2018-tom-lee.html", "ord_in_thread": 0, "title": "Bitcoin will outperform stocks again in 2018: Tom Lee", "locations": [], "entities": {"persons": [{"name": "tom lee", "sentiment": "negative"}, {"name": "tom lee bitcoin", "sentiment": "negative"}, {"name": "jackie deangelis", "sentiment": "none"}], "locations": [], "organizations": [{"name": "cnbc", "sentiment": "none"}]}, "highlightText": "", "language": "english", "persons": [], "text": "Bitcoin will outperform stocks again in 2018: Tom Lee 11 Hours Ago Could bitcoin double in 2018? Should investors keep buying? With Fundstrat's Tom Lee, CNBC's Jackie DeAngelis and the Futures Now traders.", "external_links": [], "published": "2018-01-09T11:00:00.000+02:00", "crawled": "2018-01-09T22:12:38.000+02:00", "highlightTitle": ""}