{"organizations": [], "uuid": "0208861ef61cbbcef7bfec86b14b436afc9e87a1", "thread": {"social": {"gplus": {"shares": 0}, "pinterest": {"shares": 0}, "vk": {"shares": 0}, "linkedin": {"shares": 0}, "facebook": {"likes": 0, "shares": 0, "comments": 0}, "stumbledupon": {"shares": 0}}, "site_full": "www.wsj.com", "main_image": "http://m.wsj.net/video/20180104/122117dow25kakane2/122117dow25kakane2_1280x720.jpg", "site_section": "http://video-api.wsj.com/api-video/find_all_videos.asp?lang=en-us&groupid=4267&format=rss", "section_title": "WSJ Live Video", "url": "http://www.wsj.com/video/dow-hits-25000-here-why-it-matters/FCFC84B2-69E7-48D2-A442-30C93A00F3DC.html", "country": "US", "domain_rank": 387, "title": "Dow Hits 25000: Here's Why It Matters", "performance_score": 0, "site": "wsj.com", "participants_count": 0, "title_full": "", "spam_score": 0.0, "site_type": "blogs", "published": "2018-01-04T16:36:00.000+02:00", "replies_count": 0, "uuid": "0208861ef61cbbcef7bfec86b14b436afc9e87a1"}, "author": "", "url": "http://www.wsj.com/video/dow-hits-25000-here-why-it-matters/FCFC84B2-69E7-48D2-A442-30C93A00F3DC.html", "ord_in_thread": 0, "title": "Dow Hits 25000: Here's Why It Matters", "locations": [], "entities": {"persons": [{"name": "akane otani", "sentiment": "none"}], "locations": [], "organizations": []}, "highlightText": "", "language": "english", "persons": [], "text": "Dow Hits 25000: Here's Why It Matters 1/4/2018 9:36AM The Dow Jones Industrial Average crossed 25000, marking the latest big-number milestone for the index. So why does it matter? WSJ Markets Reporter Akane Otani explains. Photo: Reuters", "external_links": [], "published": "2018-01-04T16:36:00.000+02:00", "crawled": "2018-01-04T18:09:16.003+02:00", "highlightTitle": ""}