{"organizations": [], "uuid": "41bd15798e219122c32c936d011d87a320bc5ce1", "thread": {"social": {"gplus": {"shares": 0}, "pinterest": {"shares": 0}, "vk": {"shares": 0}, "linkedin": {"shares": 0}, "facebook": {"likes": 0, "shares": 0, "comments": 0}, "stumbledupon": {"shares": 0}}, "site_full": "www.cnbc.com", "main_image": "", "site_section": "http://www.cnbc.com/id/10000513/device/rss", "section_title": "Brazil", "url": "https://www.cnbc.com/2018/01/30/reuters-america-update-1-vale-diversifies-away-from-iron-ore-despite-strong-china-demand-ceo.html", "country": "US", "domain_rank": 767, "title": "UPDATE 1-Vale diversifies away from iron ore despite strong China demand -CEO", "performance_score": 0, "site": "cnbc.com", "participants_count": 0, "title_full": "", "spam_score": 0.0, "site_type": "blogs", "published": "2018-01-30T21:41:00.000+02:00", "replies_count": 0, "uuid": "41bd15798e219122c32c936d011d87a320bc5ce1"}, "author": "", "url": "https://www.cnbc.com/2018/01/30/reuters-america-update-1-vale-diversifies-away-from-iron-ore-despite-strong-china-demand-ceo.html", "ord_in_thread": 0, "title": "UPDATE 1-Vale diversifies away from iron ore despite strong China demand -CEO", "locations": [], "entities": {"persons": [{"name": "sao paulo", "sentiment": "none"}, {"name": "fabio schvartsman", "sentiment": "none"}, {"name": "schvartsman", "sentiment": "none"}], "locations": [{"name": "china", "sentiment": "none"}, {"name": "sao paulo", "sentiment": "none"}], "organizations": [{"name": "reuters", "sentiment": "none"}, {"name": "vale", "sentiment": "none"}]}, "highlightText": "", "language": "english", "persons": [], "text": "UPDATE 1-Vale diversifies away from iron ore despite strong China demand -CEO Published 52 Mins Ago Reuters \n(Adds Chinese demand for high quality iron ore, background on debt goal) \nSAO PAULO, Jan 30 (Reuters) - Continued Chinese efforts to reduce pollution will boost demand for Vale's high quality iron ore, the Brazilian miner's chief executive said on Tuesday, even as the world's top iron ore producer seeks to diversify away from the metal. \nChina's aggressive campaign to clean its skies by clamping down on polluting steel mills has fueled a need for high-grade iron ore to boost productivity and limit emissions, opening the door wider for suppliers of better quality ore to the world's biggest buyer. \n\"I cannot imagine China going back on the pollution controls it is trying to put in place,\" CEO Fabio Schvartsman said at an event in Sao Paulo. \"They will do everything possible ... to check pollution, which guarantees their demand.\" \nNevertheless, Schvartsman said the company will seek to reduce the percent of earnings derived from iron ore from the current 90 percent to around 70 percent within two years. \n\"The company is beginning to become truly diversified,\" Schvartsman said, adding that base metals would be a fundamental part of the diversification strategy. \nSchvartsman also said a recent rise in nickel prices should generate an additional $750 million in cash flow and that the company expected to reach its $10 billion net debt target by the middle of year. \nA Vale executive said earlier this month that company could reach its net debt goal of $10 billion before the year end. (Reporting by Luciano Costa and Tatiana Bautzer; Writing by Alexandra Alper; Editing by Diane Craft and Marguerita Choy)", "external_links": [], "published": "2018-01-30T21:41:00.000+02:00", "crawled": "2018-01-30T23:01:29.028+02:00", "highlightTitle": ""}