{"organizations": [], "uuid": "8e7bceeb33bf9f26df0d6760effa95883c7ade71", "thread": {"social": {"gplus": {"shares": 0}, "pinterest": {"shares": 0}, "vk": {"shares": 0}, "linkedin": {"shares": 0}, "facebook": {"likes": 2, "shares": 2, "comments": 0}, "stumbledupon": {"shares": 0}}, "site_full": "www.cnbc.com", "main_image": "https://fm.cnbc.com/applications/cnbc.com/resources/img/editorial/2018/01/04/104929132-5ED2-MM-Remix-010418.600x400.jpg", "site_section": "http://www.cnbc.com/id/10001135/device/rss/rss.html", "section_title": "Stock Picks", "url": "https://www.cnbc.com/video/2018/01/04/cramer-remix-even-at-dow-25k-this-market-is-a-beast-and-a-beauty.html", "country": "US", "domain_rank": 767, "title": "Cramer Remix: Even at Dow 25K, this market is a beast, and it's a beauty", "performance_score": 0, "site": "cnbc.com", "participants_count": 0, "title_full": "", "spam_score": 0.0, "site_type": "blogs", "published": "2018-01-05T02:21:00.000+02:00", "replies_count": 0, "uuid": "8e7bceeb33bf9f26df0d6760effa95883c7ade71"}, "author": "", "url": "https://www.cnbc.com/video/2018/01/04/cramer-remix-even-at-dow-25k-this-market-is-a-beast-and-a-beauty.html", "ord_in_thread": 0, "title": "Cramer Remix: Even at Dow 25K, this market is a beast, and it's a beauty", "locations": [], "entities": {"persons": [{"name": "cramer", "sentiment": "negative"}], "locations": [], "organizations": []}, "highlightText": "", "language": "english", "persons": [], "text": "Cramer Remix: Even at Dow 25K, this market is a beast, and it's a beauty 17 Hours Ago", "external_links": [], "published": "2018-01-05T02:21:00.000+02:00", "crawled": "2018-01-05T02:45:04.003+02:00", "highlightTitle": ""}