{"organizations": [], "uuid": "6206ed46d2e6eb38a68e15cbbf101d75e8237364", "thread": {"social": {"gplus": {"shares": 0}, "pinterest": {"shares": 0}, "vk": {"shares": 0}, "linkedin": {"shares": 0}, "facebook": {"likes": 0, "shares": 0, "comments": 0}, "stumbledupon": {"shares": 0}}, "site_full": "www.cnbc.com", "main_image": "https://fm.cnbc.com/applications/cnbc.com/resources/img/editorial/2018/01/29/104975208-2ED2-MM-Block-B-short-012918.600x400.jpg", "site_section": "http://www.cnbc.com/id/10001135/device/rss/rss.html", "section_title": "Stock Picks", "url": "https://www.cnbc.com/video/2018/01/29/charts-forecast-further-gains-centene-and-cardinal-health.html", "country": "US", "domain_rank": 767, "title": "Charts forecast further gains Centene and Cardinal Health", "performance_score": 0, "site": "cnbc.com", "participants_count": 0, "title_full": "", "spam_score": 0.0, "site_type": "blogs", "published": "2018-01-30T02:36:00.000+02:00", "replies_count": 0, "uuid": "6206ed46d2e6eb38a68e15cbbf101d75e8237364"}, "author": "", "url": "https://www.cnbc.com/video/2018/01/29/charts-forecast-further-gains-centene-and-cardinal-health.html", "ord_in_thread": 0, "title": "Charts forecast further gains Centene and Cardinal Health", "locations": [], "entities": {"persons": [{"name": "jim cramer", "sentiment": "negative"}, {"name": "marc chaikin", "sentiment": "none"}], "locations": [], "organizations": [{"name": "centene", "sentiment": "negative"}, {"name": "cardinal health charts", "sentiment": "negative"}, {"name": "cardinal health", "sentiment": "negative"}, {"name": "amgen", "sentiment": "none"}]}, "highlightText": "", "language": "english", "persons": [], "text": "Charts forecast further gains Centene and Cardinal Health 20 Hours Ago Jim Cramer takes to the charts with technical master Marc Chaikin to see if shares of Centene, Cardinal Health and Amgen have more room to run.", "external_links": [], "published": "2018-01-30T02:36:00.000+02:00", "crawled": "2018-01-30T04:52:26.016+02:00", "highlightTitle": ""}