{"organizations": [], "uuid": "e67aa2848bc3b78f63bd9e69d10a4b481f047e2d", "thread": {"social": {"gplus": {"shares": 0}, "pinterest": {"shares": 0}, "vk": {"shares": 0}, "linkedin": {"shares": 0}, "facebook": {"likes": 0, "shares": 0, "comments": 0}, "stumbledupon": {"shares": 0}}, "site_full": "www.cnbc.com", "main_image": "https://fm.cnbc.com/applications/cnbc.com/resources/img/editorial/2018/01/29/104975145-2ED2-MM-Block-B-012918.600x400.jpg", "site_section": "http://www.cnbc.com/id/10001135/device/rss/rss.html", "section_title": "Stock Picks", "url": "https://www.cnbc.com/video/2018/01/29/cramers-charts-forecast-further-gains-for-centene-and-cardinal-health.html", "country": "US", "domain_rank": 767, "title": "Cramer's charts forecast further gains for health care giants Centene and Cardinal Health", "performance_score": 0, "site": "cnbc.com", "participants_count": 0, "title_full": "", "spam_score": 0.0, "site_type": "blogs", "published": "2018-01-30T01:45:00.000+02:00", "replies_count": 0, "uuid": "e67aa2848bc3b78f63bd9e69d10a4b481f047e2d"}, "author": "", "url": "https://www.cnbc.com/video/2018/01/29/cramers-charts-forecast-further-gains-for-centene-and-cardinal-health.html", "ord_in_thread": 0, "title": "Cramer's charts forecast further gains for health care giants Centene and Cardinal Health", "locations": [], "entities": {"persons": [], "locations": [], "organizations": []}, "highlightText": "", "language": "english", "persons": [], "text": "Cramer's charts forecast further gains for health care giants Centene and Cardinal Health 3 Hours Ago Jim Cramer takes to the charts with technical master Marc Chaikin to see if shares of Centene, Cardinal Health and Amgen have more room to run.", "external_links": [], "published": "2018-01-30T01:45:00.000+02:00", "crawled": "2018-01-30T04:52:34.000+02:00", "highlightTitle": ""}