{"organizations": [], "uuid": "b5f595f7dbc264afad1da7ded66e870c1194d504", "thread": {"social": {"gplus": {"shares": 0}, "pinterest": {"shares": 0}, "vk": {"shares": 0}, "linkedin": {"shares": 0}, "facebook": {"likes": 0, "shares": 0, "comments": 0}, "stumbledupon": {"shares": 0}}, "site_full": "www.cnbc.com", "main_image": "https://fm.cnbc.com/applications/cnbc.com/resources/img/editorial/2018/01/09/104937290-3ED2-ASB-GraceNg-010918.600x400.jpg", "site_section": "http://www.cnbc.com/id/10000018/device/rss", "section_title": "China", "url": "https://www.cnbc.com/video/2018/01/09/chinas-inflation-outlook-should-slow-slightly-in-2018-on-a-high-base-effect.html", "country": "US", "domain_rank": 767, "title": "China's inflation outlook should slow slightly in 2018 on a high base effect", "performance_score": 0, "site": "cnbc.com", "participants_count": 0, "title_full": "", "spam_score": 0.0, "site_type": "blogs", "published": "2018-01-10T01:07:00.000+02:00", "replies_count": 0, "uuid": "b5f595f7dbc264afad1da7ded66e870c1194d504"}, "author": "", "url": "https://www.cnbc.com/video/2018/01/09/chinas-inflation-outlook-should-slow-slightly-in-2018-on-a-high-base-effect.html", "ord_in_thread": 0, "title": "China's inflation outlook should slow slightly in 2018 on a high base effect", "locations": [], "entities": {"persons": [], "locations": [{"name": "china", "sentiment": "none"}], "organizations": [{"name": "jpmorgan", "sentiment": "none"}]}, "highlightText": "", "language": "english", "persons": [], "text": "China's inflation outlook should slow slightly in 2018 on a high base effect 16 Hours Ago Grace Ng of JPMorgan says inflation in China will slow slightly in 2018, but GDP could do better than earlier expected.", "external_links": [], "published": "2018-01-10T01:07:00.000+02:00", "crawled": "2018-01-10T18:06:43.014+02:00", "highlightTitle": ""}