{"organizations": [], "uuid": "a57c9fc592e17ea65b53888a28f3a2b81899cd37", "thread": {"social": {"gplus": {"shares": 0}, "pinterest": {"shares": 0}, "vk": {"shares": 0}, "linkedin": {"shares": 0}, "facebook": {"likes": 0, "shares": 0, "comments": 0}, "stumbledupon": {"shares": 0}}, "site_full": "www.cnbc.com", "main_image": "https://fm.cnbc.com/applications/cnbc.com/resources/img/editorial/2018/01/24/104964025-Asif_Pakistan_.1910x1000.jpg", "site_section": "http://www.cnbc.com/id/19746125/device/rss/rss.xml", "section_title": "Top News and Analysis (pro)", "url": "https://www.cnbc.com/2018/01/24/pakistan-apprehensive-over-widening-rift-with-us.html", "country": "US", "domain_rank": 767, "title": "Pakistan wants to reconcile its widening rift with the US — but there's one major problem", "performance_score": 0, "site": "cnbc.com", "participants_count": 0, "title_full": "", "spam_score": 0.0, "site_type": "blogs", "published": "2018-01-24T18:14:00.000+02:00", "replies_count": 0, "uuid": "a57c9fc592e17ea65b53888a28f3a2b81899cd37"}, "author": "", "url": "https://www.cnbc.com/2018/01/24/pakistan-apprehensive-over-widening-rift-with-us.html", "ord_in_thread": 0, "title": "Pakistan wants to reconcile its widening rift with the US — but there's one major problem", "locations": [], "entities": {"persons": [{"name": "lintao zhang", "sentiment": "negative"}, {"name": "khawaja muhammad asif", "sentiment": "negative"}, {"name": "asif", "sentiment": "none"}, {"name": "donald trump", "sentiment": "none"}, {"name": "wang yi", "sentiment": "none"}, {"name": "trump", "sentiment": "none"}], "locations": [{"name": "pakistan", "sentiment": "none"}, {"name": "us", "sentiment": "none"}, {"name": "beijing", "sentiment": "none"}, {"name": "davos", "sentiment": "none"}, {"name": "afghanistan", "sentiment": "none"}, {"name": "diaoyutai state guesthouse", "sentiment": "none"}, {"name": "u.s.", "sentiment": "none"}, {"name": "china", "sentiment": "none"}, {"name": "islamabad", "sentiment": "none"}, {"name": "switzerland", "sentiment": "none"}], "organizations": [{"name": "cnbc", "sentiment": "none"}, {"name": "world economic forum", "sentiment": "none"}, {"name": "wef", "sentiment": "none"}]}, "highlightText": "", "language": "english", "persons": [], "text": "President Donald Trump 's much-anticipated speech at the World Economic Forum (WEF) is unlikely to do anything to improve bilateral relations with Islamabad, Pakistan's foreign minister told CNBC on Wednesday.\nSpeaking at WEF in Davos, Switzerland, Khawaja Muhammad Asif said: \"Frankly speaking, we are a bit apprehensive from what we have been hearing from over the past one year (and) we don't expect any radical departure from what he has been saying.\"\nThe U.S. president is due to arrive in Davos this week, as the Swiss Alpine town hosts the annual meeting of global business and political leaders. Trump is scheduled to deliver a speech to WEF attendees Friday.\nAfghanistan is 'just one problem' Pakistan's Asif said he hoped the U.S. and the South Asian nation could soon focus on their bilateral relationship once again, rather than just \"through the prism of Afghanistan.\"\n\n\"The whole relationship should not hinge on just one problem in our region,\" he added.\n\nIn his first tweet of 2018, Trump said the U.S. had \"foolishly\" handed Pakistan more than $33 billion in aid over the last 15 years while gaining nothing in return but \"lies and deceit.\"\n\nTweet 1 \nIt was not clear what prompted Trump's criticism of Islamabad, although he has long complained Pakistan is not doing enough to tackle Islamist militants .\nIn response, Pakistan said it had launched military operations to push out militants from the country and, since 2001, more than 17,000 Pakistanis had died fighting militants or in bombings.\nFurthermore, just a day after Trump's tweet lambasting Pakistan, its central bank announced it would replace the dollar with the yuan for bilateral trade and investment with China.\n\nWhen asked whether he was concerned diplomatic ties between Washington and Islamabad had reached an irrevocable conclusion, Asif replied: \"It is repairable, there is absolutely no doubt about it.\"", "external_links": [], "published": "2018-01-24T18:14:00.000+02:00", "crawled": "2018-01-24T18:22:25.015+02:00", "highlightTitle": ""}