{"organizations": [], "uuid": "5d9455e8782e1a0aac7f0a2b51624ad8d6556651", "thread": {"social": {"gplus": {"shares": 0}, "pinterest": {"shares": 0}, "vk": {"shares": 0}, "linkedin": {"shares": 0}, "facebook": {"likes": 0, "shares": 0, "comments": 0}, "stumbledupon": {"shares": 0}}, "site_full": "www.cnbc.com", "main_image": "https://fm.cnbc.com/applications/cnbc.com/resources/img/editorial/2016/07/06/103769275-GettyImages-157435058.1910x1000.jpg", "site_section": "http://www.cnbc.com/id/19746125/device/rss/rss.xml#", "section_title": "Top News and Analysis (pro)", "url": "https://www.cnbc.com/2018/01/08/homeowners-are-sitting-on-trillions-in-cash.html", "country": "US", "domain_rank": 767, "title": "Homeowners are sitting on trillions in 'tappable' equity", "performance_score": 0, "site": "cnbc.com", "participants_count": 0, "title_full": "", "spam_score": 0.0, "site_type": "blogs", "published": "2018-01-08T17:16:00.000+02:00", "replies_count": 0, "uuid": "5d9455e8782e1a0aac7f0a2b51624ad8d6556651"}, "author": "", "url": "https://www.cnbc.com/2018/01/08/homeowners-are-sitting-on-trillions-in-cash.html", "ord_in_thread": 0, "title": "Homeowners are sitting on trillions in 'tappable' equity", "locations": [], "entities": {"persons": [], "locations": [], "organizations": [{"name": "black knight data & analytics", "sentiment": "none"}]}, "highlightText": "", "language": "english", "persons": [], "text": "REITs Homeowners are sitting on trillions in cash The amount of home equity borrowers now have at their disposal reached an all-time high in the third quarter of 2017. Approximately 80 percent of homeowners now have tappable equity, cash which could fuel the economy. Under the new Republican tax law, the interest paid on home equity lines of credit is no longer deductible. 1 Hour Ago | 01:32 \nA growing number of homeowners are in the money — big money. \nThe amount of home equity borrowers now have at their disposal reached an all-time high in the third quarter of last year. The 42 million homeowners with mortgages have a collective $5.5 trillion in \"tappable\" equity, according to Black Knight Data & Analytics, which studies the mortgage industry. \nThis is $3 trillion more than they had when the housing market last bottomed in 2012, after the financial crisis. Black Knight defines tappable equity as the amount available for homeowners to borrow before reaching 80 percent of debt to value against their home. \nFollowing the housing crash, millions of borrowers fell underwater on their mortgages, owing more than their homes were worth. Fast-rising home prices over the last two years have brought borrowers above water and beyond. Approximately 80 percent of homeowners now have equity they can use, cash which could fuel the economy. Just 2.7 percent of borrowers, or about 1.36 million, still owe more on their mortgages than their homes are worth. \"HELOC's are very popular, but they recently lost a major benefit.\" \nGenerally, there are two ways to take cash out of an equity-rich home. \nOne is to refinance the original mortgage to a larger loan. This could possibly change the interest rate on the loan. The other way is to take out a second loan, either a home equity mortgage, which is a lump sum, or a home equity line of credit (HELOC), which is essentially like a checking account on your home. \nHELOCs are very popular, but they recently lost a major benefit. Under the new Republican tax law, the interest paid on these loans is no longer deductible . Borrowers used to be able to deduct interest paid on up to $100,000 in home equity loan debt. \nFor primary loans, mortgage borrowers can still deduct the interest paid on up to $750,000 worth of mortgage debt, down from $1 million under the previous tax code. That raises the question of whether it is better just to do a cash-out refinance instead. \n\"Homeowners who will still itemize under the new tax plan will likely find the lack of deductibility of HELOC interest swings the value pendulum towards cash-out refinances as a way to tap their equity,\" said Ben Graboske, executive vice president of Black Knight. \n\"This is particularly true for those with low first-lien balances drawing greater amounts of equity. On the other hand, for those with high first-lien balances drawing low volumes of equity, the math still tends to favor HELOCs.\" show chapters 2:18 PM ET Wed, 20 Dec 2017 | 02:43 \nWith mortgage rates currently lower than they were a year ago, cash-out refinances have been growing in popularity. \nBorrowers doing cash-out refinances withdrew $68,000 in equity on average for a total of $26 billion in the third quarter of last year. Cash-outs now account for 62 percent of all refinances, but it is still far far less than during the housing boom in 2005, when borrowers were essentially using their homes as cash machines. \n\"The Great Recession wasn't all that long ago, and the memory is likely still in the backs of minds of both lenders and borrowers alike,\" Graboske said. \nLenders are considerably more risk averse today, so mortgage underwriting is much more strict. Borrowers are exhibiting more restraint as well, in terms of both deciding whether or not to tap into that available equity, and if so, how much, according to Graboske. \nThere is also the possibility that home values in some regions most affected by the new tax law could fall, causing homeowners to lose some of this new-found equity. \nHomeowners can now only deduct $10,000 in property taxes. In high tax states, that could put downward pressure on home values. Homeowners with loans of more than $750,000, who are currently grandfathered into the $1 million mortgage deduction cap, should consult their tax advisors as to whether a cash-out refinance would change their status.The law is currently unclear on that point. Diana Olick CNBC Real Estate Reporter Playing ", "external_links": [], "published": "2018-01-08T17:16:00.000+02:00", "crawled": "2018-01-08T17:32:16.000+02:00", "highlightTitle": ""}