{"organizations": [], "uuid": "7d9f12a369d0f27c9d48d5e5dae24945a36c5320", "thread": {"social": {"gplus": {"shares": 0}, "pinterest": {"shares": 0}, "vk": {"shares": 0}, "linkedin": {"shares": 0}, "facebook": {"likes": 0, "shares": 0, "comments": 0}, "stumbledupon": {"shares": 0}}, "site_full": "www.cnbc.com", "main_image": "https://fm.cnbc.com/applications/cnbc.com/resources/img/editorial/2018/01/17/104950877-GettyImages-880534636.1910x1000.jpg", "site_section": "http://www.cnbc.com/id/19746125/device/rss/rss.xml", "section_title": "Top News and Analysis (pro)", "url": "https://www.cnbc.com/2018/01/17/bitcoin-tests-important-price-level-after-dramatic-plunge.html", "country": "US", "domain_rank": 767, "title": "Bitcoin tests important price level after dramatic plunge", "performance_score": 0, "site": "cnbc.com", "participants_count": 0, "title_full": "", "spam_score": 0.0, "site_type": "blogs", "published": "2018-01-17T21:07:00.000+02:00", "replies_count": 0, "uuid": "7d9f12a369d0f27c9d48d5e5dae24945a36c5320"}, "author": "", "url": "https://www.cnbc.com/2018/01/17/bitcoin-tests-important-price-level-after-dramatic-plunge.html", "ord_in_thread": 0, "title": "Bitcoin tests important price level after dramatic plunge", "locations": [], "entities": {"persons": [], "locations": [], "organizations": []}, "highlightText": "", "language": "english", "persons": [], "text": "While bitcoin may look like it will continue to crash and burn, its chart suggests it could be trying to find at least a temporary price floor.\nTechnical analysts say it's way too soon to say whether the price of the cryptocurrency is bottoming, after its stunning collapse, but they are watching the 100-day moving average on the bitcoin chart.\nBitcoin prices, and therefore charts, vary, but the technicians put the 100-day moving average right around $10,000. Bitcoin fell through that level on Wednesday. Other data puts the 100-day closer to $9,000. According to CNBC.com's chart, Bitcoin hit a low Wednesday of $9,230, less than half its all-time high reached in December. It was just above $10,000 in afternoon trading, down about 13.5 percent.\n\"It held the 100-day, which it hasn't been below in over two years,\" said T3Live.com partner Scott Redler, who follows short term technicals.\n\"Bitcoin is testing an important level….Bitcoin is searching for a spot to find support. It seems to have found it at the 100-day which it has for the past two years or so. The question is what type of bounce,\" he said. \"Now the 50 day which has been support for the past year could now pose as resistance.\"\nThe 50-day moving average is just around $14,500, according to Redler's chart. Redler uses Tradeview data.\n\"So if the bounce is 'feeble' off the 100-day, the 200-day is usually the likely spot. We'll see if the 50-day that was support for the past year turns into resistance,\" he said. The 200-day moving average is around $7,100.\nRedler said bitcoin's chart had flashed a major warning.\n\"I was very cautious on it when it broke $17,000 because it broke the momentum trend ,\" he said, adding it is looking to be at a more constructive level now.\n\nSource: T3Live.com", "external_links": [], "published": "2018-01-17T21:07:00.000+02:00", "crawled": "2018-01-17T21:20:04.038+02:00", "highlightTitle": ""}