{"organizations": [], "uuid": "31440cac1a2c96c3e879e578f985db22d40204de", "thread": {"social": {"gplus": {"shares": 0}, "pinterest": {"shares": 0}, "vk": {"shares": 0}, "linkedin": {"shares": 0}, "facebook": {"likes": 0, "shares": 0, "comments": 0}, "stumbledupon": {"shares": 0}}, "site_full": "www.cnbc.com", "main_image": "https://fm.cnbc.com/applications/cnbc.com/resources/img/editorial/2018/01/10/104939623-4ED2-ASB-MarkJolley-011018.600x400.jpg", "site_section": "http://www.cnbc.com/id/10000018/device/rss", "section_title": "China", "url": "https://www.cnbc.com/video/2018/01/10/china-has-very-little-option-but-to-hold-us-treasurys.html", "country": "US", "domain_rank": 767, "title": "China has 'very little' option but to hold US Treasurys", "performance_score": 0, "site": "cnbc.com", "participants_count": 0, "title_full": "", "spam_score": 0.0, "site_type": "blogs", "published": "2018-01-10T08:48:00.000+02:00", "replies_count": 0, "uuid": "31440cac1a2c96c3e879e578f985db22d40204de"}, "author": "", "url": "https://www.cnbc.com/video/2018/01/10/china-has-very-little-option-but-to-hold-us-treasurys.html", "ord_in_thread": 0, "title": "China has 'very little' option but to hold US Treasurys", "locations": [], "entities": {"persons": [], "locations": [{"name": "china", "sentiment": "none"}], "organizations": [{"name": "us treasurys", "sentiment": "negative"}, {"name": "us treasurys china", "sentiment": "negative"}]}, "highlightText": "", "language": "english", "persons": [], "text": "China has 'very little' option but to hold US Treasurys 1:48 AM ET Wed, 10 Jan 2018 Mark Jolley of CCB International Securities says China's management of FX reserves means buying U.S. Treasurys.", "external_links": [], "published": "2018-01-10T08:48:00.000+02:00", "crawled": "2018-01-11T07:19:37.020+02:00", "highlightTitle": ""}