{"organizations": [], "uuid": "bbba23f560a0d77892c10cf6fbc62d7734a1ffde", "thread": {"social": {"gplus": {"shares": 0}, "pinterest": {"shares": 0}, "vk": {"shares": 0}, "linkedin": {"shares": 0}, "facebook": {"likes": 1, "shares": 1, "comments": 0}, "stumbledupon": {"shares": 0}}, "site_full": "www.cnbc.com", "main_image": "https://fm.cnbc.com/applications/cnbc.com/resources/img/editorial/2018/01/08/104934803-2ED2-MM-Block-A-short-010818.600x400.jpg", "site_section": "http://www.cnbc.com/id/10001135/device/rss/rss.html", "section_title": "Stock Picks", "url": "https://www.cnbc.com/video/2018/01/08/4-things-will-push-stocks-higher.html", "country": "US", "domain_rank": 767, "title": "4 things will push stocks higher", "performance_score": 0, "site": "cnbc.com", "participants_count": 0, "title_full": "", "spam_score": 0.0, "site_type": "blogs", "published": "2018-01-09T02:15:00.000+02:00", "replies_count": 0, "uuid": "bbba23f560a0d77892c10cf6fbc62d7734a1ffde"}, "author": "", "url": "https://www.cnbc.com/video/2018/01/08/4-things-will-push-stocks-higher.html", "ord_in_thread": 0, "title": "4 things will push stocks higher", "locations": [], "entities": {"persons": [], "locations": [], "organizations": []}, "highlightText": "", "language": "english", "persons": [], "text": "4 things will push stocks higher 19 Hours Ago Jim Cramer explained how index funds, stock shortages, tax cuts and low valuations all coalesce to drive stocks higher.", "external_links": [], "published": "2018-01-09T02:15:00.000+02:00", "crawled": "2018-01-09T09:41:27.209+02:00", "highlightTitle": ""}