{"organizations": [], "uuid": "3f5ae223bcb4ce60b8a7dd66136d69f99b3fd4e0", "thread": {"social": {"gplus": {"shares": 0}, "pinterest": {"shares": 0}, "vk": {"shares": 0}, "linkedin": {"shares": 0}, "facebook": {"likes": 0, "shares": 0, "comments": 0}, "stumbledupon": {"shares": 0}}, "site_full": "www.cnbc.com", "main_image": "https://fm.cnbc.com/applications/cnbc.com/resources/img/editorial/2017/09/01/104685894-Royal-Caribbean-Ultimate-Abyss-entrance..1910x1000.jpg", "site_section": "http://www.cnbc.com/id/19746125/device/rss/rss.xml", "section_title": "Top News and Analysis (pro)", "url": "https://www.cnbc.com/2018/01/24/cruise-operator-royal-caribbean-results-beat-on-higher-on-board-spending.html", "country": "US", "domain_rank": 767, "title": "Cruise operator Royal Caribbean to give workers a 5 percent equity bonus after hitting its performance goals", "performance_score": 0, "site": "cnbc.com", "participants_count": 0, "title_full": "", "spam_score": 0.0, "site_type": "blogs", "published": "2018-01-24T16:23:00.000+02:00", "replies_count": 0, "uuid": "3f5ae223bcb4ce60b8a7dd66136d69f99b3fd4e0"}, "author": "", "url": "https://www.cnbc.com/2018/01/24/cruise-operator-royal-caribbean-results-beat-on-higher-on-board-spending.html", "ord_in_thread": 0, "title": "Cruise operator Royal Caribbean to give workers a 5 percent equity bonus after hitting its performance goals", "locations": [], "entities": {"persons": [{"name": "roya", "sentiment": "negative"}], "locations": [{"name": "u.s.", "sentiment": "none"}, {"name": "caribbean", "sentiment": "none"}, {"name": "miami", "sentiment": "none"}], "organizations": [{"name": "royal caribbean", "sentiment": "negative"}, {"name": "royal caribbean entrance", "sentiment": "negative"}, {"name": "royal caribbean cruises", "sentiment": "none"}]}, "highlightText": "", "language": "english", "persons": [], "text": "After achieving its ambitious three-year goals to double earnings and record a double-digit return on invested capital, Royal Caribbean Cruises on Wednesday told employees they will receive 5 percent bonuses.\nEmployees will receive equity awards equal to five percent of their 2017 salaries in what it called the \"Thank You, Thank You Bonus.\" The awards, which vest over three years, will go to the company's 66,000 employees, excluding corporate officers.\nIn addition to the five percent equity awards, the company said it will contribute to a fund that upgrades crew living and recreational areas.\nRoyal Caribbean Cruises reported fourth-quarter profit and revenue that beat Wall Street estimates, helped by higher onboard spending and lower cruise operating expenses in the crucial holiday season.\nHowever, the No. 2 U.S. cruise operator's 2018 first quarter earnings per share forecast of 95 cents fell short of the average analyst estimate of $1.02.\nShares of the Miami, Florida-based company which is set to debut the world's largest cruise ship, Symphony of the Seas, rose 1 percent to $128.50 in premarket trading.\nThe company's onboard revenue, which makes up more than one-fourth of its total revenue, rose 5 percent to 584.1 million in the quarter.\nNet income attributable to the company's shareholders rose to $288 million, or $1.34 per share, in the quarter ended Dec. 31 from $261.1 million, or $1.21 per share, a year earlier.\nExcluding items, the company earned $1.34 per share. Analysts on average had expected a profit of $1.20 per share, according to Thomson Reuters I/B/E/S.\nNet revenue rose 10 percent in the quarter to $2 billion, beating the analyst average estimate of $1.97 billion.", "external_links": [], "published": "2018-01-24T16:23:00.000+02:00", "crawled": "2018-01-24T16:37:25.010+02:00", "highlightTitle": ""}