{"organizations": [], "uuid": "68b354453203e013eebbc741ccae83d2ec73ab5b", "thread": {"social": {"gplus": {"shares": 0}, "pinterest": {"shares": 0}, "vk": {"shares": 0}, "linkedin": {"shares": 0}, "facebook": {"likes": 0, "shares": 0, "comments": 0}, "stumbledupon": {"shares": 0}}, "site_full": "www.cnbc.com", "main_image": "https://fm.cnbc.com/applications/cnbc.com/resources/img/editorial/2018/01/09/104937100-3ED3-FM-RENAULT-NISSAN-010918.600x400.jpg", "site_section": "http://www.cnbc.com/id/10001135/device/rss/rss.html", "section_title": "Stock Picks", "url": "https://www.cnbc.com/video/2018/01/09/renault-nissan-mitsubishi-launches-vc-fund-alliance.html", "country": "US", "domain_rank": 767, "title": "Renault-Nissan-Mitsubishi launches VC fund alliance", "performance_score": 0, "site": "cnbc.com", "participants_count": 0, "title_full": "", "spam_score": 0.0, "site_type": "blogs", "published": "2018-01-10T00:23:00.000+02:00", "replies_count": 0, "uuid": "68b354453203e013eebbc741ccae83d2ec73ab5b"}, "author": "", "url": "https://www.cnbc.com/video/2018/01/09/renault-nissan-mitsubishi-launches-vc-fund-alliance.html", "ord_in_thread": 0, "title": "Renault-Nissan-Mitsubishi launches VC fund alliance", "locations": [], "entities": {"persons": [{"name": "jon fortt", "sentiment": "negative"}], "locations": [], "organizations": [{"name": "cnbc", "sentiment": "negative"}]}, "highlightText": "", "language": "english", "persons": [], "text": "Renault-Nissan-Mitsubishi launches VC fund alliance 1 Hour Ago CNBC's Jon Fortt reports on Renault-Nissan-Mitsubishi launching a venture capital fund that will invest $1 billion over 5 years.", "external_links": [], "published": "2018-01-10T00:23:00.000+02:00", "crawled": "2018-01-10T01:40:07.015+02:00", "highlightTitle": ""}