{"organizations": [], "uuid": "4b2422270a1a0ef87596317c3695a15fa4d0f253", "thread": {"social": {"gplus": {"shares": 0}, "pinterest": {"shares": 0}, "vk": {"shares": 0}, "linkedin": {"shares": 0}, "facebook": {"likes": 0, "shares": 0, "comments": 0}, "stumbledupon": {"shares": 0}}, "site_full": "www.cnbc.com", "main_image": "https://fm.cnbc.com/applications/cnbc.com/resources/img/editorial/2018/01/16/104947396-3ED3-SBEU-011618-PatArmstrong.600x400.jpg", "site_section": "http://www.cnbc.com/id/10000018/device/rss", "section_title": "China", "url": "https://www.cnbc.com/video/2018/01/16/trump-moving-from-rhetoric-into-real-policy-is-one-of-2018s-biggest-risks-pro.html", "country": "US", "domain_rank": 767, "title": "Trump moving from rhetoric into real policy is one of 2018's biggest risks: Pro", "performance_score": 0, "site": "cnbc.com", "participants_count": 0, "title_full": "", "spam_score": 0.0, "site_type": "blogs", "published": "2018-01-16T09:15:00.000+02:00", "replies_count": 0, "uuid": "4b2422270a1a0ef87596317c3695a15fa4d0f253"}, "author": "", "url": "https://www.cnbc.com/video/2018/01/16/trump-moving-from-rhetoric-into-real-policy-is-one-of-2018s-biggest-risks-pro.html", "ord_in_thread": 0, "title": "Trump moving from rhetoric into real policy is one of 2018's biggest risks: Pro", "locations": [], "entities": {"persons": [{"name": "trump", "sentiment": "negative"}], "locations": [], "organizations": []}, "highlightText": "", "language": "english", "persons": [], "text": "Trump moving from rhetoric into real policy is one of 2018's biggest risks: Pro 8 Hours Ago", "external_links": [], "published": "2018-01-16T09:15:00.000+02:00", "crawled": "2018-01-16T14:08:04.024+02:00", "highlightTitle": ""}