{"organizations": [], "uuid": "421b3432c95dc7e20723380025b9767be43dd0e4", "thread": {"social": {"gplus": {"shares": 0}, "pinterest": {"shares": 0}, "vk": {"shares": 0}, "linkedin": {"shares": 0}, "facebook": {"likes": 0, "shares": 0, "comments": 0}, "stumbledupon": {"shares": 0}}, "site_full": "www.cnbc.com", "main_image": "https://fm.cnbc.com/applications/cnbc.com/resources/img/editorial/2018/01/23/104962301-RTX4IM1G.1910x1000.jpg", "site_section": "http://www.cnbc.com/id/19746125/device/rss/rss.xml", "section_title": "Top News and Analysis (pro)", "url": "https://www.cnbc.com/2018/01/23/canada-agrees-to-sign-revised-tpp-and-hopes-to-persuade-trump-on-nafta.html", "country": "US", "domain_rank": 767, "title": "Canada agrees to sign revised TPP and hopes to persuade Trump on NAFTA", "performance_score": 0, "site": "cnbc.com", "participants_count": 0, "title_full": "", "spam_score": 0.0, "site_type": "blogs", "published": "2018-01-23T20:02:00.000+02:00", "replies_count": 0, "uuid": "421b3432c95dc7e20723380025b9767be43dd0e4"}, "author": "", "url": "https://www.cnbc.com/2018/01/23/canada-agrees-to-sign-revised-tpp-and-hopes-to-persuade-trump-on-nafta.html", "ord_in_thread": 0, "title": "Canada agrees to sign revised TPP and hopes to persuade Trump on NAFTA", "locations": [], "entities": {"persons": [{"name": "trump", "sentiment": "negative"}, {"name": "davos", "sentiment": "none"}, {"name": "justin trudeau", "sentiment": "none"}, {"name": "donald trump", "sentiment": "none"}, {"name": "trudeau", "sentiment": "none"}], "locations": [{"name": "canada", "sentiment": "none"}, {"name": "davos", "sentiment": "none"}, {"name": "u.s.", "sentiment": "none"}, {"name": "switzerland", "sentiment": "none"}], "organizations": [{"name": "nafta", "sentiment": "negative"}, {"name": "world economic forum", "sentiment": "none"}]}, "highlightText": "", "language": "english", "persons": [], "text": "Taxes Canada agrees to sign revised TPP and hopes to persuade Trump on NAFTA During his appearance at Davos, Trudeau spent considerable time discussing the merits of international trade and condemning what he called \"anti-trade tendency in globalization.\" Canada announced it would join 10 other countries in signing a revised Trans-Pacific Partnership in March. Trudeau emphasized the importance of NAFTA and Canada's openness to including more nations in future trade deals. 3 Hours Ago | 00:56 \nPrime Minister Justin Trudeau said on Tuesday that Canada is working to persuade President Donald Trump that the North American Free Trade Agreement is in the interest of the U.S., Canada and the rest of the world. \n\"We are working very hard to make sure our neighbor to the south recognizes how good NAFTA is and that it has benefited not just our economy but his economy and the world's economy,\" Trudeau said at the World Economic Forum in Davos, Switzerland. \nCanada announced on Tuesday that, after a series of negotiations, it will join 10 other countries in signing a revised Trans-Pacific Partnership in March. \nThe deal, renamed Comprehensive and Progressive Agreement for Trans-Pacific Partnership, includes a renegotiated arrangement on autos with Japan and the suspension of intellectual property provisions that had been a concern for Canada. \nDuring his appearance at Davos, Trudeau spent considerable time discussing the merits of international trade. \n\"If we are going to push back against the anti-trade tendency in globalization that will leave us all worse off, we have to put the concerns and the well-being of our ordinary citizens at the center of what we are negotiating, and that is what 11 of us have been able to do with the CPTPP,\" Trudeau said. \n\"We are also very much open to more trade deals involving more people as long as it is in the best benefit of all of our citizens,\" he said. \n— Reuters contributed to this report. Chloe Aiello News Associate for CNBC.com Playing", "external_links": [], "published": "2018-01-23T20:02:00.000+02:00", "crawled": "2018-01-23T23:56:30.000+02:00", "highlightTitle": ""}