{"organizations": [], "uuid": "440e23e58f27ca31bfac70373fb0d179dcbff9d6", "thread": {"social": {"gplus": {"shares": 0}, "pinterest": {"shares": 0}, "vk": {"shares": 0}, "linkedin": {"shares": 0}, "facebook": {"likes": 0, "shares": 0, "comments": 0}, "stumbledupon": {"shares": 0}}, "site_full": "www.cnbc.com", "main_image": "https://fm.cnbc.com/applications/cnbc.com/resources/img/editorial/2017/12/18/104904769-RTX3O1LQ-_Donald-Trump_.1910x1000.jpg", "site_section": "http://www.cnbc.com/id/19746125/device/rss/rss.xml", "section_title": "Top News and Analysis (pro)", "url": "https://www.cnbc.com/2018/01/09/trump-to-attend-world-economic-forum-in-davos-white-house-confirms.html", "country": "US", "domain_rank": 767, "title": "Trump to attend World Economic Forum in Davos, White House confirms", "performance_score": 0, "site": "cnbc.com", "participants_count": 0, "title_full": "", "spam_score": 0.0, "site_type": "blogs", "published": "2018-01-09T18:53:00.000+02:00", "replies_count": 0, "uuid": "440e23e58f27ca31bfac70373fb0d179dcbff9d6"}, "author": "", "url": "https://www.cnbc.com/2018/01/09/trump-to-attend-world-economic-forum-in-davos-white-house-confirms.html", "ord_in_thread": 0, "title": "Trump to attend World Economic Forum in Davos, White House confirms", "locations": [], "entities": {"persons": [{"name": "trump", "sentiment": "negative"}, {"name": "donald trump", "sentiment": "negative"}, {"name": "kevin lamarque", "sentiment": "negative"}, {"name": "xi jinping", "sentiment": "none"}, {"name": "sarah sanders", "sentiment": "none"}], "locations": [{"name": "davos", "sentiment": "none"}, {"name": "mississippi", "sentiment": "none"}, {"name": "china", "sentiment": "none"}, {"name": "jackson", "sentiment": "none"}, {"name": "switzerland", "sentiment": "none"}], "organizations": [{"name": "reuters", "sentiment": "negative"}, {"name": "white house", "sentiment": "negative"}, {"name": "davos", "sentiment": "none"}, {"name": "world economic forum", "sentiment": "none"}, {"name": "trump", "sentiment": "none"}]}, "highlightText": "", "language": "english", "persons": [], "text": "President Donald Trump is planning on attending the World Economic Forum in Davos, Switzerland later this month.\nWhite House press secretary Sarah Sanders said in a statement that the president looks forward to \"promoting his policies to strengthen American businesses, American industries, and American workers.\"\nTrump, who employed anti-globalization rhetoric on the campaign, did not attend the event last year. Instead, Davos regular Anthony Scaramucci represented the incoming administration at the annual gathering of elites in the Swiss mountains.\nDespite his absence, the then-president-elect's shadow loomed large over Davos in 2017.\nWithout mentioning Trump by name, China President Xi Jinping made a widely attended speech arguing that globalization has fueled global growth , and should not be blamed for the world's problems. Xi also asserted that a global trade war would have no winners.\nFollowing Xi's speech, Scaramucci also sought to calm trade war anxieties and said that China and the U.S. have a \"common cause.\" He said that the U.S. does want \"free and fair trade.\"\n\"All we're asking for now is to create more symmetry in these trade agreements,\" Scaramucci said.\nTrump's attendance this year comes as the president continues to characterize America's relationship with other leading economies as a \" very one-sided and unfair one \" and \"just not sustainable.\"\nThe U.S. president has repeatedly called for reform to shrink the \"huge\" annual trade deficit, including a November speech in Beijing where he shared the stage with Xi.\n— CNBC's Everett Rosenfeld, Matt Clinch and Arjun Kharpal contributed to this report.", "external_links": [], "published": "2018-01-09T18:53:00.000+02:00", "crawled": "2018-01-09T19:08:57.000+02:00", "highlightTitle": ""}