{"organizations": [], "uuid": "77db0c18e22cce1f386fb05e6b532c5cb028392a", "thread": {"social": {"gplus": {"shares": 0}, "pinterest": {"shares": 0}, "vk": {"shares": 0}, "linkedin": {"shares": 0}, "facebook": {"likes": 0, "shares": 0, "comments": 0}, "stumbledupon": {"shares": 0}}, "site_full": "www.cnbc.com", "main_image": "https://fm.cnbc.com/applications/cnbc.com/resources/img/editorial/2014/11/19/102201890-163943747.1910x1000.jpg", "site_section": "http://www.cnbc.com/id/19746125/device/rss/rss.xml#", "section_title": "Top News and Analysis (pro)", "url": "https://www.cnbc.com/2018/01/25/cramers-top-investing-rules-for-bulls-bears-and-everyone-in-between.html", "country": "US", "domain_rank": 767, "title": "Cramer's top 2 investing rules for bulls, bears and everyone in between", "performance_score": 0, "site": "cnbc.com", "participants_count": 0, "title_full": "", "spam_score": 0.0, "site_type": "blogs", "published": "2018-01-26T01:06:00.000+02:00", "replies_count": 0, "uuid": "77db0c18e22cce1f386fb05e6b532c5cb028392a"}, "author": "", "url": "https://www.cnbc.com/2018/01/25/cramers-top-investing-rules-for-bulls-bears-and-everyone-in-between.html", "ord_in_thread": 0, "title": "Cramer's top 2 investing rules for bulls, bears and everyone in between", "locations": [], "entities": {"persons": [{"name": "cramer", "sentiment": "negative"}, {"name": "jim cramer", "sentiment": "negative"}], "locations": [], "organizations": [{"name": "mins ago cnbc.com  cnbc", "sentiment": "neutral"}]}, "highlightText": "", "language": "english", "persons": [], "text": "CNBC's Jim Cramer knows that he constantly repeats the same old investing rules, but it's because rules mean discipline, and discipline always trumps conviction.\n\"One thing I've learned in my investing career: no matter how much you might believe in something, you violate the rules of the road at your own peril,\" the \" Mad Money \" host said.\nInvesting rules aren't easy to spot. They're not like the laws of physics, which can be deduced by observing the way the world works. The market is a beast of its own, and rules come from experience.\nCramer's nearly 40 years in the business have taught him some important lessons, lessons that he's made into rules for all the homegamers interested in buying stocks.\nSome lessons he learned the hard way. At his old hedge fund, he'd occasionally convince himself that it was OK to make an exception to his rules, only to get burned in the end.\n\"It's like that old joke about the guy who goes to the doctor and says, 'Doctor, doctor, it hurts when I stretch out and shake my hand around,' to which the doctor replies, 'Then don't do that,'\" Cramer said.\nWhat's Cramer's No. 1 rule for investing? It might ring a bell: Bulls make money, bears make money, and pigs get slaughtered.\nIt's not unusual to see investors in a bull market get \"intoxicated with their gains,\" he said. But it's exactly at that point that they need to remember not to be pigs.\nCramer learned this one the hard way. When he worked at the trading desk of Michael Steinhardt's hedge fund, the legendary investor told him not to be a pig after he'd racked up a major gain.\n\"I had no idea what he was talking about,\" Cramer said. \"Of course, not that long after, we got a vicious sell-off and I gave back everything I made and then some.\"\nThis is Cramer's No. 1 rule because, above all else, it helps investors stay in the game. From the 2000 dotcom bubble bust to the 2008 financial crisis, 'piggish' buyers got slaughtered, but less greedy investors managed to cut their losses.\nOne of the hardest things about investing is holding on in the face of big declines or market chaos, but short-term pain often translates into long-term gains.\n\"Being cautious and ringing the register near tops ended up keeping you in the game,\" Cramer said. \"Because you never know when stocks you own are going to really get crushed. You never know when the market could be just annihilated. You can't have certainty. If you assume stocks will keep going up forever in a straight line, I think you're going to be in for a world of hurt.\"\nRule No. 2? Don't shirk the tax man.\n\"Look, no one has ever liked paying taxes,\" the \"Mad Money\" host acknowledged. \"But, like death, taxes are inevitable and unavoidable.\"\nSo many investors are loath to pay taxes on their winnings, but Cramer has seen some market players incur serious losses by waiting too long to write a check to Uncle Sam.\nThe fact is, some gains are unsustainable and should be booked quickly, no matter the cost, Cramer said. Taking some profits won't set you back dramatically: It'll keep your portfolio safe.\nThe bottom line? Bulls make money, bears make money, and, well, you know the rest.\n\"Don't be greedy,\" Cramer concluded. \"And a variation on that theme: it's okay to pay the taxes — don't be so worried about taking a taxable profit, because you may end up with no profit at all.\"\nWATCH: Cramer's top 2 investing rules show chapters Cramer's top 2 investing rules for bulls, bears and everyone in between 19 Hours Ago | 14:10 ", "external_links": [], "published": "2018-01-26T01:06:00.000+02:00", "crawled": "2018-01-26T01:32:59.003+02:00", "highlightTitle": ""}