{"organizations": [], "uuid": "838989c5ef0bc65f42ee71391ee9f9e43d288abb", "thread": {"social": {"gplus": {"shares": 0}, "pinterest": {"shares": 0}, "vk": {"shares": 0}, "linkedin": {"shares": 0}, "facebook": {"likes": 0, "shares": 0, "comments": 0}, "stumbledupon": {"shares": 0}}, "site_full": "www.cnbc.com", "main_image": "https://fm.cnbc.com/applications/cnbc.com/resources/img/editorial/2018/01/17/104949722-3ED2-EUR-VladimirKrulj-011618.600x400.jpg", "site_section": "http://www.cnbc.com/id/10000018/device/rss", "section_title": "China", "url": "https://www.cnbc.com/video/2018/01/17/chinese-investments-have-had-a-positive-impact-on-serbia-former-government-advisor.html", "country": "US", "domain_rank": 767, "title": "Chinese investments have had a positive impact on Serbia: Former government advisor", "performance_score": 0, "site": "cnbc.com", "participants_count": 0, "title_full": "", "spam_score": 0.0, "site_type": "blogs", "published": "2018-01-17T09:06:00.000+02:00", "replies_count": 0, "uuid": "838989c5ef0bc65f42ee71391ee9f9e43d288abb"}, "author": "", "url": "https://www.cnbc.com/video/2018/01/17/chinese-investments-have-had-a-positive-impact-on-serbia-former-government-advisor.html", "ord_in_thread": 0, "title": "Chinese investments have had a positive impact on Serbia: Former government advisor", "locations": [], "entities": {"persons": [{"name": "dimir krulj", "sentiment": "none"}], "locations": [{"name": "serbia", "sentiment": "none"}, {"name": "europe", "sentiment": "none"}], "organizations": []}, "highlightText": "", "language": "english", "persons": [], "text": "Chinese investments have had a positive impact on Serbia: Former government advisor 13 Hours Ago Vladimir Krulj, former special economic advisor to the Serbian government, speaks about Chinese investment in central Europe.", "external_links": [], "published": "2018-01-17T09:06:00.000+02:00", "crawled": "2018-01-17T22:30:49.058+02:00", "highlightTitle": ""}