{"organizations": [], "uuid": "f3eec6800f554fbd79107fbe2f157b4e9f3e5d84", "thread": {"social": {"gplus": {"shares": 0}, "pinterest": {"shares": 0}, "vk": {"shares": 0}, "linkedin": {"shares": 0}, "facebook": {"likes": 0, "shares": 0, "comments": 0}, "stumbledupon": {"shares": 0}}, "site_full": "www.cnbc.com", "main_image": "//sc.cnbcfm.com/applications/cnbc.com/staticcontent/img/cnbc_logo.gif", "site_section": "http://search.cnbc.com/rs/search/all/view.rss?partnerId=2000&keywords=agriculture&sort=date&minimumrelevance=0.2&pubtime=30&pubfreq=d&categories=exclude", "section_title": "CNBC.com", "url": "https://www.cnbc.com/2018/01/08/reuters-america-update-1-trump-tells-farmers-he-supports-crop-insurance.html", "country": "US", "domain_rank": 767, "title": "UPDATE 1-Trump tells farmers he supports crop insurance", "performance_score": 0, "site": "cnbc.com", "participants_count": 0, "title_full": "", "spam_score": 0.0, "site_type": "blogs", "published": "2018-01-09T00:49:00.000+02:00", "replies_count": 0, "uuid": "f3eec6800f554fbd79107fbe2f157b4e9f3e5d84"}, "author": "", "url": "https://www.cnbc.com/2018/01/08/reuters-america-update-1-trump-tells-farmers-he-supports-crop-insurance.html", "ord_in_thread": 0, "title": "UPDATE 1-Trump tells farmers he supports crop insurance", "locations": [], "entities": {"persons": [], "locations": [], "organizations": []}, "highlightText": "", "language": "english", "persons": [], "text": "UPDATE 1-Trump tells farmers he supports crop insurance Jeff Mason Reuters SHARES \n(Recasts to add farm bill and crop insurance, changes to show Trump signed executive order, adds reaction) \nNASHVILLE, Jan 8 (Reuters) - U.S. President Donald Trump on Monday told farmers gathered in Tennessee that he supports crop insurance, signaling a possible shift from his proposals last year to shrink a program that many farmers rely on for funding their operations. \nSpeaking at the American Farm Bureau's annual convention, Trump said Congress would include the subsidies for crop insurance premiums in the upcoming \"farm bill\" that directs billions of dollars each year to agriculture, nutrition, food and land-conservation programs. \nIm looking forward to working with Congress to pass the farm bill on time so that it delivers for all of you and I support a bill that includes crop insurance,\" Trump said after noting Senate Agriculture Committee Chairman Pat Roberts was in attendance. Were working hard on the farm bill and I think its going to go well. \nIn May Trump angered farm groups, which represent the rural voters who generally support his Republican Party, when he proposed cutting $46.54 billion in federal agricultural funding, mostly by capping the amount the government chips in toward crop insurance. There currently is no limit to the support the government gives farmers for insurance premiums. \nTrump, who swept Tennessee in the 2016 election, also signed an executive order after the speech to make it easier for the private sector to locate broadband infrastructure on federal land and buildings, part of a push to expand high-speed internet in rural America. Faster internet speeds in rural areas are often considered key to addressing the economic divide between rural and urban America, but the costs have so far been prohibitive. \nAbout 39 percent of rural Americans lack access to high- speed internet service, the Federal Communications Commission said in a 2016 report. \n\"We need to get rural America more connected. We need it for our tractors, we need it for our schools, we need it for our home-based businesses,\" a White House official told reporters ahead of Trump's speech. \nThe White House described the moves as an incremental step to help spur private development while the administration figures out how it can help with funding, something that could become part of Trump's plan to invest in infrastructure. \nThe CEO of the leading telecommunications trade group in the country, Jonathan Spalter, said USTelecom would push to ensure the government sets aside money for helping build and upgrade network infrastructure, as well as dismantling and streamlining regulations. (Additional reporting by Eric Beech, Lisa Lambert and Roberta Rampton in Washington; Editing by Lisa Shumaker)", "external_links": [], "published": "2018-01-09T00:49:00.000+02:00", "crawled": "2018-01-09T10:15:50.798+02:00", "highlightTitle": ""}