{"organizations": [], "uuid": "0c0186b6d7b10fc8b79e68e04ced9e9b9d54aef5", "thread": {"social": {"gplus": {"shares": 0}, "pinterest": {"shares": 0}, "vk": {"shares": 0}, "linkedin": {"shares": 0}, "facebook": {"likes": 0, "shares": 0, "comments": 0}, "stumbledupon": {"shares": 0}}, "site_full": "www.cnbc.com", "main_image": "https://fm.cnbc.com/applications/cnbc.com/resources/img/editorial/2018/01/08/104933552-GettyImages-902243502.1910x1000.jpg", "site_section": "http://www.cnbc.com/id/19746125/device/rss/rss.xml#", "section_title": "Top News and Analysis (pro)", "url": "https://www.cnbc.com/2018/01/18/cramer-tracks-4-market-discrepancies-rates-trump-crypto-and-stocks.html", "country": "US", "domain_rank": 767, "title": "Cramer tracks 4 growing market discrepancies: Rates, Trump, cryptocurrencies and stocks", "performance_score": 0, "site": "cnbc.com", "participants_count": 0, "title_full": "", "spam_score": 0.0, "site_type": "blogs", "published": "2018-01-19T01:37:00.000+02:00", "replies_count": 0, "uuid": "0c0186b6d7b10fc8b79e68e04ced9e9b9d54aef5"}, "author": "", "url": "https://www.cnbc.com/2018/01/18/cramer-tracks-4-market-discrepancies-rates-trump-crypto-and-stocks.html", "ord_in_thread": 0, "title": "Cramer tracks 4 growing market discrepancies: Rates, Trump, cryptocurrencies and stocks", "locations": [], "entities": {"persons": [{"name": "cramer", "sentiment": "negative"}, {"name": "jim cramer", "sentiment": "negative"}], "locations": [{"name": "u.s.", "sentiment": "none"}], "organizations": [{"name": "cnbc", "sentiment": "negative"}, {"name": "trump", "sentiment": "negative"}]}, "highlightText": "", "language": "english", "persons": [], "text": "To CNBC's Jim Cramer, the story of this stock market seems to be all about \"cognitive dissonance.\"\n\"There's just so many examples of investors holding two contradictory opinions at the same time and it has a tendency to color the tape,\" the \" Mad Money \" host said on Thursday, pointing to four distinct examples.\n1. Rates The informal start to earnings season was led by the big banks, almost all of which issued their reports this week. Cramer noticed that in their conference calls, top executives touted how much money they can make when both short- and long-term interest rates are climbing .\n\"Makes sense — when rates go up, lending becomes more profitable for the banks,\" Cramer said. \"But just as we finally start to get some inflection in the yield curve, suddenly all kinds of commentators are bemoaning the potential consequences of higher long-term rates on the U.S. economy. How the heck is that possible?\"\nJust a few months ago, many of the same commentators were raising concerns about a flattening yield curve, the \"Mad Money\" host said. Now, they're insisting it's not flat enough.\n\"I'd say these so-called experts need to read the conference calls, but I suspect it wouldn't matter. Why the heck would you ever let the facts get in the way of a good negative story?\" he quipped.\n2. Trump President Donald Trump has easily become one of the country's, if not the world's, most controversial figures.\nThere are few places where that plays out more starkly than in the market. Trump supporters credit the president for a strong economy and surging stock market ; those who dislike him refuse to acknowledge the tangible effects of tax cuts and deregulation.\n\"That's a bad way to approach investing,\" Cramer said. \"You need to put aside your personal opinions. Even if you loathe Trump, even if you think he's an idiot, even if you view trickle-down economics as a toxic ideology, listen up: you have to be able to admit that his agenda has been very good for business and for your stocks.\"\n3. Cryptocurrencies Investors are head over heels for cryptocurrencies like bitcoin even though many of them are undergoing major, volatile swings in price , the \"Mad Money\" host said.\nAt the same time, they're ignoring stabler equities like stocks.\n\"If the cryptos keep crashing, that speculative money will have to go somewhere,\" Cramer said. \"I bet it will flood into stocks, mostly micro- and mini-capitalization companies that have about as much going for them as bitcoin. It will give those tiny stocks a huge boost, but [it's] not happening yet.\"\n4. Stocks Finally, Cramer sees dissonance in the overall market when it comes to individual stocks.\nA lack of initial public offerings (IPOs) and secondary offerings combined with increased share buybacks is reducing the amount of stock on the market, but exchange-traded funds continue to buy big swaths of stock all the same, he said.\nThat means that as stock-pickers seek to buy individual stocks, buyers from ETFs, index funds, hedge funds and other deep-pocketed institutions continually push prices higher, thus lowering the value for companies that don't consistently buy back their shares.\nFinal thoughts \"Put it all together and you can understand why this market has faced so much skepticism, pessimism, whatever you want to call it, cynicism, even as it keeps powering higher,\" the \"Mad Money\" host said. \"Gradually, the bears will be forced to acknowledge reality, and when they do, that's how you get another leg of upside.\"\nWATCH: Cramer finds 'cognitive dissonance' in the market show chapters Cramer tracks 4 growing market discrepancies: Rates, Trump, cryptocurrencies and stocks 20 Hours Ago | 07:55 Questions for Cramer?\nCall Cramer: 1-800-743-CNBC\nWant to take a deep dive into Cramer's world? Hit him up!\nMad Money Twitter - Jim Cramer Twitter - Facebook - Instagram - Vine\nQuestions, comments, suggestions for the \"Mad Money\" website? madcap@cnbc.com", "external_links": [], "published": "2018-01-19T01:37:00.000+02:00", "crawled": "2018-01-19T02:36:09.037+02:00", "highlightTitle": ""}