{"organizations": [], "uuid": "609fc12975206e473e31a7d554513ffea2ddeee2", "thread": {"social": {"gplus": {"shares": 0}, "pinterest": {"shares": 0}, "vk": {"shares": 0}, "linkedin": {"shares": 0}, "facebook": {"likes": 0, "shares": 0, "comments": 0}, "stumbledupon": {"shares": 0}}, "site_full": "www.wsj.com", "main_image": "http://m.wsj.net/video/20180104/010418irannext/010418irannext_1280x720.jpg", "site_section": "http://video-api.wsj.com/api-video/find_all_videos.asp?lang=en-us&groupid=4267&format=rss", "section_title": "WSJ Live Video", "url": "http://www.wsj.com/video/iran-protests-what-next/CE1D4F46-8F4F-48AE-8247-4FDAA1C37F98.html", "country": "US", "domain_rank": 387, "title": "Iran's Protests: What's Next?", "performance_score": 0, "site": "wsj.com", "participants_count": 0, "title_full": "", "spam_score": 0.0, "site_type": "blogs", "published": "2018-01-04T17:40:00.000+02:00", "replies_count": 0, "uuid": "609fc12975206e473e31a7d554513ffea2ddeee2"}, "author": "", "url": "http://www.wsj.com/video/iran-protests-what-next/CE1D4F46-8F4F-48AE-8247-4FDAA1C37F98.html", "ord_in_thread": 0, "title": "Iran's Protests: What's Next?", "locations": [], "entities": {"persons": [{"name": "karan deep singh", "sentiment": "none"}], "locations": [{"name": "iran", "sentiment": "none"}], "organizations": []}, "highlightText": "", "language": "english", "persons": [], "text": "Iran's Protests: What's Next? 1/4/2018 10:40AM People in Iran have demonstrated against the government in the biggest wave of protests to hit the country in almost a decade. Here's what could be next for Iran and what the unrest means for more than 80 million Iranians. Video: Karan Deep Singh / Photo: Getty Images ", "external_links": [], "published": "2018-01-04T17:40:00.000+02:00", "crawled": "2018-01-04T18:09:14.000+02:00", "highlightTitle": ""}