{"organizations": [], "uuid": "72c08f548d0e071ab54d0cd7fa4af13c3dcfa4b7", "thread": {"social": {"gplus": {"shares": 0}, "pinterest": {"shares": 0}, "vk": {"shares": 0}, "linkedin": {"shares": 0}, "facebook": {"likes": 7, "shares": 7, "comments": 0}, "stumbledupon": {"shares": 0}}, "site_full": "www.cnbc.com", "main_image": "", "site_section": "http://richinwriters.com/feed", "section_title": "RichInWriters.com", "url": "https://www.cnbc.com/2018/01/09/mudslide-and-rains-hit-fire-ravaged-california-bringing-new-round-of-danger.html", "country": "US", "domain_rank": 767, "title": "Mudslide and rains hit fire-ravaged California, bringing new round of danger", "performance_score": 0, "site": "cnbc.com", "participants_count": 1, "title_full": "", "spam_score": 0.0, "site_type": "blogs", "published": "2018-01-09T17:13:00.000+02:00", "replies_count": 0, "uuid": "72c08f548d0e071ab54d0cd7fa4af13c3dcfa4b7"}, "author": "anonymous Hipster", "url": "https://www.cnbc.com/2018/01/09/mudslide-and-rains-hit-fire-ravaged-california-bringing-new-round-of-danger.html", "ord_in_thread": 0, "title": "Mudslide and rains hit fire-ravaged California, bringing new round of danger", "locations": [], "entities": {"persons": [], "locations": [{"name": "california", "sentiment": "none"}, {"name": "southern california", "sentiment": "none"}, {"name": "northern california", "sentiment": "none"}, {"name": "ventura", "sentiment": "none"}, {"name": "santa barbara", "sentiment": "none"}], "organizations": []}, "highlightText": "", "language": "english", "persons": [], "text": "Authorities say five people have been killed by mudslides that have destroyed homes in Southern California.\nStorms dumping rain on the state have increased the risk of mudslides in communities already ravaged by fires.\nNorthern California was hit hardest Monday evening, while Southern California was bracing for the worst to arrive overnight.\nLAPD tweet \nBoth regions have been plagued by destructive wildfires.\nProperty owners stacked sandbags in devastated northern wine country areas where deadly fires struck in October and well over an inch of rain had fallen Monday night.\nTo the south in Santa Barbara and Ventura counties, evacuations were called for over 20,000 people in neighborhoods below hillsides left bare by the state's largest wildfire in history. Mud and debris flows are a serious threat.", "external_links": [], "published": "2018-01-09T17:13:00.000+02:00", "crawled": "2018-01-09T17:21:05.037+02:00", "highlightTitle": ""}