{"organizations": [], "uuid": "a23a2e41883d8e7ae28f928b3c3474faaed0aea1", "thread": {"social": {"gplus": {"shares": 0}, "pinterest": {"shares": 0}, "vk": {"shares": 0}, "linkedin": {"shares": 0}, "facebook": {"likes": 0, "shares": 0, "comments": 0}, "stumbledupon": {"shares": 0}}, "site_full": "www.cnbc.com", "main_image": "https://fm.cnbc.com/applications/cnbc.com/resources/img/editorial/2015/03/28/102543221-461762912.1910x1000.jpg", "site_section": "http://www.cnbc.com/id/19746125/device/rss/rss.xml#", "section_title": "Top News and Analysis (pro)", "url": "https://www.cnbc.com/2018/01/17/chinese-economy-china-capital-flows-stabilize-in-2017-fx-regulator.html", "country": "US", "domain_rank": 767, "title": "2017 marked a turning point for capital flows, China currency regulator says", "performance_score": 0, "site": "cnbc.com", "participants_count": 0, "title_full": "", "spam_score": 0.0, "site_type": "blogs", "published": "2018-01-18T05:30:00.000+02:00", "replies_count": 0, "uuid": "a23a2e41883d8e7ae28f928b3c3474faaed0aea1"}, "author": "", "url": "https://www.cnbc.com/2018/01/17/chinese-economy-china-capital-flows-stabilize-in-2017-fx-regulator.html", "ord_in_thread": 0, "title": "2017 marked a turning point for capital flows, China currency regulator says", "locations": [], "entities": {"persons": [{"name": "lucas schifres", "sentiment": "none"}, {"name": "wang chunying", "sentiment": "none"}], "locations": [{"name": "china", "sentiment": "none"}, {"name": "getty images  china", "sentiment": "none"}], "organizations": [{"name": "state administration of foreign exchange", "sentiment": "none"}, {"name": "u.s. federal reserve", "sentiment": "none"}, {"name": "federal reserve", "sentiment": "none"}]}, "highlightText": "", "language": "english", "persons": [], "text": "2017 marked a turning point for capital flows, China currency regulator says Chinese cross-border capital flows were virtually balanced in 2017, according to new data released Thursday The country's foreign exchange regulator said the data marks a turning point The trend is expected to continue into 2018 as the Federal Reserve's impact on China's capital flows wains Published 10 Hours Ago SHARES Lucas Schifres | Getty Images \nChina's cross-border capital flows reached a turning point last year as they became basically balanced compared to previous net outflows, the foreign exchange regulator said on Thursday. \nCross-border capital flows will remain largely steady in 2018 as the impact from the U.S. Federal Reserve's policy normalization on capital flows in China is weakening, Wang Chunying, spokeswomen for the State Administration of Foreign Exchange, told reporters.", "external_links": [], "published": "2018-01-18T05:30:00.000+02:00", "crawled": "2018-01-18T06:01:11.001+02:00", "highlightTitle": ""}