{"organizations": [], "uuid": "09cdb1789428be1c0aacc85efaf87c726c5dee53", "thread": {"social": {"gplus": {"shares": 0}, "pinterest": {"shares": 0}, "vk": {"shares": 0}, "linkedin": {"shares": 0}, "facebook": {"likes": 0, "shares": 0, "comments": 0}, "stumbledupon": {"shares": 0}}, "site_full": "www.cnbc.com", "main_image": "https://fm.cnbc.com/applications/cnbc.com/resources/img/editorial/2018/01/10/104938465-makeit_01082018_bajuelos_kevin_oleary_engagement_rings_mezz.600x400.jpg", "site_section": "http://www.cnbc.com/id/100004038/device/rss/rss.html", "section_title": "Latest Video", "url": "https://www.cnbc.com/video/2018/01/10/kevin-oleary-why-you-shouldnt-buy-an-engagement-ring.html", "country": "US", "domain_rank": 767, "title": "The surprising amount 'Shark Tank' investor Kevin O'Leary says you should spend on an engagement ring", "performance_score": 0, "site": "cnbc.com", "participants_count": 0, "title_full": "", "spam_score": 0.0, "site_type": "news", "published": "2018-01-10T18:07:00.000+02:00", "replies_count": 0, "uuid": "09cdb1789428be1c0aacc85efaf87c726c5dee53"}, "author": "", "url": "https://www.cnbc.com/video/2018/01/10/kevin-oleary-why-you-shouldnt-buy-an-engagement-ring.html", "ord_in_thread": 0, "title": "The surprising amount 'Shark Tank' investor Kevin O'Leary says you should spend on an engagement ring", "locations": [], "entities": {"persons": [{"name": "kevin o'leary", "sentiment": "negative"}], "locations": [], "organizations": [{"name": "shark tank", "sentiment": "negative"}]}, "highlightText": "", "language": "english", "persons": [], "text": "The surprising amount 'Shark Tank' investor Kevin O'Leary says you should spend on an engagement ring 58 Mins Ago \"Shark Tank\" investor Kevin O'Leary explains why he doesn't think you should spend money on buying an engagement ring if it will put you into debt. SHARES", "external_links": [], "published": "2018-01-10T18:07:00.000+02:00", "crawled": "2018-01-10T19:07:28.008+02:00", "highlightTitle": ""}