{"organizations": [], "uuid": "be807323fe064aad01451f36c4523ad06f1201f2", "thread": {"social": {"gplus": {"shares": 0}, "pinterest": {"shares": 0}, "vk": {"shares": 0}, "linkedin": {"shares": 0}, "facebook": {"likes": 0, "shares": 0, "comments": 0}, "stumbledupon": {"shares": 0}}, "site_full": "www.reuters.com", "main_image": "https://s4.reutersmedia.net/resources_v2/images/rcom-default.png", "site_section": "http://feeds.reuters.com/reuters/companyNews", "section_title": "Reuters: Company News", "url": "https://www.reuters.com/article/brief-argos-announces-15-million-equity/brief-argos-announces-1-5-million-equity-investment-by-lummy-ltd-idUSASB0C04E", "country": "US", "domain_rank": 408, "title": "BRIEF-Argos Announces $1.5 Million Equity Investment By Lummy (Hong Kong) Ltd", "performance_score": 0, "site": "reuters.com", "participants_count": 0, "title_full": "", "spam_score": 0.0, "site_type": "news", "published": "2018-01-08T15:42:00.000+02:00", "replies_count": 0, "uuid": "be807323fe064aad01451f36c4523ad06f1201f2"}, "author": "", "url": "https://www.reuters.com/article/brief-argos-announces-15-million-equity/brief-argos-announces-1-5-million-equity-investment-by-lummy-ltd-idUSASB0C04E", "ord_in_thread": 0, "title": "BRIEF-Argos Announces $1.5 Million Equity Investment By Lummy (Hong Kong) Ltd", "locations": [], "entities": {"persons": [{"name": "lummy", "sentiment": "negative"}], "locations": [{"name": "hong kong", "sentiment": "none"}, {"name": "hong kong", "sentiment": "none"}], "organizations": [{"name": "ltd", "sentiment": "negative"}, {"name": "hong kong) ltd reuters", "sentiment": "none"}, {"name": "reuters", "sentiment": "none"}, {"name": "eikon", "sentiment": "none"}, {"name": "argos therapeutics inc", "sentiment": "none"}]}, "highlightText": "", "language": "english", "persons": [], "text": "January 8, 2018 / 1:43 PM / Updated 16 minutes ago BRIEF-Argos Announces $1.5 Million Equity Investment By Lummy (Hong Kong) Ltd Reuters Staff 1 Min Read \nJan 8 (Reuters) - Argos Therapeutics Inc: \n* ARGOS ANNOUNCES $1.5 MILLION EQUITY INVESTMENT BY LUMMY (HONG KONG), LTD. Source text for Eikon: Further company coverage:", "external_links": [], "published": "2018-01-08T15:42:00.000+02:00", "crawled": "2018-01-08T16:12:20.041+02:00", "highlightTitle": ""}