{"organizations": [], "uuid": "40dca95c866b5737fde18b86dc747ed8b7f7d1b4", "thread": {"social": {"gplus": {"shares": 0}, "pinterest": {"shares": 0}, "vk": {"shares": 0}, "linkedin": {"shares": 0}, "facebook": {"likes": 0, "shares": 0, "comments": 0}, "stumbledupon": {"shares": 0}}, "site_full": "www.cnbc.com", "main_image": "//sc.cnbcfm.com/applications/cnbc.com/staticcontent/img/cnbc_logo.gif", "site_section": "http://www.cnbc.com/id/10000027", "section_title": "Press Releases - CNBC", "url": "http://www.cnbc.com/2018/01/04/pr-newswire-clorox-announces-feb-2-webcast-of-second-quarter-fiscal-year-2018-results.html", "country": "US", "domain_rank": 767, "title": "Clorox Announces Feb. 2 Webcast of Second-Quarter Fiscal Year 2018 Results", "performance_score": 0, "site": "cnbc.com", "participants_count": 1, "title_full": "", "spam_score": 0.002, "site_type": "news", "published": "2018-01-05T03:38:00.000+02:00", "replies_count": 0, "uuid": "40dca95c866b5737fde18b86dc747ed8b7f7d1b4"}, "author": "cnbc.com", "url": "http://www.cnbc.com/2018/01/04/pr-newswire-clorox-announces-feb-2-webcast-of-second-quarter-fiscal-year-2018-results.html", "ord_in_thread": 0, "title": "Clorox Announces Feb. 2 Webcast of Second-Quarter Fiscal Year 2018 Results", "locations": [], "entities": {"persons": [{"name": "brita", "sentiment": "none"}, {"name": "kingsford", "sentiment": "none"}, {"name": "burt", "sentiment": "none"}], "locations": [{"name": "calif.", "sentiment": "none"}, {"name": "oakland", "sentiment": "none"}, {"name": "hidden valley", "sentiment": "none"}], "organizations": [{"name": "clorox company", "sentiment": "negative"}, {"name": "clorox", "sentiment": "negative"}, {"name": "nyse", "sentiment": "negative"}, {"name": "clorox company the clorox company", "sentiment": "none"}]}, "highlightText": "", "language": "english", "persons": [], "text": "OAKLAND, Calif., Jan. 4, The Clorox Company (NYSE: CLX) announced today that it will host a live audio webcast of a discussion with the investment community about its second-quarter fiscal year 2018 results on Friday, Feb. 2.\nThe webcast is scheduled to begin at 10:30 a.m. PT (1:30 p.m. ET) and can be accessed at Clorox investor events . A replay of the webcast will be available on the company's website.\nThe Clorox Company\nThe Clorox Company (NYSE: CLX ) is a leading multinational manufacturer and marketer of consumer and professional products with more than 8,100 employees worldwide and fiscal year 2017 sales of $6 billion. Clorox markets some of the most trusted and recognized consumer brand names, including its namesake bleach and cleaning products; Pine-Sol ® cleaners; Liquid Plumr ® clog removers; Poett ® home care products; Fresh Step ® cat litter; Glad ® bags, wraps and containers; Kingsford ® charcoal; Hidden Valley ® dressings and sauces; Brita ® water-filtration products; Burt's Bees ® natural personal care products; and RenewLife ® digestive health products. The company also markets brands for professional services, including Clorox Healthcare® and Clorox Commercial Solutions ® . More than 80 percent of the company's sales are generated from brands that hold the No. 1 or No. 2 market share positions in their categories.\nClorox is a signatory of the United Nations Global Compact, a community of global leaders committed to sustainability. The company also has been broadly recognized for its corporate responsibility efforts, most notably receiving a Safer Choice Partner of the Year Award in 2016 and 2017 from the U.S. Environmental Protection Agency as well as being named to CR Magazine's 2017 Best Corporate Citizens list and included in the 2016 Newsweek Green Rankings. The Clorox Company and its foundations contributed about $11 million in combined cash grants, product donations and cause marketing in fiscal year 2017. For more information, visit TheCloroxCompany.com , including the Good Growth blog, and follow the company on Twitter at @CloroxCo.\nCLX-F\nView original content with multimedia: http://www.prnewswire.com/news-releases/clorox-announces-feb-2-webcast-of-second-quarter-fiscal-year-2018-results-300577994.html\nSOURCE The Clorox Company", "external_links": ["http://www.prnewswire.com/news-releases/clorox-announces-feb-2-webcast-of-second-quarter-fiscal-year-2018-results-300577994.html", "http://studio-5.financialcontent.com/prnews?Page=Quote&Ticker=CLX", "https://investors.thecloroxcompany.com/investors/news-and-events/events-and-presentations/default.aspx"], "published": "2018-01-05T03:38:00.000+02:00", "crawled": "2018-01-05T03:15:22.002+02:00", "highlightTitle": ""}