{"organizations": [], "uuid": "a342c852428fa9e6b0987720423ebf21ac2209a8", "thread": {"social": {"gplus": {"shares": 0}, "pinterest": {"shares": 0}, "vk": {"shares": 0}, "linkedin": {"shares": 0}, "facebook": {"likes": 0, "shares": 0, "comments": 0}, "stumbledupon": {"shares": 0}}, "site_full": "www.reuters.com", "main_image": "https://s4.reutersmedia.net/resources_v2/images/rcom-default.png", "site_section": "http://feeds.reuters.com/reuters/companyNews\r", "section_title": "Reuters: Company News", "url": "https://www.reuters.com/article/press-digest-wsj/press-digest-wall-street-journal-jan-3-idUSL4N1OY1NN", "country": "US", "domain_rank": 408, "title": "PRESS DIGEST -Wall Street Journal - Jan 3", "performance_score": 0, "site": "reuters.com", "participants_count": 0, "title_full": "", "spam_score": 0.0, "site_type": "news", "published": "2018-01-03T07:28:00.000+02:00", "replies_count": 0, "uuid": "a342c852428fa9e6b0987720423ebf21ac2209a8"}, "author": "", "url": "https://www.reuters.com/article/press-digest-wsj/press-digest-wall-street-journal-jan-3-idUSL4N1OY1NN", "ord_in_thread": 0, "title": "PRESS DIGEST -Wall Street Journal - Jan 3", "locations": [], "entities": {"persons": [{"name": "peter thiel", "sentiment": "none"}], "locations": [{"name": "u.s.", "sentiment": "none"}, {"name": "united states", "sentiment": "none"}, {"name": "china", "sentiment": "none"}, {"name": "uk", "sentiment": "none"}], "organizations": [{"name": "wall street journal", "sentiment": "negative"}, {"name": "diageo plc", "sentiment": "none"}, {"name": "bp plc", "sentiment": "none"}, {"name": "moneygram international inc", "sentiment": "none"}, {"name": "reuters", "sentiment": "none"}, {"name": "jack ma's ant financial services group", "sentiment": "none"}]}, "highlightText": "", "language": "english", "persons": [], "text": "January 3, 2018 / 5:29 AM / Updated an hour ago PRESS DIGEST -Wall Street Journal - Jan 3 Reuters Staff 2 Min Read \nJan 3 (Reuters) - The following are the top stories in the Wall Street Journal. Reuters has not verified these stories and does not vouch for their accuracy. \n- An American national-security panel refused to approve a deal for Chinese billionaire Jack Ma's Ant Financial Services Group to buy MoneyGram International Inc, the companies said, in the latest sign the United States is tightening scrutiny of investment from China at a time of greater tensions between the two countries. on.wsj.com/2CvnadJ \n- Founders Fund, the venture-capital firm co-founded by Peter Thiel, has bought large sums of bitcoin that are now worth hundreds of millions of dollars. on.wsj.com/2CuAT4n \n- BP PLC said it would take a roughly $1.5 billion accounting charge for its latest quarter related to the U.S. tax overhaul, though it added that a corporate tax cut would be a long-term positive. on.wsj.com/2CucOL3 \n- Diageo PLC is suspending all of its advertising on Snapchat after the UK advertising watchdog ruled that the alcohol giant didn't take sufficient care to ensure that a campaign from its Captain Morgan rum brand wasn't seen by users under the UK's legal drinking age of 18. on.wsj.com/2CwMf8k \n- Alexion Pharmaceuticals Inc said it will work with hedge fund Elliott Management Corp on filling an open board seat. The move comes as the rare-disease drugmaker has been facing pressure from the activist investor. on.wsj.com/2CvQwZk (Compiled by Bengaluru newsroom)", "external_links": [], "published": "2018-01-03T07:28:00.000+02:00", "crawled": "2018-01-03T07:50:09.016+02:00", "highlightTitle": ""}