{"organizations": [], "uuid": "5c9b85e268c1463ba3b908eabe7ac8857fe982da", "thread": {"social": {"gplus": {"shares": 0}, "pinterest": {"shares": 0}, "vk": {"shares": 0}, "linkedin": {"shares": 0}, "facebook": {"likes": 0, "shares": 0, "comments": 0}, "stumbledupon": {"shares": 0}}, "site_full": "www.cnbc.com", "main_image": "https://fm.cnbc.com/applications/cnbc.com/resources/img/editorial/2018/01/03/104925849-4ED1-SOTS-ProfitCramer-010318.600x400.jpg", "site_section": "http://www.cnbc.com/id/100004038/device/rss/rss.html", "section_title": "Latest Video", "url": "https://www.cnbc.com/video/2018/01/03/profit-taking-over-in-tech-as-nasdaq-hits-record-7000-jim-cramer.html", "country": "US", "domain_rank": 767, "title": "Profit-taking over in tech as Nasdaq hits record 7,000: Jim Cramer", "performance_score": 0, "site": "cnbc.com", "participants_count": 0, "title_full": "", "spam_score": 0.0, "site_type": "news", "published": "2018-01-03T16:05:00.000+02:00", "replies_count": 0, "uuid": "5c9b85e268c1463ba3b908eabe7ac8857fe982da"}, "author": "", "url": "https://www.cnbc.com/video/2018/01/03/profit-taking-over-in-tech-as-nasdaq-hits-record-7000-jim-cramer.html", "ord_in_thread": 0, "title": "Profit-taking over in tech as Nasdaq hits record 7,000: Jim Cramer", "locations": [], "entities": {"persons": [{"name": "jim cramer", "sentiment": "negative"}], "locations": [], "organizations": [{"name": "nasdaq", "sentiment": "negative"}]}, "highlightText": "", "language": "english", "persons": [], "text": "Profit-taking over in tech as Nasdaq hits record 7,000: Jim Cramer 4 Hours Ago", "external_links": [], "published": "2018-01-03T16:05:00.000+02:00", "crawled": "2018-01-03T18:12:08.003+02:00", "highlightTitle": ""}