{"organizations": [], "uuid": "898325a3d510e119373796a684eb5e29aa2d0de3", "thread": {"social": {"gplus": {"shares": 0}, "pinterest": {"shares": 0}, "vk": {"shares": 0}, "linkedin": {"shares": 0}, "facebook": {"likes": 0, "shares": 0, "comments": 0}, "stumbledupon": {"shares": 0}}, "site_full": "www.reuters.com", "main_image": "https://s4.reutersmedia.net/resources_v2/images/rcom-default.png", "site_section": "http://feeds.reuters.com/reuters/companyNews", "section_title": "Reuters: Company News", "url": "https://www.reuters.com/article/brief-rbc-global-asset-management-announ/brief-rbc-global-asset-management-announces-december-sales-results-for-rbc-funds-phn-funds-and-bluebay-funds-idUSASB0BZWW", "country": "US", "domain_rank": 408, "title": "BRIEF-RBC Global Asset Management Announces December Sales Results For RBC Funds, PH&N Funds And BlueBay Funds", "performance_score": 0, "site": "reuters.com", "participants_count": 0, "title_full": "", "spam_score": 0.0, "site_type": "news", "published": "2018-01-05T16:07:00.000+02:00", "replies_count": 0, "uuid": "898325a3d510e119373796a684eb5e29aa2d0de3"}, "author": "", "url": "https://www.reuters.com/article/brief-rbc-global-asset-management-announ/brief-rbc-global-asset-management-announces-december-sales-results-for-rbc-funds-phn-funds-and-bluebay-funds-idUSASB0BZWW", "ord_in_thread": 0, "title": "BRIEF-RBC Global Asset Management Announces December Sales Results For RBC Funds, PH&N Funds And BlueBay Funds", "locations": [], "entities": {"persons": [], "locations": [], "organizations": [{"name": "brief-rbc global asset management", "sentiment": "negative"}, {"name": "rbc", "sentiment": "none"}, {"name": "reuters) - royal bank of canada", "sentiment": "none"}, {"name": "rbc etfs", "sentiment": "none"}, {"name": "eikon", "sentiment": "none"}, {"name": "bluebay funds reuters", "sentiment": "none"}]}, "highlightText": "", "language": "english", "persons": [], "text": "January 5, 2018 / 2:09 PM / Updated 8 minutes ago BRIEF-RBC Global Asset Management Announces December Sales Results For RBC Funds, PH&N Funds And BlueBay Funds Reuters Staff 1 Min Read \nJan 5 (Reuters) - Royal Bank Of Canada: \n* RBC GLOBAL ASSET MANAGEMENT INC. ANNOUNCES DECEMBER SALES RESULTS FOR RBC FUNDS, PH&N FUNDS AND BLUEBAY FUNDS AND FOURTH QUARTER SALES FOR RBC ETFS \n* RBC GLOBAL ASSET MANAGEMENT INC - DECEMBER MUTUAL FUND NET SALES OF $577 MILLION​ Source text for Eikon: Further company coverage:", "external_links": [], "published": "2018-01-05T16:07:00.000+02:00", "crawled": "2018-01-05T16:22:04.000+02:00", "highlightTitle": ""}