{"organizations": [], "uuid": "8253c1c73dfe7f91d76083dfd1818e852a026376", "thread": {"social": {"gplus": {"shares": 0}, "pinterest": {"shares": 0}, "vk": {"shares": 0}, "linkedin": {"shares": 0}, "facebook": {"likes": 0, "shares": 0, "comments": 0}, "stumbledupon": {"shares": 0}}, "site_full": "www.cnbc.com", "main_image": "//sc.cnbcfm.com/applications/cnbc.com/staticcontent/img/cnbc_logo.gif", "site_section": "http://www.cnbc.com/id/10000027/page/2", "section_title": "Press Releases - CNBC", "url": "http://www.cnbc.com/2018/01/10/pr-newswire-shareholder-alert-monteverde-associates-pc-announces-an-investigation-of-forum-merger-corporation--fmci.html", "country": "US", "domain_rank": 767, "title": "SHAREHOLDER ALERT: Monteverde & Associates PC Announces An Investigation Of Forum Merger Corporation - FMCI", "performance_score": 0, "site": "cnbc.com", "participants_count": 1, "title_full": "", "spam_score": 0.0, "site_type": "news", "published": "2018-01-10T21:05:00.000+02:00", "replies_count": 0, "uuid": "8253c1c73dfe7f91d76083dfd1818e852a026376"}, "author": "cnbc.com", "url": "http://www.cnbc.com/2018/01/10/pr-newswire-shareholder-alert-monteverde-associates-pc-announces-an-investigation-of-forum-merger-corporation--fmci.html", "ord_in_thread": 0, "title": "SHAREHOLDER ALERT: Monteverde & Associates PC Announces An Investigation Of Forum Merger Corporation - FMCI", "locations": [], "entities": {"persons": [{"name": "juan monteverde", "sentiment": "negative"}], "locations": [{"name": "new york", "sentiment": "none"}, {"name": "new york city", "sentiment": "none"}, {"name": "empire state building", "sentiment": "none"}], "organizations": [{"name": "monteverde & associates pc announces an investigation of forum merger corporation", "sentiment": "negative"}, {"name": "monteverde", "sentiment": "negative"}, {"name": "forum merger corporation", "sentiment": "none"}, {"name": "company", "sentiment": "none"}, {"name": "company to c1 investment corp", "sentiment": "none"}, {"name": "monteverde & associates", "sentiment": "none"}]}, "highlightText": "", "language": "english", "persons": [], "text": "NEW YORK, Jan. 10, 2018 /PRNewswire/ -- Juan Monteverde , founder and managing partner at Monteverde & Associates PC , a boutique securities firm headquartered at the Empire State Building in New York City, is investigating Forum Merger Corporation (\"Forum\" or the \"Company\") (NasdaqCM: FMCI) relating to the merger of the Company to C1 Investment Corp. The Merger Consideration will consist of cash and stock.\nClick here for more information: http://monteverdelaw.com/investigations/m-a/ . It is free and there is no cost or obligation to you.\nThe investigation focuses on whether Forum and its Board of Directors violated securities laws and/or breached their fiduciary duties to the Company's stockholders by 1) failing to conduct a fair process, 2) whether and by how much this proposed transaction undervalues the Company by and 3) failing to disclose all material financial information in connection with the upcoming shareholder meeting.\nMonteverde & Associates PC is a boutique class action securities and consumer litigation law firm that has recovered millions of dollars and is committed to protecting shareholders and consumers from corporate wrongdoing. Monteverde & Associates lawyers have significant experience litigating Mergers & Acquisitions and Securities Class Actions, whereby they protect investors by recovering money and remedying corporate misconduct. Mr. Monteverde, who leads the legal team at the firm, has been recognized by Super Lawyers as a Rising Star in Securities Litigation in 2013 and 2017, an award given to less than 2.5% of attorneys in a particular field. He has also been selected by Martindale-Hubbell as a 2017 Top Rated Lawyer.\nIf you own common stock in Forum and wish to obtain additional information and protect your investments free of charge, please visit our website or contact Juan E. Monteverde, Esq. either via e-mail at jmonteverde@monteverdelaw.com or by telephone at (212) 971-1341.\nContact:\nJuan E. Monteverde, Esq.\nMONTEVERDE & ASSOCIATES PC\nThe Empire State Building\n350 Fifth Ave. Suite 4405\nNew York, NY 10118\nUnited States of America\njmonteverde@monteverdelaw.com\nTel: (212) 971-1341\nAttorney Advertising. (C) 2018 Monteverde & Associates PC. The law firm responsible for this advertisement is Monteverde & Associates PC ( www.monteverdelaw.com ). Prior results do not guarantee a similar outcome with respect to any future matter.\nView original content with multimedia: http://www.prnewswire.com/news-releases/shareholder-alert-monteverde--associates-pc-announces-an-investigation-of-forum-merger-corporation--fmci-300580884.html\nSOURCE Monteverde & Associates PC", "external_links": ["http://www.prnewswire.com/news-releases/shareholder-alert-monteverde--associates-pc-announces-an-investigation-of-forum-merger-corporation--fmci-300580884.html", "http://www.monteverdelaw.com/", "http://www.monteverdelaw.com/investigations/m-a/", "http://profiles.superlawyers.com/new-york-metro/new-york/lawyer/juan-e-monteverde/b861d99b-d20f-4376-92c4-2996390bacbc.html", "http://monteverdelaw.com/investigations/m-a/"], "published": "2018-01-10T21:05:00.000+02:00", "crawled": "2018-01-10T23:30:17.005+02:00", "highlightTitle": ""}