{"organizations": [], "uuid": "74877478cbed39a23e41020cb91c2fcc2980eb50", "thread": {"social": {"gplus": {"shares": 0}, "pinterest": {"shares": 0}, "vk": {"shares": 0}, "linkedin": {"shares": 15}, "facebook": {"likes": 42, "shares": 42, "comments": 0}, "stumbledupon": {"shares": 0}}, "site_full": "www.cnbc.com", "main_image": "https://fm.cnbc.com/applications/cnbc.com/resources/img/editorial/2018/01/02/104924899-Capture.1910x1000.JPG", "site_section": "", "section_title": "", "url": "https://www.cnbc.com/2018/01/02/tensions-south-korea-and-japan-could-impact-north-korea-china.html", "country": "US", "domain_rank": 767, "title": "North Korea problem complicated by tension between South Korea and Japan", "performance_score": 0, "site": "cnbc.com", "participants_count": 0, "title_full": "", "spam_score": 0.225, "site_type": "news", "published": "2018-01-03T03:53:00.000+02:00", "replies_count": 0, "uuid": "74877478cbed39a23e41020cb91c2fcc2980eb50"}, "author": "Nyshka Chandran", "url": "https://www.cnbc.com/2018/01/02/tensions-south-korea-and-japan-could-impact-north-korea-china.html", "ord_in_thread": 0, "title": "North Korea problem complicated by tension between South Korea and Japan", "locations": [], "entities": {"persons": [{"name": "moon jae-in", "sentiment": "negative"}, {"name": "shinzo abe", "sentiment": "none"}, {"name": "donald trump", "sentiment": "none"}, {"name": "moon", "sentiment": "none"}, {"name": "taro kono", "sentiment": "none"}, {"name": "carlos barria", "sentiment": "none"}], "locations": [{"name": "south korea", "sentiment": "none"}, {"name": "japan", "sentiment": "none"}, {"name": "north korea", "sentiment": "none"}, {"name": "seoul", "sentiment": "none"}, {"name": "tokyo", "sentiment": "none"}, {"name": "hamburg", "sentiment": "none"}, {"name": "germany", "sentiment": "none"}], "organizations": [{"name": "reuters south korea", "sentiment": "none"}]}, "highlightText": "", "language": "english", "persons": [], "text": "South Korean President Moon Jae-In has stirred up a decades-old dispute with Japan , a move that risks disrupting the international effort to contain North Korea .\nFor years, Seoul and Tokyo have been at loggerheads over the matter of comfort women — the thousands of girls and women, many of them Korean, who were forced to work in Japan's military brothels during World War II. The two countries reached an agreement in 2015, in which Tokyo shelled out $8.8 million to a fund for victims, but Moon on Thursday criticized that deal , saying it \"cannot solve the comfort women issue.\"\nHis comments came after a South Korean panel concluded that the 2015 treaty failed to meet victims' demands for compensation. In response to the panel's findings, Japanese Foreign Minister Taro Kono warned that any attempt to revise the agreement \"would make Japan's ties with South Korea unmanageable.\"\nThe matter is a topic of national importance in South Korea, where protesters last week called on the government to nullify the deal, and considered crucial to Moon's populist base.\nTough on Tokyo, conciliatory toward Pyongyang Seoul and Tokyo are both important U.S. allies and play critical roles in containing Pyongyang's nuclear and missile program . If Moon allows the comfort women issue to dominate his relationship with Japanese Prime Minister Shinzo Abe , that could hamper international efforts to rein in the nuclear belligerence of North Korean leader Kim Jong Un .\nshow chapters Military officials: North Korea missile launch possible this week 2:47 PM ET Tue, 2 Jan 2018 | 02:00 \"We will see a fracture develop in terms of U.S.-South Korea-Japanese cooperation in dealing with the North,\" explained Stephen Nagy, a senior associate professor at Tokyo's International Christian University and distinguished fellow at Canadian think-tank The Asia Pacific Foundation.\nMoon's tough stance toward Tokyo contrasts with his conciliatory tone toward Pyongyang. His administration on Tuesday offered high-level talks to its northern neighbor after Kim said that he was open to sending a North Korean delegation to the upcoming Winter Olympics.\n\"Pressing Tokyo on the comfort women issue while attempting to engage Pyongyang has the risks of alienating Tokyo from Seoul,\" Nagy warned.\nKim's missile tests, which violate U.N. resolutions, remain a global worry, especially in light of recent hostile rhetoric between the dictator and President Donald Trump .\nPushing Seoul closer to Beijing Tensions between Moon and Abe could also boost Seoul's relationship with Beijing , which is currently on shaky footing amid tensions over Seoul's decision to install an American-made missile defense system on its soil.\nChina has its own issues with Japan over the latter's wartime atrocities, so \"by antagonizing Tokyo, Seoul pleases Beijing,\" said Leonid Petrov, a Korea expert at The Australian National University.\nTomohiro Ohsumi | Bloomberg | Getty Images Japanese warships at sea. That, in turn, could bother Washington: \"This will inevitably undermine the regional security posture of the United States that traditionally dwells on the anti-communist unity of South Korea, Japan and Taiwan,\" Petrov continued. In sum, Moon's action \"creates serious problems for the U.S. security architecture in northeast Asia,\" he added.\nNagy, on the other hand, doesn't expect Beijing will support tensions between Moon and Abe.\nChina will be wary of South Korean efforts to alienate Japan as it could push Tokyo closer to the White House, he said. That would be an undesirable scenarios for Chinese President Xi Jinping , who doesn't want increased U.S. influence in Asia.", "external_links": [], "published": "2018-01-03T03:53:00.000+02:00", "crawled": "2018-01-03T04:35:50.018+02:00", "highlightTitle": ""}