{"organizations": [], "uuid": "4491a0989ddc9d81a9998af522df2481a908e5fe", "thread": {"social": {"gplus": {"shares": 0}, "pinterest": {"shares": 0}, "vk": {"shares": 0}, "linkedin": {"shares": 0}, "facebook": {"likes": 0, "shares": 0, "comments": 0}, "stumbledupon": {"shares": 0}}, "site_full": "www.reuters.com", "main_image": "https://s4.reutersmedia.net/resources_v2/images/rcom-default.png", "site_section": "http://feeds.reuters.com/reuters/companyNews", "section_title": "Reuters: Company News", "url": "https://www.reuters.com/article/brief-twitter-comments-on-reviewing-twee/brief-twitter-comments-on-reviewing-tweets-of-political-figures-world-leaders-idUSFWN1P010H", "country": "US", "domain_rank": 408, "title": "BRIEF-Twitter Comments on Reviewing Tweets Of Political Figures, World Leaders", "performance_score": 0, "site": "reuters.com", "participants_count": 0, "title_full": "", "spam_score": 0.0, "site_type": "news", "published": "2018-01-05T23:05:00.000+02:00", "replies_count": 0, "uuid": "4491a0989ddc9d81a9998af522df2481a908e5fe"}, "author": "", "url": "https://www.reuters.com/article/brief-twitter-comments-on-reviewing-twee/brief-twitter-comments-on-reviewing-tweets-of-political-figures-world-leaders-idUSFWN1P010H", "ord_in_thread": 0, "title": "BRIEF-Twitter Comments on Reviewing Tweets Of Political Figures, World Leaders", "locations": [], "entities": {"persons": [], "locations": [], "organizations": [{"name": "world leaders reuters staff", "sentiment": "none"}, {"name": "reuters", "sentiment": "none"}, {"name": "twitter inc", "sentiment": "none"}]}, "highlightText": "", "language": "english", "persons": [], "text": "January 5, 2018 / 9:05 PM / Updated 12 minutes ago BRIEF-Twitter Comments on Reviewing Tweets Of Political Figures, World Leaders Reuters Staff 1 Min Read \nJan 5 (Reuters) - Twitter Inc: \n* SAYS “WE REVIEW TWEETS BY LEADERS WITHIN THE POLITICAL CONTEXT THAT DEFINES THEM, AND ENFORCE OUR RULES ACCORDINGLY” - BLOG \n* BLOCKING A WORLD LEADER FROM TWITTER OR REMOVING THEIR CONTROVERSIAL TWEETS WOULD HIDE \"IMPORTANT INFORMATION\" PEOPLE SHOULD SEE & DEBATE Source text - ( bit.ly/2CYOdLw ) Further company coverage:", "external_links": [], "published": "2018-01-05T23:05:00.000+02:00", "crawled": "2018-01-05T23:20:20.016+02:00", "highlightTitle": ""}