{"organizations": [], "uuid": "fc9c248b851d4221c32ffab2f518ce35ed086468", "thread": {"social": {"gplus": {"shares": 0}, "pinterest": {"shares": 0}, "vk": {"shares": 0}, "linkedin": {"shares": 0}, "facebook": {"likes": 0, "shares": 0, "comments": 0}, "stumbledupon": {"shares": 0}}, "site_full": "www.cnbc.com", "main_image": "https://fm.cnbc.com/applications/cnbc.com/resources/img/editorial/2018/01/09/104937062-3ED3-REQ-SHORTER-BOVE-TN-010918.600x400.jpg", "site_section": "http://www.cnbc.com/id/100004038/device/rss/rss.html", "section_title": "Latest Video", "url": "https://www.cnbc.com/video/2018/01/09/goldman-sachs-to-lead-pack-in-an-explosive-year-for-banks-bove.html", "country": "US", "domain_rank": 767, "title": "Goldman Sachs to lead pack in an explosive year for banks: Bove", "performance_score": 0, "site": "cnbc.com", "participants_count": 0, "title_full": "", "spam_score": 0.0, "site_type": "news", "published": "2018-01-09T23:43:00.000+02:00", "replies_count": 0, "uuid": "fc9c248b851d4221c32ffab2f518ce35ed086468"}, "author": "", "url": "https://www.cnbc.com/video/2018/01/09/goldman-sachs-to-lead-pack-in-an-explosive-year-for-banks-bove.html", "ord_in_thread": 0, "title": "Goldman Sachs to lead pack in an explosive year for banks: Bove", "locations": [], "entities": {"persons": [{"name": "bove", "sentiment": "negative"}, {"name": "brian sullivan", "sentiment": "none"}], "locations": [], "organizations": [{"name": "goldman sachs", "sentiment": "negative"}, {"name": "bove goldman sachs", "sentiment": "negative"}, {"name": "hour ago vertical group", "sentiment": "negative"}]}, "highlightText": "", "language": "english", "persons": [], "text": "Goldman Sachs to lead pack in an explosive year for banks: Bove 1 Hour Ago Vertical Group analyst Dick Bove discusses bank earnings and the outlook for Goldman Sachs with Brian Sullivan.", "external_links": [], "published": "2018-01-09T23:43:00.000+02:00", "crawled": "2018-01-10T00:50:34.001+02:00", "highlightTitle": ""}