{"organizations": [], "uuid": "37d78e78502a8aa13c9a061209e19bfd321f1deb", "thread": {"social": {"gplus": {"shares": 0}, "pinterest": {"shares": 0}, "vk": {"shares": 0}, "linkedin": {"shares": 0}, "facebook": {"likes": 0, "shares": 0, "comments": 0}, "stumbledupon": {"shares": 0}}, "site_full": "www.cnbc.com", "main_image": "//sc.cnbcfm.com/applications/cnbc.com/staticcontent/img/cnbc_logo.gif", "site_section": "http://www.cnbc.com/id/10000027/page/2", "section_title": "Press Releases - CNBC", "url": "http://www.cnbc.com/2018/01/02/pr-newswire-icf-completes-acquisition-of-the-future-customer.html", "country": "US", "domain_rank": 767, "title": "ICF Completes Acquisition of The Future Customer", "performance_score": 0, "site": "cnbc.com", "participants_count": 1, "title_full": "", "spam_score": 0.0, "site_type": "news", "published": "2018-01-03T00:30:00.000+02:00", "replies_count": 0, "uuid": "37d78e78502a8aa13c9a061209e19bfd321f1deb"}, "author": "cnbc.com", "url": "http://www.cnbc.com/2018/01/02/pr-newswire-icf-completes-acquisition-of-the-future-customer.html", "ord_in_thread": 0, "title": "ICF Completes Acquisition of The Future Customer", "locations": [], "entities": {"persons": [], "locations": [{"name": "va.", "sentiment": "none"}, {"name": "fairfax", "sentiment": "none"}, {"name": "europe", "sentiment": "none"}, {"name": "u.k.", "sentiment": "none"}], "organizations": [{"name": "icfi", "sentiment": "negative"}, {"name": "icf", "sentiment": "negative"}, {"name": "icf olson", "sentiment": "none"}, {"name": "tesco clubcard", "sentiment": "none"}, {"name": "future customer limited", "sentiment": "none"}]}, "highlightText": "", "language": "english", "persons": [], "text": "FAIRFAX, Va., Jan. 2, 2018 /PRNewswire/ -- ICF (NASDAQ: ICFI), the global consulting and digital services provider, announced today that it has completed the acquisition of London-based The Future Customer Limited, a leading boutique loyalty strategy and marketing company. The acquisition extends ICF Olson's successful loyalty business to Europe.\nThe Future Customer's leadership team includes the originators of Tesco Clubcard, one of the U.K.'s most successful retail loyalty program. Since its establishment in 2012, The Future Customer has developed international loyalty strategies in retail, media, mobile, energy and health. The company harnesses customer insight to grow brand affiliation and advocacy while improving marketing efficiency and profitability.\nRead more about the acquisition and ICF's customer loyalty products and services .\nAbout ICF\nICF (NASDAQ:ICFI) is a global consulting services company with over 5,000 specialized experts, but we are not your typical consultants. At ICF, business analysts and policy specialists work together with digital strategists, data scientists and creatives. We combine unmatched industry expertise with cutting-edge engagement capabilities to help organizations solve their most complex challenges. Since 1969, public and private sector clients have worked with ICF to navigate change and shape the future. Learn more at icf.com .\nContact: Lauren Dyke, lauren.dyke@ICF.com , +1.571.373.5577\nView original content with multimedia: http://www.prnewswire.com/news-releases/icf-completes-acquisition-of-the-future-customer-300576514.html\nSOURCE ICF International", "external_links": ["http://www.icfolson.com/", "http://www.olson1to1.com/", "https://www.icf.com/", "http://www.prnewswire.com/news-releases/icf-completes-acquisition-of-the-future-customer-300576514.html", "https://www.icf.com/company/the-future-customer?&utm_medium=press-release&utm_source=prnewswire.com&utm_campaign=q4-2017-all-bra-icf-welcomes-the-future-customer&utm_content=close-press-release"], "published": "2018-01-03T00:30:00.000+02:00", "crawled": "2018-01-03T02:22:46.025+02:00", "highlightTitle": ""}