{"organizations": [], "uuid": "b009abb1b5ff1628815c88eeb42d6d26bab96341", "thread": {"social": {"gplus": {"shares": 0}, "pinterest": {"shares": 0}, "vk": {"shares": 0}, "linkedin": {"shares": 0}, "facebook": {"likes": 0, "shares": 0, "comments": 0}, "stumbledupon": {"shares": 0}}, "site_full": "www.cnbc.com", "main_image": "//sc.cnbcfm.com/applications/cnbc.com/staticcontent/img/cnbc_logo.gif", "site_section": "http://www.cnbc.com/id/10000027", "section_title": "Press Releases - CNBC", "url": "http://www.cnbc.com/2018/01/04/pr-newswire-crown-holdings-schedules-fourth-quarter-2017-earnings-conference-call.html", "country": "US", "domain_rank": 767, "title": "Crown Holdings Schedules Fourth Quarter 2017 Earnings Conference Call", "performance_score": 0, "site": "cnbc.com", "participants_count": 1, "title_full": "", "spam_score": 0.073, "site_type": "news", "published": "2018-01-04T19:34:00.000+02:00", "replies_count": 0, "uuid": "b009abb1b5ff1628815c88eeb42d6d26bab96341"}, "author": "cnbc.com", "url": "http://www.cnbc.com/2018/01/04/pr-newswire-crown-holdings-schedules-fourth-quarter-2017-earnings-conference-call.html", "ord_in_thread": 0, "title": "Crown Holdings Schedules Fourth Quarter 2017 Earnings Conference Call", "locations": [], "entities": {"persons": [], "locations": [{"name": "philadelphia", "sentiment": "none"}, {"name": "philadelphia", "sentiment": "none"}, {"name": "pennsylvania", "sentiment": "none"}], "organizations": [{"name": "nyse", "sentiment": "negative"}, {"name": "crown holdings, inc.", "sentiment": "neutral"}, {"name": "new york stock exchange", "sentiment": "none"}, {"name": "corporate communications", "sentiment": "none"}]}, "highlightText": "", "language": "english", "persons": [], "text": "PHILADELPHIA, Jan. 4, 2018 /PRNewswire/ -- Crown Holdings, Inc. (NYSE: CCK) will release its earnings for the fourth quarter ended December 31, 2017 after the close of trading on the New York Stock Exchange on Wednesday, February 7, 2018. The Company will hold a conference call to discuss these results at 9:00 a.m. (EST) on Thursday, February 8, 2018.\nThe dial-in numbers for the conference call are (630) 395-0227 or toll-free (888) 606-8412 and the access password is \"packaging\". A replay of the conference call will be available for a one-week period ending at midnight on February 15, 2018. The telephone numbers for the replay are (203) 369-3622 or toll free (888) 566-0708. A live web cast of the call will be made available to the public on the internet at the Company's web site, www.crowncork.com .\nCrown Holdings, Inc., through its subsidiaries, is a leading supplier of packaging products to consumer marketing companies around the world. World headquarters are located in Philadelphia, Pennsylvania.\nFor more information, contact Corporate Communications at (215) 698-5351.\nView original content: http://www.prnewswire.com/news-releases/crown-holdings-schedules-fourth-quarter-2017-earnings-conference-call-300577714.html\nSOURCE Crown Holdings, Inc.", "external_links": ["http://www.prnewswire.com/news-releases/crown-holdings-schedules-fourth-quarter-2017-earnings-conference-call-300577714.html", "http://www.crowncork.com/"], "published": "2018-01-04T19:34:00.000+02:00", "crawled": "2018-01-04T20:32:59.003+02:00", "highlightTitle": ""}