{"organizations": [], "uuid": "a802f511fdecd75ca4685b0d943ee404d316c982", "thread": {"social": {"gplus": {"shares": 0}, "pinterest": {"shares": 0}, "vk": {"shares": 0}, "linkedin": {"shares": 0}, "facebook": {"likes": 0, "shares": 0, "comments": 0}, "stumbledupon": {"shares": 0}}, "site_full": "www.cnbc.com", "main_image": "https://fm.cnbc.com/applications/cnbc.com/resources/img/editorial/2018/01/04/104927272-4ED2-SSA-KarlBrauer-010318.600x400.jpg", "site_section": "http://www.cnbc.com/id/17501773/device/rss/rss.html", "section_title": "Capital Connection", "url": "https://www.cnbc.com/video/2018/01/03/us-vehicle-sales-could-go-up-a-little-next-year.html", "country": "US", "domain_rank": 767, "title": "US vehicle sales could go 'up a little' next year", "performance_score": 0, "site": "cnbc.com", "participants_count": 0, "title_full": "", "spam_score": 0.0, "site_type": "news", "published": "2018-01-04T00:59:00.000+02:00", "replies_count": 0, "uuid": "a802f511fdecd75ca4685b0d943ee404d316c982"}, "author": "", "url": "https://www.cnbc.com/video/2018/01/03/us-vehicle-sales-could-go-up-a-little-next-year.html", "ord_in_thread": 0, "title": "US vehicle sales could go 'up a little' next year", "locations": [], "entities": {"persons": [{"name": "karl brauer", "sentiment": "negative"}], "locations": [{"name": "us", "sentiment": "none"}], "organizations": []}, "highlightText": "", "language": "english", "persons": [], "text": "US vehicle sales could go 'up a little' next year 17 Hours Ago Karl Brauer of the Kelley Blue Book says consumer confidence is floating through to demand for new vehicles and should continue in 2018.", "external_links": [], "published": "2018-01-04T00:59:00.000+02:00", "crawled": "2018-01-04T18:24:42.011+02:00", "highlightTitle": ""}