{"organizations": [], "uuid": "d23a150f2cdc17367f274f632a8fff45c48646b2", "thread": {"social": {"gplus": {"shares": 0}, "pinterest": {"shares": 0}, "vk": {"shares": 0}, "linkedin": {"shares": 0}, "facebook": {"likes": 0, "shares": 0, "comments": 0}, "stumbledupon": {"shares": 0}}, "site_full": "in.reuters.com", "main_image": "https://s4.reutersmedia.net/resources_v2/images/rcom-default.png", "site_section": "http://feeds.reuters.com/reuters/INtechnologyNews", "section_title": "Reuters: Technology News", "url": "https://in.reuters.com/article/china-economy-intellectual-property/china-to-boost-intellectual-property-protection-state-media-idINKBN1ES0UI", "country": "US", "domain_rank": 408, "title": "China to boost intellectual property protection - state media", "performance_score": 0, "site": "reuters.com", "participants_count": 0, "title_full": "", "spam_score": 0.0, "site_type": "news", "published": "2018-01-03T13:41:00.000+02:00", "replies_count": 0, "uuid": "d23a150f2cdc17367f274f632a8fff45c48646b2"}, "author": "", "url": "https://in.reuters.com/article/china-economy-intellectual-property/china-to-boost-intellectual-property-protection-state-media-idINKBN1ES0UI", "ord_in_thread": 0, "title": "China to boost intellectual property protection - state media", "locations": [], "entities": {"persons": [{"name": "li keqiang", "sentiment": "none"}], "locations": [{"name": "china", "sentiment": "none"}, {"name": "beijing monitoring desk", "sentiment": "none"}, {"name": "beijing", "sentiment": "none"}], "organizations": [{"name": "china national radio", "sentiment": "none"}, {"name": "reuters", "sentiment": "none"}]}, "highlightText": "", "language": "english", "persons": [], "text": "BEIJING (Reuters) - China’s state council said on Wednesday it will boost intellectual property rights protection, state-run China National Radio reported.\nThe council also said during a meeting chaired by Premier Li Keqiang it would improve the business environment for companies in China, according to the report.\nReporting by Beijing Monitoring Desk\n ", "external_links": [], "published": "2018-01-03T13:41:00.000+02:00", "crawled": "2018-01-03T14:06:33.003+02:00", "highlightTitle": ""}