{"organizations": [], "uuid": "b8de9ebeacaedc783bd02e774341b05f295ab4f8", "thread": {"social": {"gplus": {"shares": 0}, "pinterest": {"shares": 0}, "vk": {"shares": 0}, "linkedin": {"shares": 0}, "facebook": {"likes": 0, "shares": 0, "comments": 0}, "stumbledupon": {"shares": 0}}, "site_full": "www.reuters.com", "main_image": "https://s1.reutersmedia.net/resources/r/?m=02&d=20180104&t=2&i=1219267436&w=1200&r=LYNXMPEE030G0", "site_section": "http://feeds.reuters.com/reuters/sportsNews", "section_title": "Reuters: Sports News", "url": "https://www.reuters.com/article/us-tennis-brisbane-women/tennis-svitolina-in-brisbane-semis-after-kontas-injury-pullout-idUSKBN1ET0T5", "country": "US", "domain_rank": 408, "title": "Tennis: Svitolina in Brisbane semis after Konta's injury pullout", "performance_score": 0, "site": "reuters.com", "participants_count": 0, "title_full": "", "spam_score": 0.0, "site_type": "news", "published": "2018-01-04T10:44:00.000+02:00", "replies_count": 0, "uuid": "b8de9ebeacaedc783bd02e774341b05f295ab4f8"}, "author": "", "url": "https://www.reuters.com/article/us-tennis-brisbane-women/tennis-svitolina-in-brisbane-semis-after-kontas-injury-pullout-idUSKBN1ET0T5", "ord_in_thread": 0, "title": "Tennis: Svitolina in Brisbane semis after Konta's injury pullout", "locations": [], "entities": {"persons": [{"name": "konta", "sentiment": "negative"}, {"name": "svitolina", "sentiment": "negative"}, {"name": "pat rafter arena", "sentiment": "none"}, {"name": "elina svitolina", "sentiment": "none"}, {"name": "johanna konta", "sentiment": "none"}, {"name": "karolina pliskova", "sentiment": "none"}], "locations": [{"name": "brisbane", "sentiment": "none"}, {"name": "svitolina", "sentiment": "none"}], "organizations": [{"name": "reuters staff", "sentiment": "none"}, {"name": "reuters", "sentiment": "none"}]}, "highlightText": "", "language": "english", "persons": [], "text": "January 4, 2018 / 8:48 AM / Updated 4 minutes ago Tennis: Svitolina in Brisbane semis after Konta's injury pullout Reuters Staff 2 Min Read \n(Reuters) - Elina Svitolina entered the Brisbane International semi-finals after her opponent Johanna Konta retired with a hip injury during the third set of the quarter-final contest on Thursday. \nWorld number nine Konta, who had made slow starts in her previous two matches at the Pat Rafter Arena, claimed the first set 6-1 but lost momentum in the next as Svitolina grew in confidence to level the contest at 1-1 after a tiebreak. \nThe Briton called for an injury timeout to treat her right hip ahead of the decider but was unable to continue despite holding serve for two games to hand Svitolina victory. \n“I don’t feel too comfortable saying really too much because, actually, I don’t know yet until tomorrow morning,” Konta said after the match. “Hopefully it’s nothing more than a low-grade strain and more muscle spasm more than anything.” \nThird seed Svitolina next plays the winner of the clash between defending champion Karolina Pliskova and 2012 winner Kaia Kanepi. \nAliaksandra Sasnovich came from behind to dump out France’s Alize Cornet 3-6 6-2 6-3. Latvia’s Anastasija Sevastova plays Aleksandra Krunic in the other quarter-final. Reporting by Shrivathsa Sridhar in Bengaluru; editing by Amlan Chakraborty", "external_links": [], "published": "2018-01-04T10:44:00.000+02:00", "crawled": "2018-01-04T10:58:15.002+02:00", "highlightTitle": ""}