{"organizations": [], "uuid": "e14fa1780a44f3594da77647a35f1c67722757bc", "thread": {"social": {"gplus": {"shares": 0}, "pinterest": {"shares": 0}, "vk": {"shares": 0}, "linkedin": {"shares": 0}, "facebook": {"likes": 0, "shares": 0, "comments": 0}, "stumbledupon": {"shares": 0}}, "site_full": "www.wsj.com", "main_image": "https://si.wsj.net/img/WSJ_Logo_black_social.gif", "site_section": "https://www.wsj.com/public/page/archive.html", "section_title": "News Article Archive - Wsj.com", "url": "https://www.wsj.com/articles/whats-news-world-wide-1515561097", "country": "US", "domain_rank": 387, "title": "What’s News: World-Wide", "performance_score": 0, "site": "wsj.com", "participants_count": 1, "title_full": "", "spam_score": 0.116, "site_type": "news", "published": "2018-01-10T08:11:00.000+02:00", "replies_count": 0, "uuid": "e14fa1780a44f3594da77647a35f1c67722757bc"}, "author": "wsjcom", "url": "https://www.wsj.com/articles/whats-news-world-wide-1515561097", "ord_in_thread": 0, "title": "What’s News: World-Wide", "locations": [], "entities": {"persons": [], "locations": [{"name": "florida", "sentiment": "none"}, {"name": "u.s", "sentiment": "none"}], "organizations": [{"name": "trump", "sentiment": "neutral"}]}, "highlightText": "", "language": "english", "persons": [], "text": "The Trump administration told Florida it won’t consider new oil and gas drilling off the state’s coast, backtracking on plans to expand offshore drilling all around the U.S.\nThe president said he was optimistic an immigration deal could soon be reached on “Dreamers” and agreed with lawmakers to limit talks to four policy areas.\nA... ", "external_links": [], "published": "2018-01-10T08:11:00.000+02:00", "crawled": "2018-01-10T10:32:08.000+02:00", "highlightTitle": ""}