{"organizations": [], "uuid": "7e6ffa93c3dbc335eec385c6632821581e4c1f3e", "thread": {"social": {"gplus": {"shares": 0}, "pinterest": {"shares": 0}, "vk": {"shares": 0}, "linkedin": {"shares": 0}, "facebook": {"likes": 0, "shares": 0, "comments": 0}, "stumbledupon": {"shares": 0}}, "site_full": "www.cnbc.com", "main_image": "//sc.cnbcfm.com/applications/cnbc.com/staticcontent/img/cnbc_logo.gif", "site_section": "http://www.cnbc.com/id/10000027", "section_title": "Press Releases - CNBC", "url": "http://www.cnbc.com/2018/01/04/globe-newswire-armada-hoffler-properties-to-discuss-fourth-quarter-earnings-on-february-6th.html", "country": "US", "domain_rank": 767, "title": "Armada Hoffler Properties to Discuss Fourth Quarter Earnings on February 6th", "performance_score": 0, "site": "cnbc.com", "participants_count": 1, "title_full": "", "spam_score": 0.008, "site_type": "news", "published": "2018-01-04T14:00:00.000+02:00", "replies_count": 0, "uuid": "7e6ffa93c3dbc335eec385c6632821581e4c1f3e"}, "author": "cnbc.com", "url": "http://www.cnbc.com/2018/01/04/globe-newswire-armada-hoffler-properties-to-discuss-fourth-quarter-earnings-on-february-6th.html", "ord_in_thread": 0, "title": "Armada Hoffler Properties to Discuss Fourth Quarter Earnings on February 6th", "locations": [], "entities": {"persons": [{"name": "armada hoffler", "sentiment": "none"}, {"name": "hoffler propert", "sentiment": "none"}], "locations": [{"name": "virginia", "sentiment": "none"}, {"name": "va.", "sentiment": "none"}], "organizations": [{"name": "armada hoffler properties", "sentiment": "negative"}, {"name": "nyse", "sentiment": "negative"}, {"name": "armada hoffler properties, inc.", "sentiment": "neutral"}, {"name": "company", "sentiment": "none"}]}, "highlightText": "", "language": "english", "persons": [], "text": "VIRGINIA BEACH, Va., Jan. 04, 2018 (GLOBE NEWSWIRE) -- Armada Hoffler Properties, Inc. (NYSE:AHH) will report its earnings for the quarter ending December 31, 2017 at approximately 6:00 a.m. Eastern Time on Tuesday, February 6, 2018. At 8:30 a.m. Eastern Time on the same day, Armada Hoffler’s management will host a conference call and webcast to discuss earnings and other information.\nTo listen to the call, dial 877-407-3982 (domestic) or 201-493-6780 (international) approximately 10 minutes prior to the start time of the call. The conference call will also be available through the investor relations page of the Company’s website, www.ArmadaHoffler.com , or through www.viavid.com .\nA telephonic replay will be available shortly after the conclusion of the call through Tuesday, March 6, 2018. This replay may be accessed by dialing 844-512-2921 (domestic) or 412-317-6671 (international) and providing passcode 13674867. A replay of the webcast will also be available at the sites listed above for 30 days, beginning approximately two hours after its conclusion.\nAbout Armada Hoffler Properties, Inc.\nArmada Hoffler Properties, Inc. (NYSE:AHH) is a vertically-integrated, self-managed real estate investment trust (\"REIT\") with nearly four decades of experience developing, building, acquiring and managing high-quality, institutional-grade office, retail and multifamily properties located primarily in the Mid-Atlantic and Southeastern United States. The Company also provides general construction and development services to third-party clients, in addition to developing and building properties to be placed in its stabilized portfolio. The Company has elected to be taxed as a REIT for U.S. federal income tax purposes.\nContact:\nMichael P. O’Hara\nArmada Hoffler Properties, Inc.\nChief Financial Officer and Treasurer\nEmail: MOHara@ArmadaHoffler.com\nPhone: (757) 366-6684\nSource:Armada Hoffler Properties Inc.", "external_links": ["https://www.globenewswire.com/Tracker?data=Zr8mSvPW6HKQzGDV6l3vt_XDb8V2Kk8gJPSmnseoYf5Fo4AyN6vm6CFwPvqYC2GvXZzNkCsilZ_WA7M-BUFUKPncgEsxRFaN9suZSmuxhx0=", "https://www.globenewswire.com/NewsRoom/AttachmentNg/eed14c1d-b391-4191-a847-7aa9e8cfceee", "https://www.globenewswire.com/Tracker?data=HlTI1kFytCCls0qoryLI3EDyPjlxZyYjDhieahD38UfrncY8W0ZeGMUJUcr9TrhlwH4BI6PEMmCWIKatOMJjyw==", "https://www.globenewswire.com/Tracker?data=Uh6_SL7jhk9cDcLPUrCt33D27oB7K1W38pVx1eHxGxwAIG9zgMxqVaR9uo8L19XFBT67QGxoLB2ygNHZPC5rbVBgsMTTElApt4ruGti3oAE="], "published": "2018-01-04T14:00:00.000+02:00", "crawled": "2018-01-04T14:00:25.000+02:00", "highlightTitle": ""}