{"organizations": [], "uuid": "46203055fe7b88bf9658b22a3b764aab3365e00c", "thread": {"social": {"gplus": {"shares": 0}, "pinterest": {"shares": 0}, "vk": {"shares": 0}, "linkedin": {"shares": 0}, "facebook": {"likes": 0, "shares": 0, "comments": 0}, "stumbledupon": {"shares": 0}}, "site_full": "www.reuters.com", "main_image": "https://s4.reutersmedia.net/resources_v2/images/rcom-default.png", "site_section": "http://feeds.reuters.com/reuters/companyNews\r", "section_title": "Reuters: Company News", "url": "https://www.reuters.com/article/brief-silver-bear-announces-receipt-of-h/brief-silver-bear-announces-receipt-of-hazardous-materials-licence-mangazeisky-property-russia-idUSFWN1P50DK", "country": "US", "domain_rank": 408, "title": "BRIEF-Silver Bear Announces Receipt Of Hazardous Materials Licence, Mangazeisky Property, Russia", "performance_score": 0, "site": "reuters.com", "participants_count": 0, "title_full": "", "spam_score": 0.0, "site_type": "news", "published": "2018-01-10T16:09:00.000+02:00", "replies_count": 0, "uuid": "46203055fe7b88bf9658b22a3b764aab3365e00c"}, "author": "", "url": "https://www.reuters.com/article/brief-silver-bear-announces-receipt-of-h/brief-silver-bear-announces-receipt-of-hazardous-materials-licence-mangazeisky-property-russia-idUSFWN1P50DK", "ord_in_thread": 0, "title": "BRIEF-Silver Bear Announces Receipt Of Hazardous Materials Licence, Mangazeisky Property, Russia", "locations": [], "entities": {"persons": [], "locations": [{"name": "russia", "sentiment": "none"}, {"name": "russia", "sentiment": "none"}], "organizations": [{"name": "russia reuters staff", "sentiment": "none"}, {"name": "eikon", "sentiment": "none"}, {"name": "reuters) - silver bear resources inc", "sentiment": "none"}]}, "highlightText": "", "language": "english", "persons": [], "text": " 13 PM / Updated 6 minutes ago BRIEF-Silver Bear Announces Receipt Of Hazardous Materials Licence, Mangazeisky Property, Russia Reuters Staff \nJan 10 (Reuters) - Silver Bear Resources Inc: \n* SILVER BEAR ANNOUNCES RECEIPT OF HAZARDOUS MATERIALS LICENCE, MANGAZEISKY PROPERTY, RUSSIA. \n* SILVER BEAR RESOURCES - CO CAN BEGIN FIRST SILVER PRODUCTION DURING Q1 OF 2018 Source text for Eikon: Further company coverage:", "external_links": [], "published": "2018-01-10T16:09:00.000+02:00", "crawled": "2018-01-10T16:22:31.011+02:00", "highlightTitle": ""}