{"organizations": [], "uuid": "cbe88cbe23631eddd9092e9c1676330bd0576f3e", "thread": {"social": {"gplus": {"shares": 0}, "pinterest": {"shares": 0}, "vk": {"shares": 0}, "linkedin": {"shares": 0}, "facebook": {"likes": 0, "shares": 0, "comments": 0}, "stumbledupon": {"shares": 0}}, "site_full": "www.wsj.com", "main_image": "https://si.wsj.net/public/resources/images/BN-WW131_MASTER_SOC_20180105101457.jpg", "site_section": "https://www.wsj.com/public/page/archive.html", "section_title": "News Article Archive - Wsj.com", "url": "https://www.wsj.com/articles/a-vital-call-to-seize-the-day-1515184548", "country": "US", "domain_rank": 387, "title": "A Vital Call to Seize the Day", "performance_score": 0, "site": "wsj.com", "participants_count": 1, "title_full": "", "spam_score": 0.013, "site_type": "news", "published": "2018-01-05T23:35:00.000+02:00", "replies_count": 0, "uuid": "cbe88cbe23631eddd9092e9c1676330bd0576f3e"}, "author": "Willard Spiegelman", "url": "https://www.wsj.com/articles/a-vital-call-to-seize-the-day-1515184548", "ord_in_thread": 0, "title": "A Vital Call to Seize the Day", "locations": [], "entities": {"persons": [], "locations": [], "organizations": []}, "highlightText": "", "language": "english", "persons": [], "text": "For people scared away from poetry by bad high-school teaching, or a fear of missing the “hidden” meanings lurking beneath the surface, here’s a piece of advice: Do not worry. Poetry need not be hard.\nAppreciating it requires only two things: an eye for figures of speech (saying something a little slant); and an ear for music, rhythms and forms. Accessible poems can be deep; seemingly complex ones can be shallow.\nAn... ", "external_links": [], "published": "2018-01-05T23:35:00.000+02:00", "crawled": "2018-01-06T00:11:34.007+02:00", "highlightTitle": ""}