{"organizations": [], "uuid": "70e516917a944de929a8b20b495e18f0fdb76eb7", "thread": {"social": {"gplus": {"shares": 0}, "pinterest": {"shares": 0}, "vk": {"shares": 0}, "linkedin": {"shares": 0}, "facebook": {"likes": 0, "shares": 0, "comments": 0}, "stumbledupon": {"shares": 0}}, "site_full": "www.reuters.com", "main_image": "https://s4.reutersmedia.net/resources_v2/images/rcom-default.png", "site_section": "http://feeds.reuters.com/reuters/companyNews\r", "section_title": "Reuters: Company News", "url": "https://www.reuters.com/article/brief-benefitmall-names-scott-kirksey-ce/brief-benefitmall-names-scott-kirksey-ceo-idUSASB0BZHL", "country": "US", "domain_rank": 408, "title": "BRIEF-BenefitMall Names Scott Kirksey CEO", "performance_score": 0, "site": "reuters.com", "participants_count": 0, "title_full": "", "spam_score": 0.0, "site_type": "news", "published": "2018-01-02T22:20:00.000+02:00", "replies_count": 0, "uuid": "70e516917a944de929a8b20b495e18f0fdb76eb7"}, "author": "", "url": "https://www.reuters.com/article/brief-benefitmall-names-scott-kirksey-ce/brief-benefitmall-names-scott-kirksey-ceo-idUSASB0BZHL", "ord_in_thread": 0, "title": "BRIEF-BenefitMall Names Scott Kirksey CEO", "locations": [], "entities": {"persons": [{"name": "scott kirksey", "sentiment": "negative"}, {"name": "benefitmall", "sentiment": "none"}, {"name": "bernard difiore", "sentiment": "none"}], "locations": [], "organizations": [{"name": "reuters", "sentiment": "negative"}, {"name": "eikon", "sentiment": "none"}]}, "highlightText": "", "language": "english", "persons": [], "text": "January 2, 2018 / 8:21 PM / Updated 14 minutes ago BRIEF-BenefitMall Names Scott Kirksey CEO Reuters Staff \nJan 2 (Reuters) - BenefitMall: * BENEFITMALL NAMES SCOTT KIRKSEY CEO \n* BENEFITMALL SAYS OUTGOING CEO BERNARD DIFIORE WILL CONTINUE AS CHAIRMAN OF BENEFITMALL‘S BOARD OF DIRECTORS Source text for Eikon: Further company coverage:", "external_links": [], "published": "2018-01-02T22:20:00.000+02:00", "crawled": "2018-01-02T22:41:31.003+02:00", "highlightTitle": ""}