{"organizations": [], "uuid": "128b1346c785e0e564417dc0833f1142e57ac5c4", "thread": {"social": {"gplus": {"shares": 0}, "pinterest": {"shares": 0}, "vk": {"shares": 0}, "linkedin": {"shares": 0}, "facebook": {"likes": 0, "shares": 0, "comments": 0}, "stumbledupon": {"shares": 0}}, "site_full": "www.reuters.com", "main_image": "https://s4.reutersmedia.net/resources_v2/images/rcom-default.png", "site_section": "http://www.reuters.com/resources/archive/us/20180108.html", "section_title": "Archive News &amp; Video for Monday, 08 Jan 2018 | Reuters.com", "url": "https://www.reuters.com/article/brief-aberdeen-standard-european-to-acqu/brief-aberdeen-standard-european-to-acquire-flrsheim-logistics-park-idUSFWN1P30V0", "country": "US", "domain_rank": 408, "title": "BRIEF-Aberdeen Standard European To Acquire Flörsheim Logistics Park", "performance_score": 0, "site": "reuters.com", "participants_count": 1, "title_full": "", "spam_score": 0.032, "site_type": "news", "published": "2018-01-09T00:03:00.000+02:00", "replies_count": 0, "uuid": "128b1346c785e0e564417dc0833f1142e57ac5c4"}, "author": "Reuters Editorial", "url": "https://www.reuters.com/article/brief-aberdeen-standard-european-to-acqu/brief-aberdeen-standard-european-to-acquire-flrsheim-logistics-park-idUSFWN1P30V0", "ord_in_thread": 0, "title": "BRIEF-Aberdeen Standard European To Acquire Flörsheim Logistics Park", "locations": [], "entities": {"persons": [], "locations": [{"name": "frankfurt", "sentiment": "none"}, {"name": "logistics park", "sentiment": "none"}], "organizations": [{"name": "reuters", "sentiment": "negative"}, {"name": "brief-aberdeen standard european to acquire flörsheim logistics park jan", "sentiment": "negative"}, {"name": "aberdeen", "sentiment": "negative"}, {"name": "aberdeen standard european logistics income plc", "sentiment": "negative"}, {"name": "eikon", "sentiment": "none"}]}, "highlightText": "", "language": "english", "persons": [], "text": "Jan 8 (Reuters) - Aberdeen Standard European Logistics Income Plc:\n* ABERDEEN STANDARD EUROPEAN LOGISTICS - ‍EXCHANGED CONTRACTS TO ACQUIRE FLÖRSHEIM LOGISTICS PARK, FRANKFURT FOR NET VALUE OF EUR 20.1 MILLION\n* ‍ACQUIRING FLÖRSHEIM LOGISTICS PARK FROM SEGRO ZEHNTE GRUNDBESITZ GMBH​\n* ABERDEEN STANDARD EUROPEAN LOGISTICS - ‍ACQUISITION WILL BE FUNDED FROM EXISTING CASH, WITH DEAL CLOSING EXPECTED TOWARDS END OF JAN2018​ Source text for Eikon: Further company coverage: (Bangalore.newsroom@thomsonreuters.com)\n ", "external_links": ["http://thomsonreuters.com/en/about-us/trust-principles.html"], "published": "2018-01-09T00:03:00.000+02:00", "crawled": "2018-01-09T16:54:25.001+02:00", "highlightTitle": ""}