{"organizations": [], "uuid": "cd16f10a014ad0fa405cb00bda1888e8f7d51603", "thread": {"social": {"gplus": {"shares": 0}, "pinterest": {"shares": 0}, "vk": {"shares": 0}, "linkedin": {"shares": 0}, "facebook": {"likes": 0, "shares": 0, "comments": 0}, "stumbledupon": {"shares": 0}}, "site_full": "www.reuters.com", "main_image": "https://yospace-cds1.reuters.com/u/resize~ad1~1200cce9ac69505?width=640&location=LANDSCAPE&videoId=OV7XE4XHN", "site_section": "http://feeds.reuters.com/reuters/USVideoLatest", "section_title": "Reuters Video: Latest Videos US", "url": "https://www.reuters.com/video/2018/01/09/microsoft-halts-some-amd-chip-patches?videoId=381450637", "country": "US", "domain_rank": 408, "title": "Microsoft halts some AMD chip patches", "performance_score": 0, "site": "reuters.com", "participants_count": 0, "title_full": "", "spam_score": 0.0, "site_type": "news", "published": "2018-01-09T22:03:00.000+02:00", "replies_count": 0, "uuid": "cd16f10a014ad0fa405cb00bda1888e8f7d51603"}, "author": "", "url": "https://www.reuters.com/video/2018/01/09/microsoft-halts-some-amd-chip-patches?videoId=381450637", "ord_in_thread": 0, "title": "Microsoft halts some AMD chip patches", "locations": [], "entities": {"persons": [{"name": "elly park", "sentiment": "none"}], "locations": [], "organizations": [{"name": "amd", "sentiment": "negative"}, {"name": "microsoft", "sentiment": "negative"}, {"name": "elly park    microsoft", "sentiment": "none"}]}, "highlightText": "", "language": "english", "persons": [], "text": "Microsoft halts some AMD chip patches 3:03pm EST - 01:21 \nMicrosoft says it suspended Meltdown and Spectre security patches for computers running AMD chips after complaints that the software updates froze some machines. Elly Park   \nMicrosoft says it suspended Meltdown and Spectre security patches for computers running AMD chips after complaints that the software updates froze some machines. Elly Park  //reut.rs/2CVr2ox", "external_links": [], "published": "2018-01-09T22:03:00.000+02:00", "crawled": "2018-01-09T22:28:12.008+02:00", "highlightTitle": ""}