{"organizations": [], "uuid": "7d3d1067d7a8df80bfe89f8bc79077fb1ab02cc8", "thread": {"social": {"gplus": {"shares": 0}, "pinterest": {"shares": 0}, "vk": {"shares": 0}, "linkedin": {"shares": 0}, "facebook": {"likes": 0, "shares": 0, "comments": 0}, "stumbledupon": {"shares": 0}}, "site_full": "www.cnbc.com", "main_image": "https://fm.cnbc.com/applications/cnbc.com/resources/img/editorial/2018/01/10/104939207-4ED3-CB-TRUMP-NORWAY-5-V2-011018.600x400.jpg", "site_section": "http://www.cnbc.com/id/100004038/device/rss/rss.html", "section_title": "Latest Video", "url": "https://www.cnbc.com/video/2018/01/10/trump-we-will-have-peace-through-strength.html", "country": "US", "domain_rank": 767, "title": "Trump: We will have peace through strength", "performance_score": 0, "site": "cnbc.com", "participants_count": 0, "title_full": "", "spam_score": 0.0, "site_type": "news", "published": "2018-01-10T22:24:00.000+02:00", "replies_count": 0, "uuid": "7d3d1067d7a8df80bfe89f8bc79077fb1ab02cc8"}, "author": "", "url": "https://www.cnbc.com/video/2018/01/10/trump-we-will-have-peace-through-strength.html", "ord_in_thread": 0, "title": "Trump: We will have peace through strength", "locations": [], "entities": {"persons": [{"name": "trump", "sentiment": "negative"}, {"name": "donald", "sentiment": "negative"}, {"name": "erna solberg", "sentiment": "none"}], "locations": [{"name": "norway", "sentiment": "none"}], "organizations": []}, "highlightText": "", "language": "english", "persons": [], "text": "Trump: We will have peace through strength 42 Mins Ago At a joint news conference, President Donald Trump and Norway Prime Minister Erna Solberg answer questions about military conflicts.", "external_links": [], "published": "2018-01-10T22:24:00.000+02:00", "crawled": "2018-01-10T23:10:13.019+02:00", "highlightTitle": ""}