{"organizations": [], "uuid": "41ccc52909175577ddebea411b4694cab12ed7de", "thread": {"social": {"gplus": {"shares": 0}, "pinterest": {"shares": 0}, "vk": {"shares": 0}, "linkedin": {"shares": 0}, "facebook": {"likes": 0, "shares": 0, "comments": 0}, "stumbledupon": {"shares": 0}}, "site_full": "in.reuters.com", "main_image": "https://yospace-cds1.reuters.com/u/resize~ad1~1200cce51a254ea?width=640&location=LANDSCAPE&videoId=OV7WACPYJ", "site_section": "http://feeds.reuters.com/reuters/VideoINLatest\r", "section_title": "Reuters Video: Latest Videos IN", "url": "https://in.reuters.com/video/2018/01/01/iran-protests-grow-death-toll-mounts?videoId=377654702", "country": "US", "domain_rank": 408, "title": "Iran protests grow, death toll mounts", "performance_score": 0, "site": "reuters.com", "participants_count": 0, "title_full": "", "spam_score": 0.0, "site_type": "news", "published": "2018-01-02T08:34:00.000+02:00", "replies_count": 0, "uuid": "41ccc52909175577ddebea411b4694cab12ed7de"}, "author": "", "url": "https://in.reuters.com/video/2018/01/01/iran-protests-grow-death-toll-mounts?videoId=377654702", "ord_in_thread": 0, "title": "Iran protests grow, death toll mounts", "locations": [], "entities": {"persons": [], "locations": [{"name": "iran", "sentiment": "none"}], "organizations": []}, "highlightText": "", "language": "english", "persons": [], "text": "Iran protests grow, death toll mounts 12:04pm IST - 01:43 \nDemonstrations continued for a fifth day, after 13 people were reported to have been killed in the worst wave of unrest since 2009.   \nDemonstrations continued for a fifth day, after 13 people were reported to have been killed in the worst wave of unrest since 2009.  //reut.rs/2CpOx91", "external_links": [], "published": "2018-01-02T08:34:00.000+02:00", "crawled": "2018-01-02T09:07:57.037+02:00", "highlightTitle": ""}