{"organizations": [], "uuid": "16b6922547c7de9aa1b07befdc249cee743b54f9", "thread": {"social": {"gplus": {"shares": 0}, "pinterest": {"shares": 0}, "vk": {"shares": 0}, "linkedin": {"shares": 0}, "facebook": {"likes": 0, "shares": 0, "comments": 0}, "stumbledupon": {"shares": 0}}, "site_full": "www.cnbc.com", "main_image": "//sc.cnbcfm.com/applications/cnbc.com/staticcontent/img/cnbc_logo.gif", "site_section": "http://www.cnbc.com/id/10000027", "section_title": "Press Releases - CNBC", "url": "http://www.cnbc.com/2018/01/05/globe-newswire-smartmetric-appoints-protec-secure-card-as-distributor-for-the-smartmetric-biometric-credit-card-and-security-card.html", "country": "US", "domain_rank": 767, "title": "SmartMetric Appoints PROTEC Secure Card As Distributor For The SmartMetric Biometric Credit Card And Security Card", "performance_score": 0, "site": "cnbc.com", "participants_count": 1, "title_full": "", "spam_score": 0.253, "site_type": "news", "published": "2018-01-05T19:24:00.000+02:00", "replies_count": 0, "uuid": "16b6922547c7de9aa1b07befdc249cee743b54f9"}, "author": "cnbc.com", "url": "http://www.cnbc.com/2018/01/05/globe-newswire-smartmetric-appoints-protec-secure-card-as-distributor-for-the-smartmetric-biometric-credit-card-and-security-card.html", "ord_in_thread": 0, "title": "SmartMetric Appoints PROTEC Secure Card As Distributor For The SmartMetric Biometric Credit Card And Security Card", "locations": [], "entities": {"persons": [{"name": "chaya hendrick", "sentiment": "none"}], "locations": [{"name": "new york", "sentiment": "none"}, {"name": "usa", "sentiment": "none"}, {"name": "protec", "sentiment": "none"}, {"name": "new jersey", "sentiment": "none"}, {"name": "latin america", "sentiment": "none"}], "organizations": [{"name": "smartmetric biometric credit card", "sentiment": "negative"}, {"name": "credit card", "sentiment": "none"}, {"name": "psc", "sentiment": "none"}, {"name": "smartmetric", "sentiment": "none"}, {"name": "biometric security cards", "sentiment": "none"}, {"name": "mastercard", "sentiment": "none"}, {"name": "biometric credit card", "sentiment": "none"}]}, "highlightText": "", "language": "english", "persons": [], "text": "NEW YORK, Jan. 05, 2018 (GLOBE NEWSWIRE) -- SmartMetric, Inc. (OTCQB:SMME) – SmartMetric, the developer of the Biometric Credit Card and Cyber/Access/Identity multi-function security card, is pleased to announce that it has entered into an agreement with Protec Secure Card (“PSC”) headquartered in New Jersey. The agreement appoints PSC as the National Distributor for SmartMetric's Biometric Security Cards within the USA.\nWe are extremely excited with our new relationship with PROTEC, who have years of experience in the Credit Card industry both in the USA and Latin America, SmartMetric’s President and CEO, Chaya Hendrick said today. PROTEC Secure Card are credit card manufacturers who have a Visa, MasterCard and Discover accredited manufacturing facility in the USA.\nSmartMetric has been awarded five (5) patents covering biometric fingerprint cards with additional patents pending. The company has spent more than a decade and many millions of dollars in developing its miniature biometric fingerprint scanner that sits inside a standard chip credit card.\nSmartMetric has created a miniature biometric fingerprint scanner that fits inside credit cards and security cards providing high level biometric security for chip based credit cards, enterprise and government cyber security and access control cards. The intellectual property of the SmartMetric biometric card is protected by five (5) recently “issued” patents.\nPSC is an established Visa, MasterCard and Discover certified credit card manufacturer that specializes in advanced high-quality credit card production for card issuing Banks in the United States along with Central and Latin America. The company is a leader using the most updated equipment and technologies in their secure production facility.\nFor more information concerning the new biometric secured credit and security card from PSC, please contact Tracey Breckenridge at traceyb@protecsecurecard.com .\nSmartMetric is a leading company in the field of biometrics using fingerprint scanning. It manufacturers a super thin fingerprint reader that fits inside credit card thin cards, for payments and security.\nTo find out more about the SmartMetric biometric card solution please visit the company site at www.smartmetric.com .\nTo view the SmartMetric Biometric Card please follow this link - Video of the SmartMetric Biometric Card\nSafe Harbor Statement: Forward-Looking Statements in this press release, which are not historical facts, are forward-looking statements within the meaning of the Private Securities Litigation Reform Act of 1995. Also such forward-looking statements are within the meaning of that term in Section 27A of the Securities Act of 1933 and Section 21E of the Securities Exchange Act of 1934. Our actual results, performance or achievements may differ materially from those expressed or implied by these forward-looking statements. In some cases, you can identify forward-looking statements by the use of words such as \"may,\" \"could,\" \"expect,\" \"intend,\" \"plan,\" \"seek,\" \"anticipate,\" \"believe,\" \"estimate,\" \"predict,\" \"potential,\" \"continue,\" \"likely,\" \"will,\" \"would\" and variations of these terms and similar expressions, or the negative of these terms or similar expressions. Such forward-looking statements are necessarily based upon estimates and assumptions that, while considered reasonable by us and our management, are inherently uncertain. Factors that may cause actual results to differ materially from current expectations include, among others, if we are unable to access the capital necessary to fund current operations or implement our plans for growth; changes in the competitive environment in our industry and the markets where we operate; our ability to access the capital markets; and other risks discussed in the Company's filings with the U.S. Securities and Exchange Commission, including our Annual Report on Form 10-K, which filings are available from the SEC. We caution you not to place undue reliance on any forward-looking statements, which are made as of the date of this press release. We undertake no obligation to update publicly any of these forward-looking statements to reflect actual results, new information or future events, changes in assumptions or changes in other factors affecting forward-looking statements, except to the extent required by applicable laws. If we update one or more forward-looking statements, no inference should be drawn that we will make additional updates with respect to those or other forward-looking statements.\nImportant Additional Information\nInvestors and security holders are urged to carefully review and consider each of SmartMetric Inc. public filings with the SEC, including but not limited to, if applicable, Annual Reports on Form 10-K, proxy statements, Current Reports on Form 8-K and Quarterly Reports on Form 10-Q.\nContact Information\nSmartMetric, Inc.\n3960 Howard Hughes Parkway\nLas Vegas, NV 89169\n+1.702.990.3687 (West Coast Time)\n+1.702.727.8811 (East Coast Time)\ninfo@smartmetric.com\nwww.smartmetric.com\nProtec Secure Card\n80 Corbett Way\nEatontown, NJ 07724\nTracey Breckenridge\nTel. +1-732-542-0700 x 223/ 221/ 206/ 207 (English)\n+1-732-542-0700 x 241 (Spanish)\ntraceyb@protecsecurecard.com\nSource:SmartMetric Inc", "external_links": ["https://www.globenewswire.com/NewsRoom/AttachmentNg/46caf2c4-4e5e-4273-afc4-46b7164e91e1", "http://www.youtube.com/watch?v=4vOGbdqCeI8"], "published": "2018-01-05T19:24:00.000+02:00", "crawled": "2018-01-05T20:12:51.001+02:00", "highlightTitle": ""}