{"organizations": [], "uuid": "61f2e7e130525d7b28fef90eab64415b6de9244a", "thread": {"social": {"gplus": {"shares": 0}, "pinterest": {"shares": 0}, "vk": {"shares": 0}, "linkedin": {"shares": 0}, "facebook": {"likes": 0, "shares": 0, "comments": 0}, "stumbledupon": {"shares": 0}}, "site_full": "uk.reuters.com", "main_image": "https://s4.reutersmedia.net/resources_v2/images/rcom-default.png", "site_section": "http://feeds.reuters.com/reuters/UKTennisNews/", "section_title": "Reuters: Tennis News", "url": "https://uk.reuters.com/article/tennis-auckland-women/tennis-goerges-humbles-wozniacki-to-seal-auckland-title-idUKL4N1P2004", "country": "US", "domain_rank": 408, "title": "Tennis-Goerges humbles Wozniacki to seal Auckland title", "performance_score": 0, "site": "reuters.com", "participants_count": 0, "title_full": "", "spam_score": 0.0, "site_type": "news", "published": "2018-01-07T05:24:00.000+02:00", "replies_count": 0, "uuid": "61f2e7e130525d7b28fef90eab64415b6de9244a"}, "author": "", "url": "https://uk.reuters.com/article/tennis-auckland-women/tennis-goerges-humbles-wozniacki-to-seal-auckland-title-idUKL4N1P2004", "ord_in_thread": 0, "title": "Tennis-Goerges humbles Wozniacki to seal Auckland title", "locations": [], "entities": {"persons": [{"name": "wozniacki", "sentiment": "negative"}, {"name": "sloane stephens", "sentiment": "none"}, {"name": "goerges", "sentiment": "none"}, {"name": "caroline wozniacki", "sentiment": "none"}, {"name": "julia goerges", "sentiment": "none"}, {"name": "venus williams", "sentiment": "none"}], "locations": [{"name": "tennis-goerges", "sentiment": "none"}, {"name": "auckland", "sentiment": "none"}, {"name": "auckland", "sentiment": "none"}, {"name": "new zealand", "sentiment": "none"}, {"name": "auckland tennis centre", "sentiment": "none"}, {"name": "moscow", "sentiment": "none"}, {"name": "zhuhai", "sentiment": "none"}], "organizations": [{"name": "reuters", "sentiment": "none"}]}, "highlightText": "", "language": "english", "persons": [], "text": "January 7, 2018 / 3:27 AM / Updated 7 hours ago Tennis-Goerges humbles Wozniacki to seal Auckland title   \nAUCKLAND, Jan 7 (Reuters) - World number 14 Julia Goerges won her third successive tournament as she blasted her way to a 6-4 7-6(4) victory over Caroline Wozniacki to seal the Auckland Classic title on Sunday. \nGoerges was rarely troubled by the world number three as she used a powerful service and blistering forehands that kept the Dane pinned deep and unable to extend rallies beyond a few shots. \nThe 29-year-old German, who has played at the Auckland tournament every year since her first visit in 2010, extended her winning streak to 14-matches stretching back to last year when she won in Moscow and then the WTA Elite Trophy in Zhuhai. \nBad weather throughout the week wreaked havoc with the schedule in New Zealand’s largest city and both had been required to play their quarter-finals and semi-finals on Saturday. \nBoth players had made the final at the Auckland Tennis Centre before, with the German losing to Sloane Stephens in 2016, while Wozniacki lost to Venus Williams in 2015. \nGoerges however stamped her intentions on the opening point when she smashed a forehand service return back at Wozniacki’s feet and broke to take a 1-0 lead that she never relinquished. \nShe sealed the first set after 35 minutes with her seventh ace and then broke Wozniacki again in the first game of the second set and continued to just overpower the Dane. \nWozniacki had an opportunity to get back on serve in the fourth game when she had a break point but Goerges simply pulled out another ace and consolidated her lead. \nThe Dane, however, was finally getting into the match and while she blew her second break point two games later she finally broke in the eighth to get back on serve and then took a 5-4 lead. \nThat was the only chance she had, however, as Goerges forced a tiebreak and then raced through it to seal the title after 91 minutes with another forehand winner. (Reporting by Greg Stutchbury in Wellington; Editing by Amlan Chakraborty)", "external_links": [], "published": "2018-01-07T05:24:00.000+02:00", "crawled": "2018-01-07T12:35:18.009+02:00", "highlightTitle": ""}