{"organizations": [], "uuid": "4e64c0944942411184bd29f3d81291f118bf2132", "thread": {"social": {"gplus": {"shares": 0}, "pinterest": {"shares": 0}, "vk": {"shares": 0}, "linkedin": {"shares": 0}, "facebook": {"likes": 0, "shares": 0, "comments": 0}, "stumbledupon": {"shares": 0}}, "site_full": "www.cnbc.com", "main_image": "https://fm.cnbc.com/applications/cnbc.com/resources/img/editorial/2018/01/02/104923872-3ED1-SOTS-PaulsenKelly2-010218.600x400.jpg", "site_section": "http://www.cnbc.com/id/100004038/device/rss/rss.html", "section_title": "Latest Video", "url": "https://www.cnbc.com/video/2018/01/02/we-can-get-3-percent-growth-but-its-a-one-hit-wonder-jp-morgans-david-kelly.html", "country": "US", "domain_rank": 767, "title": "We can get 3% growth but it's a one-hit wonder: JP Morgan's David Kelly", "performance_score": 0, "site": "cnbc.com", "participants_count": 0, "title_full": "", "spam_score": 0.0, "site_type": "news", "published": "2018-01-02T17:01:00.000+02:00", "replies_count": 0, "uuid": "4e64c0944942411184bd29f3d81291f118bf2132"}, "author": "", "url": "https://www.cnbc.com/video/2018/01/02/we-can-get-3-percent-growth-but-its-a-one-hit-wonder-jp-morgans-david-kelly.html", "ord_in_thread": 0, "title": "We can get 3% growth but it's a one-hit wonder: JP Morgan's David Kelly", "locations": [], "entities": {"persons": [{"name": "david kelly", "sentiment": "negative"}, {"name": "jim paulsen", "sentiment": "none"}], "locations": [{"name": "j.p.", "sentiment": "none"}], "organizations": [{"name": "jp morgan", "sentiment": "negative"}, {"name": "leuthold group", "sentiment": "none"}, {"name": "morgan asset management", "sentiment": "none"}]}, "highlightText": "", "language": "english", "persons": [], "text": "We can get 3% growth but it's a one-hit wonder: JP Morgan's David Kelly 3 Hours Ago David Kelly, J.P. Morgan Asset Management, and Jim Paulsen, Leuthold Group, discuss the state of the rally in the first day of trading for 2018 as well as what to expect for the domestic economy this year.", "external_links": [], "published": "2018-01-02T17:01:00.000+02:00", "crawled": "2018-01-02T18:09:52.010+02:00", "highlightTitle": ""}