{"organizations": [], "uuid": "24433ff9eff1e27a307698745b79904963755dfa", "thread": {"social": {"gplus": {"shares": 0}, "pinterest": {"shares": 0}, "vk": {"shares": 0}, "linkedin": {"shares": 0}, "facebook": {"likes": 0, "shares": 0, "comments": 0}, "stumbledupon": {"shares": 0}}, "site_full": "www.reuters.com", "main_image": "https://s4.reutersmedia.net/resources_v2/images/rcom-default.png", "site_section": "http://feeds.reuters.com/reuters/companyNews\r", "section_title": "Reuters: Company News", "url": "https://www.reuters.com/article/brief-sears-holdings-says-it-will-be-clo/brief-sears-holdings-says-it-will-be-closing-64-kmart-stores-39-sears-stores-between-early-march-and-early-april-2018-idUSFWN1OZ0XS", "country": "US", "domain_rank": 408, "title": "BRIEF-Sears Holdings says it will be closing 64 Kmart stores, 39 Sears stores between early March and early April 2018", "performance_score": 0, "site": "reuters.com", "participants_count": 0, "title_full": "", "spam_score": 0.0, "site_type": "news", "published": "2018-01-04T22:21:00.000+02:00", "replies_count": 0, "uuid": "24433ff9eff1e27a307698745b79904963755dfa"}, "author": "", "url": "https://www.reuters.com/article/brief-sears-holdings-says-it-will-be-clo/brief-sears-holdings-says-it-will-be-closing-64-kmart-stores-39-sears-stores-between-early-march-and-early-april-2018-idUSFWN1OZ0XS", "ord_in_thread": 0, "title": "BRIEF-Sears Holdings says it will be closing 64 Kmart stores, 39 Sears stores between early March and early April 2018", "locations": [], "entities": {"persons": [], "locations": [], "organizations": [{"name": "kmart", "sentiment": "negative"}, {"name": "brief-sears holdings", "sentiment": "negative"}, {"name": "sears holdings corp", "sentiment": "none"}, {"name": "informed associates", "sentiment": "none"}, {"name": "bengaluru newsroom", "sentiment": "none"}, {"name": "reuters", "sentiment": "none"}]}, "highlightText": "", "language": "english", "persons": [], "text": "#Market News January 4, 2018 / 8:24 PM / Updated 6 minutes ago BRIEF-Sears Holdings says it will be closing 64 Kmart stores, 39 Sears stores between early March and early April 2018 Reuters Staff 1 Min Read \nJan 4 (Reuters) - Sears Holdings Corp: \n* SEARS HOLDINGS - INFORMED ASSOCIATES AT 64 KMART STORES, 39 SEARS STORES THAT IT WILL BE CLOSING THESE STORES BETWEEN EARLY MARCH AND EARLY APRIL 2018 Source text - bit.ly/2CHPB8w Further company coverage: (Bengaluru Newsroom)", "external_links": [], "published": "2018-01-04T22:21:00.000+02:00", "crawled": "2018-01-04T22:41:04.012+02:00", "highlightTitle": ""}