{"organizations": [], "uuid": "78456a379f8b24ed12ceabd12dd542738e70986e", "thread": {"social": {"gplus": {"shares": 0}, "pinterest": {"shares": 0}, "vk": {"shares": 0}, "linkedin": {"shares": 0}, "facebook": {"likes": 0, "shares": 0, "comments": 0}, "stumbledupon": {"shares": 0}}, "site_full": "www.reuters.com", "main_image": "https://s4.reutersmedia.net/resources_v2/images/rcom-default.png", "site_section": "http://feeds.reuters.com/reuters/companyNews\r", "section_title": "Reuters: Company News", "url": "https://www.reuters.com/article/shaw-comms-jim-shaw/shaw-communications-former-ceo-jim-shaw-dies-idUSL4N1OZ27N", "country": "US", "domain_rank": 408, "title": "Shaw Communications former CEO Jim Shaw dies", "performance_score": 0, "site": "reuters.com", "participants_count": 0, "title_full": "", "spam_score": 0.0, "site_type": "news", "published": "2018-01-04T08:18:00.000+02:00", "replies_count": 0, "uuid": "78456a379f8b24ed12ceabd12dd542738e70986e"}, "author": "", "url": "https://www.reuters.com/article/shaw-comms-jim-shaw/shaw-communications-former-ceo-jim-shaw-dies-idUSL4N1OZ27N", "ord_in_thread": 0, "title": "Shaw Communications former CEO Jim Shaw dies", "locations": [], "entities": {"persons": [{"name": "jim shaw", "sentiment": "negative"}, {"name": "kanishka singh", "sentiment": "none"}, {"name": "bradley shaw", "sentiment": "none"}, {"name": "amrutha gayathri", "sentiment": "none"}, {"name": "edward rogers", "sentiment": "none"}, {"name": "alastair sharp", "sentiment": "none"}, {"name": "shaw", "sentiment": "none"}], "locations": [{"name": "bengaluru", "sentiment": "none"}, {"name": "toronto", "sentiment": "none"}], "organizations": [{"name": "reuters", "sentiment": "negative"}, {"name": "shaw communications", "sentiment": "negative"}, {"name": "rogers communications inc", "sentiment": "none"}, {"name": "jr shaw", "sentiment": "none"}, {"name": "reuters) - shaw communications inc", "sentiment": "none"}]}, "highlightText": "", "language": "english", "persons": [], "text": "January 4, 2018 / 6:18 AM / Updated 3 hours ago Shaw Communications former CEO Jim Shaw dies Reuters Staff 1 Min Read \nJan 4 (Reuters) - Shaw Communications Inc’s former chief executive, Jim Shaw, died on Wednesday at the age of 60, the Canadian telecom company said in a statement. \nShaw, who served as vice chairman since 2008, died following a brief illness, Shaw Communications said. \nAfter joining the company in 1982, Shaw served as its second CEO from 1998 to 2010, before being succeeded by his brother, Bradley Shaw. Their father, JR Shaw, founded the company in 1966. reut.rs/2lTSqYN \nEdward Rogers, chairman of rival Rogers Communications Inc , commenting on Shaw’s death, described him as a confident entrepreneur with a lasting impact on the Canadian cable sector. (Reporting by Kanishka Singh in Bengaluru and Alastair Sharp in Toronto; Editing by Amrutha Gayathri)", "external_links": [], "published": "2018-01-04T08:18:00.000+02:00", "crawled": "2018-01-04T08:31:36.011+02:00", "highlightTitle": ""}