{"organizations": [], "uuid": "eeaf39ab20d7171644361d1109bc9b820694a839", "thread": {"social": {"gplus": {"shares": 0}, "pinterest": {"shares": 0}, "vk": {"shares": 0}, "linkedin": {"shares": 0}, "facebook": {"likes": 0, "shares": 0, "comments": 0}, "stumbledupon": {"shares": 0}}, "site_full": "www.reuters.com", "main_image": "https://s3.reutersmedia.net/resources/r/?m=02&d=20180108&t=2&i=1220211057&w=1200&r=LYNXMPEE070GL", "site_section": "https://www.reuters.com/subjects/middle-east", "section_title": "Middle East Insight", "url": "https://www.reuters.com/article/us-el-al-arlns-ceo/israels-el-al-names-former-pilot-usishkin-as-ceo-idUSKBN1EX0N3", "country": "US", "domain_rank": 408, "title": "Israel's El Al names former pilot Usishkin as CEO", "performance_score": 0, "site": "reuters.com", "participants_count": 1, "title_full": "", "spam_score": 0.002, "site_type": "news", "published": "2018-01-08T16:42:00.000+02:00", "replies_count": 0, "uuid": "eeaf39ab20d7171644361d1109bc9b820694a839"}, "author": "Reuters Editorial", "url": "https://www.reuters.com/article/us-el-al-arlns-ceo/israels-el-al-names-former-pilot-usishkin-as-ceo-idUSKBN1EX0N3", "ord_in_thread": 0, "title": "Israel's El Al names former pilot Usishkin as CEO", "locations": [], "entities": {"persons": [{"name": "gonen usishkin", "sentiment": "negative"}, {"name": "tova cohen", "sentiment": "none"}, {"name": "ari rabinovitch", "sentiment": "none"}, {"name": "usishkin", "sentiment": "none"}, {"name": "maimon", "sentiment": "none"}, {"name": "david maimon", "sentiment": "none"}], "locations": [{"name": "israel", "sentiment": "none"}, {"name": "united states", "sentiment": "none"}, {"name": "europe", "sentiment": "none"}], "organizations": [{"name": "reuters", "sentiment": "negative"}, {"name": "el al", "sentiment": "negative"}, {"name": "el al israel airlines", "sentiment": "negative"}, {"name": "boeing", "sentiment": "none"}]}, "highlightText": "", "language": "english", "persons": [], "text": "TEL AVIV (Reuters) - El Al Israel Airlines ( ELAL.TA ) on Monday named former pilot Gonen Usishkin as its new chief executive, replacing David Maimon who announced in November he would step down after four years in the job.\nThe Israeli flag carrier said Usishkin, commercial vice president at El Al, will take up his new position in the coming weeks following a transition period.\nUsishkin, born in 1967, is a former air force pilot. He joined El Al in 2004 and piloted 747 aircraft before moving into management. Prior to his position as vice president he was head of strategy and business development.\nMaimon, who was at El Al for 13 years in total, led the airline in its procurement of 16 Boeing 787 Dreamliner aircraft and launched new routes to the United States and Europe. [L5N1ND6XP]\nReporting by Tova Cohen, Editing by Ari Rabinovitch\n ", "external_links": ["http://thomsonreuters.com/en/about-us/trust-principles.html"], "published": "2018-01-08T16:42:00.000+02:00", "crawled": "2018-01-08T14:06:25.002+02:00", "highlightTitle": ""}