{"organizations": [], "uuid": "36573f1d1336bdc9700562f9a4aeccfeaf47f5a9", "thread": {"social": {"gplus": {"shares": 0}, "pinterest": {"shares": 0}, "vk": {"shares": 0}, "linkedin": {"shares": 0}, "facebook": {"likes": 0, "shares": 0, "comments": 0}, "stumbledupon": {"shares": 0}}, "site_full": "www.reuters.com", "main_image": "https://s4.reutersmedia.net/resources_v2/images/rcom-default.png", "site_section": "http://feeds.reuters.com/reuters/companyNews", "section_title": "Reuters: Company News", "url": "https://www.reuters.com/article/brief-acetos-unit-launches-efavirenz-cap/brief-acetos-unit-launches-efavirenz-capsules-50mg-200mg-idUSFWN1OX0NF", "country": "US", "domain_rank": 408, "title": "BRIEF-Aceto's Unit Launches Efavirenz Capsules, 50Mg, 200Mg", "performance_score": 0, "site": "reuters.com", "participants_count": 0, "title_full": "", "spam_score": 0.0, "site_type": "news", "published": "2018-01-02T19:57:00.000+02:00", "replies_count": 0, "uuid": "36573f1d1336bdc9700562f9a4aeccfeaf47f5a9"}, "author": "", "url": "https://www.reuters.com/article/brief-acetos-unit-launches-efavirenz-cap/brief-acetos-unit-launches-efavirenz-capsules-50mg-200mg-idUSFWN1OX0NF", "ord_in_thread": 0, "title": "BRIEF-Aceto's Unit Launches Efavirenz Capsules, 50Mg, 200Mg", "locations": [], "entities": {"persons": [{"name": "efavirenz capsules", "sentiment": "negative"}], "locations": [], "organizations": [{"name": "brief-aceto", "sentiment": "negative"}, {"name": "reuters", "sentiment": "none"}, {"name": "eikon", "sentiment": "none"}, {"name": "aceto corp", "sentiment": "none"}]}, "highlightText": "", "language": "english", "persons": [], "text": "January 2, 2018 / 5:59 PM / Updated 4 minutes ago BRIEF-Aceto's Unit Launches Efavirenz Capsules, 50Mg, 200Mg Reuters Staff \nJan 2 (Reuters) - Aceto Corp: \n* ACETO SUBSIDIARY, RISING PHARMACEUTICALS, LAUNCHES EFAVIRENZ CAPSULES, 50MG AND 200MG \n* SAYS UNIT ‍LAUNCHED GENERIC FOR EFAVIRENZ CAPSULES, AN FDA-APPROVED GENERIC VERSION OF REFERENCE LISTED DRUG SUSTIVA FROM BRISTOL MYERS SQUIBB​ Source text for Eikon: Further company coverage:", "external_links": [], "published": "2018-01-02T19:57:00.000+02:00", "crawled": "2018-01-02T20:09:15.001+02:00", "highlightTitle": ""}