{"organizations": [], "uuid": "9e04de8ec54793bd5c68b17cefc7287d155d7818", "thread": {"social": {"gplus": {"shares": 0}, "pinterest": {"shares": 0}, "vk": {"shares": 0}, "linkedin": {"shares": 0}, "facebook": {"likes": 0, "shares": 0, "comments": 0}, "stumbledupon": {"shares": 0}}, "site_full": "www.cnbc.com", "main_image": "https://fm.cnbc.com/applications/cnbc.com/resources/img/editorial/2017/12/05/104880778-RTX3KLKH-sarah-sanders.1910x1000.jpg", "site_section": "", "section_title": "", "url": "https://www.cnbc.com/2018/01/04/watch-white-house-press-briefing-after-trump-lawyers-push-back-against-book.html", "country": "US", "domain_rank": 767, "title": "Watch White House press briefing after Trump lawyers push back against book", "performance_score": 0, "site": "cnbc.com", "participants_count": 0, "title_full": "", "spam_score": 0.431, "site_type": "news", "published": "2018-01-04T21:02:00.000+02:00", "replies_count": 0, "uuid": "9e04de8ec54793bd5c68b17cefc7287d155d7818"}, "author": "Jacob Pramuk", "url": "https://www.cnbc.com/2018/01/04/watch-white-house-press-briefing-after-trump-lawyers-push-back-against-book.html", "ord_in_thread": 0, "title": "Watch White House press briefing after Trump lawyers push back against book", "locations": [], "entities": {"persons": [{"name": "trump", "sentiment": "negative"}, {"name": "donald trump", "sentiment": "none"}, {"name": "sarah huckabee sanders", "sentiment": "none"}, {"name": "sanders", "sentiment": "none"}], "locations": [], "organizations": [{"name": "watch white house", "sentiment": "negative"}, {"name": "white house", "sentiment": "none"}, {"name": "department of justice", "sentiment": "none"}]}, "highlightText": "", "language": "english", "persons": [], "text": "22 Mins Ago CNBC.com If you are experiencing issues watching this video, tap here to view it in your browser. SHARES \n[ The stream is slated to start at 2 p.m., ET. Please refresh the page if you do not see a player above at that time .] \nWhite House press secretary Sarah Huckabee Sanders briefs reporters Thursday as President Donald Trump and his legal team push back against an explosive upcoming book about the early days of the president's administration. \nSanders could also face questions about the Department of Justice's move to enforce federal marijuana laws more stringently and the president's meeting with Republican senators about immigration policy. \nRead more:", "external_links": [], "published": "2018-01-04T21:02:00.000+02:00", "crawled": "2018-01-04T21:02:28.002+02:00", "highlightTitle": ""}