{"organizations": [], "uuid": "f489f1b7bd2173cf5a8047c9698ed524b533d954", "thread": {"social": {"gplus": {"shares": 0}, "pinterest": {"shares": 0}, "vk": {"shares": 0}, "linkedin": {"shares": 0}, "facebook": {"likes": 0, "shares": 0, "comments": 0}, "stumbledupon": {"shares": 0}}, "site_full": "www.wsj.com", "main_image": "https://si.wsj.net/public/resources/images/BN-WV717_dojpot_SOC_20180104101714.jpg", "site_section": "http://online.wsj.com/xml/rss/3_8068.xml", "section_title": "WSJ.com US News", "url": "https://www.wsj.com/articles/justice-department-to-rescind-obama-era-relaxation-of-marijuana-prosecution-1515080168", "country": "US", "domain_rank": 387, "title": "Justice Department to Rescind Obama-Era Relaxation of Marijuana Prosecution", "performance_score": 0, "site": "wsj.com", "participants_count": 1, "title_full": "", "spam_score": 0.0, "site_type": "news", "published": "2018-01-04T17:36:00.000+02:00", "replies_count": 0, "uuid": "f489f1b7bd2173cf5a8047c9698ed524b533d954"}, "author": "Del Quentin Wilber", "url": "https://www.wsj.com/articles/justice-department-to-rescind-obama-era-relaxation-of-marijuana-prosecution-1515080168", "ord_in_thread": 0, "title": "Justice Department to Rescind Obama-Era Relaxation of Marijuana Prosecution", "locations": [], "entities": {"persons": [{"name": "jeff", "sentiment": "negative"}, {"name": "lance rogers", "sentiment": "none"}, {"name": "getty", "sentiment": "none"}, {"name": "greenspoon marder", "sentiment": "none"}], "locations": [{"name": "u.s.", "sentiment": "none"}], "organizations": [{"name": "justice department", "sentiment": "negative"}]}, "highlightText": "", "language": "english", "persons": [], "text": "Attorney General Jeff Sessions Thursday is expected to rescind an Obama-era Justice Department policy that took a largely hands-off approach to the marijuana industry in states that have legalized the drug’s sale for medical and recreational purposes, according to an official familiar with the plan.\nThe attorney general will instead permit local U.S. attorneys, the top federal prosecutors in the states, to decide whether to more aggressively enforce drug laws governing marijuana trafficking and sales.\n... RELATED VIDEO Which States Legalized Marijuana? The legal, recreational use of marijuana passed in four states in November 2016 with another three states passed it for medicinal use. Lance Rogers, manager of the cannabis law practice for law firm Greenspoon Marder, explained how those votes could influence efforts to legalize pot in other states. Photo: Getty (Originally published Nov. 9, 2016)  ", "external_links": [], "published": "2018-01-04T17:36:00.000+02:00", "crawled": "2018-01-04T18:53:20.001+02:00", "highlightTitle": ""}