{"organizations": [], "uuid": "69a1e23232071b9b620ccd005f76791897a43c34", "thread": {"social": {"gplus": {"shares": 0}, "pinterest": {"shares": 0}, "vk": {"shares": 0}, "linkedin": {"shares": 0}, "facebook": {"likes": 0, "shares": 0, "comments": 0}, "stumbledupon": {"shares": 0}}, "site_full": "www.cnbc.com", "main_image": "//sc.cnbcfm.com/applications/cnbc.com/staticcontent/img/cnbc_logo.gif", "site_section": "http://www.cnbc.com/id/10000027", "section_title": "Press Releases - CNBC", "url": "http://www.cnbc.com/2018/01/05/globe-newswire-verizon-acquires-niddel-to-add-security-detection-and-response-capabilities-for-business-customers.html", "country": "US", "domain_rank": 767, "title": "Verizon acquires Niddel to add security detection and response capabilities for business customers", "performance_score": 0, "site": "cnbc.com", "participants_count": 1, "title_full": "", "spam_score": 0.0, "site_type": "news", "published": "2018-01-05T22:52:00.000+02:00", "replies_count": 0, "uuid": "69a1e23232071b9b620ccd005f76791897a43c34"}, "author": "cnbc.com", "url": "http://www.cnbc.com/2018/01/05/globe-newswire-verizon-acquires-niddel-to-add-security-detection-and-response-capabilities-for-business-customers.html", "ord_in_thread": 0, "title": "Verizon acquires Niddel to add security detection and response capabilities for business customers", "locations": [], "entities": {"persons": [{"name": "niddel", "sentiment": "negative"}, {"name": "alexander schlager", "sentiment": "none"}, {"name": "felipe boucas", "sentiment": "none"}], "locations": [{"name": "new york", "sentiment": "none"}, {"name": "niddel", "sentiment": "none"}], "organizations": [{"name": "verizon", "sentiment": "negative"}, {"name": "niddel corp.", "sentiment": "none"}]}, "highlightText": "", "language": "english", "persons": [], "text": "NEW YORK, Jan. 05, 2018 (GLOBE NEWSWIRE) -- Adding to its portfolio of managed security detection and response services for enterprise customers, Verizon (NYSE:VZ) (Nasdaq:VZ) today acquired privately held Niddel Corp., a company offering machine-learning-based automated threat hunting.\nTerms of the transaction were not announced. Niddel’s advanced technology and services will soon be integrated into, and enhance, Verizon’s existing offerings.\n“Using machine learning to improve information accuracy significantly reduces false positives and significantly improves our detection and response capabilities,” said Alexander Schlager, Verizon’s executive director for security services. “Niddel’s Magnet software is an innovative threat-hunting system, and we look forward to integrating this automated solution into the already robust set of managed security services offered by Verizon.”\nFelipe Boucas, CEO of Niddel, said, “Verizon is the perfect partner to accelerate our long-term vision of delivering automation and intelligence solutions through machine learning to more organizations throughout the world.”\nMore information about how Verizon’s managed security services can help protect organizations is available at www.verizonenterprise.com/products/security .\nVerizon Communications Inc. (NYSE:VZ) (Nasdaq:VZ), headquartered in New York City, has a diverse workforce of 160,100 and generated nearly $126 billion in 2016 revenues. Verizon operates America’s most reliable wireless network and the nation’s premier all-fiber network, and delivers integrated solutions to businesses worldwide. Its Oath subsidiary reaches about one billion people around the world with a dynamic house of media and technology brands.\nVERIZON'S ONLINE MEDIA CENTER: News releases, stories, media contacts and other resources are available at www.verizon.com/about/news/ . News releases are also available through an RSS feed. To subscribe, visit www.verizon.com/about/rss-feeds/ .\nMedia contact:\nBob Varettoni\n908-559-6388\nrobert.a.varettoni@verizon.com\nSource:Verizon Communications", "external_links": ["https://www.globenewswire.com/Tracker?data=c3ViiLzzFx6WJPFvw2KCi0CFv8r7JVJOtrCKdGb5ttS_dNgRIFuepeN0cLueiWLnENi7jVyDlrR0WviAkIy_mYad4q06OYoIeU6P_yVll5Eu0RpVJ4UkLniW2k-SAMjU", "https://www.globenewswire.com/Tracker?data=c3ViiLzzFx6WJPFvw2KCi0CFv8r7JVJOtrCKdGb5ttT5WRc15XKAsICEmpmjLv3kHptjenQSuwmIlrXfMOx8Mm3a0KrySbkvfPnBWwTtKMFQg-xmuYLVXjJs7YZlF5y0", "https://www.globenewswire.com/Tracker?data=ifc1za19065u2W_ZvIWCn4BMa0NJCfzKXk_RrFBmuEbjU7CkI9k5APqPsPFL1V4XMFHyYnSpdhT87Yx1zbt1vOf4nkE7Vz89g4CzzY25YEyUtWxN6Xo04HyGmwKVA7Bj", "https://www.globenewswire.com/Tracker?data=c3ViiLzzFx6WJPFvw2KCi-abPSmMRFG0PvU2UmDLy4yg8OIjajyGa13WPrTyqbokWCz7g4JxprAjo6mWh34EhYoH1Oo2FBQaDy5oV1slrYYX1Wqbq3uTyaEwSJ53OGoJsWeNJ-Ff09cI-VdjdBt-my-9W_cJyYDWXdYYUO82ao0=", "https://www.globenewswire.com/NewsRoom/AttachmentNg/3c9ba738-077d-4b44-a6f3-af63db54eea5"], "published": "2018-01-05T22:52:00.000+02:00", "crawled": "2018-01-05T23:24:20.000+02:00", "highlightTitle": ""}