{"organizations": [], "uuid": "efe1ca5d1848d21d1daaa60988dd67d134a9514e", "thread": {"social": {"gplus": {"shares": 0}, "pinterest": {"shares": 0}, "vk": {"shares": 0}, "linkedin": {"shares": 0}, "facebook": {"likes": 0, "shares": 0, "comments": 0}, "stumbledupon": {"shares": 0}}, "site_full": "www.reuters.com", "main_image": "https://s4.reutersmedia.net/resources_v2/images/rcom-default.png", "site_section": "http://feeds.reuters.com/reuters/UKBankingFinancial", "section_title": "Reuters: Financial Services and Real Estate", "url": "https://www.reuters.com/article/media-kushners-financial-ties-to-israel/media-kushners-financial-ties-to-israel-deepen-even-with-mideast-diplomatic-role-nyt-idUSL1N1P20CY", "country": "US", "domain_rank": 408, "title": "MEDIA-Kushner’s financial ties to Israel deepen even with mideast diplomatic role -NYT", "performance_score": 0, "site": "reuters.com", "participants_count": 0, "title_full": "", "spam_score": 0.0, "site_type": "news", "published": "2018-01-07T23:13:00.000+02:00", "replies_count": 0, "uuid": "efe1ca5d1848d21d1daaa60988dd67d134a9514e"}, "author": "", "url": "https://www.reuters.com/article/media-kushners-financial-ties-to-israel/media-kushners-financial-ties-to-israel-deepen-even-with-mideast-diplomatic-role-nyt-idUSL1N1P20CY", "ord_in_thread": 0, "title": "MEDIA-Kushner’s financial ties to Israel deepen even with mideast diplomatic role -NYT", "locations": [], "entities": {"persons": [{"name": "elizabeth dilts", "sentiment": "none"}], "locations": [{"name": "israel", "sentiment": "none"}], "organizations": [{"name": "reuters", "sentiment": "none"}]}, "highlightText": "", "language": "english", "persons": [], "text": "January 7, 2018 / 9:15 PM / Updated 29 minutes ago MEDIA-Kushner’s financial ties to Israel deepen even with mideast diplomatic role -NYT Reuters Staff 1 Min Read \n-- Source link: nyti.ms/2CP0UM7 -- Note: Reuters has not verified this story and does not vouch for its accuracy (Reporting By Elizabeth Dilts)", "external_links": [], "published": "2018-01-07T23:13:00.000+02:00", "crawled": "2018-01-07T23:50:13.002+02:00", "highlightTitle": ""}