{"organizations": [], "uuid": "5a7dc439ba0430db021118ab99f75c50b070b149", "thread": {"social": {"gplus": {"shares": 0}, "pinterest": {"shares": 0}, "vk": {"shares": 0}, "linkedin": {"shares": 0}, "facebook": {"likes": 0, "shares": 0, "comments": 0}, "stumbledupon": {"shares": 0}}, "site_full": "www.reuters.com", "main_image": "https://s4.reutersmedia.net/resources_v2/images/rcom-default.png", "site_section": "http://www.reuters.com/resources/archive/us/20180115.html", "section_title": "Archive News &amp; Video for Monday, 15 Jan 2018 | Reuters.com", "url": "https://www.reuters.com/article/brief-egnsinvest-ejendomme-tyskland-prel/brief-egnsinvest-ejendomme-tyskland-preliminary-q4-ebvat-at-dkk-4-0-million-idUSFWN1PA04U", "country": "US", "domain_rank": 408, "title": "BRIEF-EgnsINVEST Ejendomme Tyskland Preliminary Q4 ‍EBVAT At DKK 4.0 Million​", "performance_score": 0, "site": "reuters.com", "participants_count": 1, "title_full": "", "spam_score": 0.084, "site_type": "news", "published": "2018-01-15T18:54:00.000+02:00", "replies_count": 0, "uuid": "5a7dc439ba0430db021118ab99f75c50b070b149"}, "author": "Reuters Editorial", "url": "https://www.reuters.com/article/brief-egnsinvest-ejendomme-tyskland-prel/brief-egnsinvest-ejendomme-tyskland-preliminary-q4-ebvat-at-dkk-4-0-million-idUSFWN1PA04U", "ord_in_thread": 0, "title": "BRIEF-EgnsINVEST Ejendomme Tyskland Preliminary Q4 ‍EBVAT At DKK 4.0 Million​", "locations": [], "entities": {"persons": [], "locations": [], "organizations": [{"name": "ebvat", "sentiment": "negative"}, {"name": "reuters", "sentiment": "negative"}, {"name": "eikon", "sentiment": "none"}, {"name": "gdynia newsroom", "sentiment": "none"}]}, "highlightText": "", "language": "english", "persons": [], "text": "Jan 15 (Reuters) - EGNSINVEST EJENDOMME TYSKLAND A/S :\n* PRELIMINARY Q4 ‍EBVAT AT DKK 4.0 MILLION​ Source text for Eikon: Further company coverage: (Gdynia Newsroom)\n ", "external_links": ["http://thomsonreuters.com/en/about-us/trust-principles.html"], "published": "2018-01-15T18:54:00.000+02:00", "crawled": "2018-01-16T13:14:55.015+02:00", "highlightTitle": ""}