{"organizations": [], "uuid": "9d295fd2e6985550b02ef4ca21309e9e544719bf", "thread": {"social": {"gplus": {"shares": 0}, "pinterest": {"shares": 0}, "vk": {"shares": 0}, "linkedin": {"shares": 0}, "facebook": {"likes": 0, "shares": 0, "comments": 0}, "stumbledupon": {"shares": 0}}, "site_full": "www.reuters.com", "main_image": "https://s4.reutersmedia.net/resources_v2/images/rcom-default.png", "site_section": "http://feeds.reuters.com/reuters/companyNews\r", "section_title": "Reuters: Company News", "url": "https://www.reuters.com/article/brief-aurinia-pharmaceuticals-files-for/brief-aurinia-pharmaceuticals-files-for-mixed-shelf-of-up-to-250-mln-idUSFWN1OZ0VU", "country": "US", "domain_rank": 408, "title": "BRIEF-Aurinia Pharmaceuticals Files For Mixed Shelf Of Up To $250 Mln", "performance_score": 0, "site": "reuters.com", "participants_count": 0, "title_full": "", "spam_score": 0.0, "site_type": "news", "published": "2018-01-04T23:40:00.000+02:00", "replies_count": 0, "uuid": "9d295fd2e6985550b02ef4ca21309e9e544719bf"}, "author": "", "url": "https://www.reuters.com/article/brief-aurinia-pharmaceuticals-files-for/brief-aurinia-pharmaceuticals-files-for-mixed-shelf-of-up-to-250-mln-idUSFWN1OZ0VU", "ord_in_thread": 0, "title": "BRIEF-Aurinia Pharmaceuticals Files For Mixed Shelf Of Up To $250 Mln", "locations": [], "entities": {"persons": [], "locations": [], "organizations": [{"name": "brief-aurinia pharmaceuticals files for mixed shel", "sentiment": "negative"}, {"name": "sec", "sentiment": "none"}, {"name": "reuters staff", "sentiment": "none"}, {"name": "aurinia pharmaceuticals inc", "sentiment": "none"}, {"name": "reuters", "sentiment": "none"}]}, "highlightText": "", "language": "english", "persons": [], "text": "January 4, 2018 / 9:43 PM / Updated 8 minutes ago BRIEF-Aurinia Pharmaceuticals Files For Mixed Shelf Of Up To $250 Mln Reuters Staff 1 Min Read \nJan 4 (Reuters) - Aurinia Pharmaceuticals Inc: \n* AURINIA PHARMACEUTICALS INC FILES FOR MIXED SHELF OF UP TO $250 MILLION – SEC FILING Source text: [ bit.ly/2CTvkK1 ] Further company coverage:", "external_links": [], "published": "2018-01-04T23:40:00.000+02:00", "crawled": "2018-01-04T23:53:18.009+02:00", "highlightTitle": ""}