{"organizations": [], "uuid": "9e327c6cbfdc871eea84b4d4fccbdc465a22d55f", "thread": {"social": {"gplus": {"shares": 0}, "pinterest": {"shares": 0}, "vk": {"shares": 0}, "linkedin": {"shares": 0}, "facebook": {"likes": 0, "shares": 0, "comments": 0}, "stumbledupon": {"shares": 0}}, "site_full": "uk.reuters.com", "main_image": "https://s4.reutersmedia.net/resources_v2/images/rcom-default.png", "site_section": "http://feeds.reuters.com/reuters/UKSportsNews", "section_title": "Reuters: Sports News", "url": "https://uk.reuters.com/article/uk-tennis-auckland-women/rain-washes-out-entire-days-play-at-auckland-classic-idUKKBN1ET0UO", "country": "US", "domain_rank": 408, "title": "Rain washes out entire day's play at Auckland Classic", "performance_score": 0, "site": "reuters.com", "participants_count": 0, "title_full": "", "spam_score": 0.0, "site_type": "news", "published": "2018-01-04T10:59:00.000+02:00", "replies_count": 0, "uuid": "9e327c6cbfdc871eea84b4d4fccbdc465a22d55f"}, "author": "", "url": "https://uk.reuters.com/article/uk-tennis-auckland-women/rain-washes-out-entire-days-play-at-auckland-classic-idUKKBN1ET0UO", "ord_in_thread": 0, "title": "Rain washes out entire day's play at Auckland Classic", "locations": [], "entities": {"persons": [{"name": "karl budge", "sentiment": "none"}, {"name": "hsieh su-wei", "sentiment": "none"}, {"name": "caroline wozniacki", "sentiment": "none"}, {"name": "sachia vickery", "sentiment": "none"}, {"name": "agnieszka radwasnka", "sentiment": "none"}, {"name": "julia goerges", "sentiment": "none"}, {"name": "barbora strycova", "sentiment": "none"}, {"name": "polona hercog", "sentiment": "none"}], "locations": [{"name": "auckland", "sentiment": "none"}, {"name": "auckland cla", "sentiment": "none"}, {"name": "czech republic", "sentiment": "none"}, {"name": "taiwan", "sentiment": "none"}, {"name": "sofia kenin while", "sentiment": "none"}], "organizations": [{"name": "new zealand herald", "sentiment": "none"}, {"name": "reuters staff", "sentiment": "none"}, {"name": "reuters", "sentiment": "none"}]}, "highlightText": "", "language": "english", "persons": [], "text": "January 4, 2018 / 9:02 AM / Updated 6 hours ago Rain washes out entire day's play at Auckland Classic Reuters Staff 1 Min Read \n(Reuters) - Persistent rain washed out an entire day’s play at the Auckland Classic on Thursday with more showers predicted to affect Friday’s packed schedule. \nCzech Republic’s third seed Barbora Strycova will square off against Taiwan’s Hsieh Su-wei in the first quarter-final clash on Friday while Julia Goerges plays Polona Hercog in the revised schedule. \nTop seed Caroline Wozniacki meets American wild card entry Sofia Kenin While fourth seed Agnieszka Radwasnka faces American Sachia Vickery in the other quarter-final matches. \nThe semi-final matches have been scheduled for the evening but if rain affects Friday’s schedule, the organisers could schedule the semi-finals and final on Saturday. \n“We’ve done it before,” tournament director Karl Budge was quoted as saying by the New Zealand Herald (www.nzherald.co.nz). \n“There’s been times where three matches have been played on a day as well. We’ve just got to hope the tennis gods start being kind to us.” Reporting   Bengaluru; editing by Amlan Chakraborty", "external_links": [], "published": "2018-01-04T10:59:00.000+02:00", "crawled": "2018-01-04T11:19:17.013+02:00", "highlightTitle": ""}