{"organizations": [], "uuid": "c8bd967f116e96e9758d65ee725faeb95fd269ca", "thread": {"social": {"gplus": {"shares": 0}, "pinterest": {"shares": 0}, "vk": {"shares": 0}, "linkedin": {"shares": 0}, "facebook": {"likes": 0, "shares": 0, "comments": 0}, "stumbledupon": {"shares": 0}}, "site_full": "www.reuters.com", "main_image": "https://s3.reutersmedia.net/resources/r/?m=02&d=20180102&t=2&i=1218871410&w=1200&r=LYNXMPEE010VJ", "site_section": "http://feeds.feedburner.com/reuters/topNews/", "section_title": "Reuters: Top News", "url": "https://www.reuters.com/article/us-usa-congress-hatch/republican-senator-hatch-says-will-retire-at-end-of-current-term-idUSKBN1ER1M6", "country": "US", "domain_rank": 408, "title": "Republican Senator Hatch says will retire at end of current term", "performance_score": 0, "site": "reuters.com", "participants_count": 1, "title_full": "", "spam_score": 0.0, "site_type": "news", "published": "2018-01-03T02:28:00.000+02:00", "replies_count": 0, "uuid": "c8bd967f116e96e9758d65ee725faeb95fd269ca"}, "author": "Reuters Editorial", "url": "https://www.reuters.com/article/us-usa-congress-hatch/republican-senator-hatch-says-will-retire-at-end-of-current-term-idUSKBN1ER1M6", "ord_in_thread": 0, "title": "Republican Senator Hatch says will retire at end of current term", "locations": [], "entities": {"persons": [{"name": "orrin hatch", "sentiment": "negative"}, {"name": "hatch", "sentiment": "negative"}, {"name": "mitt romney", "sentiment": "none"}, {"name": "makini brice", "sentiment": "none"}, {"name": "tim ahmann", "sentiment": "none"}], "locations": [{"name": "washington", "sentiment": "none"}, {"name": "massachusetts", "sentiment": "none"}], "organizations": [{"name": "senate financ", "sentiment": "negative"}, {"name": "reuters", "sentiment": "negative"}, {"name": "senate", "sentiment": "none"}, {"name": "committee", "sentiment": "none"}]}, "highlightText": "", "language": "english", "persons": [], "text": "WASHINGTON (Reuters) - Republican Senator Orrin Hatch, the chairman of the tax-writing Senate Finance Committee, said on Tuesday he would retire at the end of his current term, opening the door to a potential Senate bid by former Massachusetts Governor Mitt Romney, the party’s 2012 presidential nominee. \n“Every good fighter knows when to hang up the gloves. And for me, that time is soon approaching,” Hatch said in a video statement posted to Twitter. “That’s why after much prayer and discussion with family and friends, I’ve decided to retire at the end of this term.” \nReporting by Makini Brice; Editing by Tim Ahmann\n ", "external_links": [], "published": "2018-01-03T02:28:00.000+02:00", "crawled": "2018-01-02T21:41:11.002+02:00", "highlightTitle": ""}