{"organizations": [], "uuid": "cf50938caaae0d88e3a24760721d68afff1c8bf5", "thread": {"social": {"gplus": {"shares": 0}, "pinterest": {"shares": 0}, "vk": {"shares": 0}, "linkedin": {"shares": 0}, "facebook": {"likes": 0, "shares": 0, "comments": 0}, "stumbledupon": {"shares": 0}}, "site_full": "www.cnbc.com", "main_image": "//sc.cnbcfm.com/applications/cnbc.com/staticcontent/img/cnbc_logo.gif", "site_section": "http://www.cnbc.com/id/10000027/page/2", "section_title": "Press Releases - CNBC", "url": "http://www.cnbc.com/2018/01/03/globe-newswire-brookline-bancorp-inc-announces-fourth-quarter-2017-earnings-release-date-and-conference-call.html", "country": "US", "domain_rank": 767, "title": "Brookline Bancorp, Inc. Announces Fourth Quarter 2017 Earnings Release Date and Conference Call", "performance_score": 0, "site": "cnbc.com", "participants_count": 1, "title_full": "", "spam_score": 0.0, "site_type": "news", "published": "2018-01-04T00:15:00.000+02:00", "replies_count": 0, "uuid": "cf50938caaae0d88e3a24760721d68afff1c8bf5"}, "author": "cnbc.com", "url": "http://www.cnbc.com/2018/01/03/globe-newswire-brookline-bancorp-inc-announces-fourth-quarter-2017-earnings-release-date-and-conference-call.html", "ord_in_thread": 0, "title": "Brookline Bancorp, Inc. Announces Fourth Quarter 2017 Earnings Release Date and Conference Call", "locations": [], "entities": {"persons": [], "locations": [{"name": "boston", "sentiment": "none"}, {"name": "rhode island", "sentiment": "none"}, {"name": "united states", "sentiment": "none"}, {"name": "massachusetts", "sentiment": "none"}, {"name": "boston", "sentiment": "none"}], "organizations": [{"name": "brookline bancorp, inc.", "sentiment": "neutral"}, {"name": "brookline bancorp, inc", "sentiment": "neutral"}, {"name": "brookline bank", "sentiment": "none"}, {"name": "brookline bancorp", "sentiment": "none"}, {"name": "bank rhode island", "sentiment": "none"}, {"name": "brookline bancorp", "sentiment": "none"}]}, "highlightText": "", "language": "english", "persons": [], "text": "BOSTON, Jan. 03, 2018 (GLOBE NEWSWIRE) -- Brookline Bancorp, Inc. (NASDAQ:BRKL) announced today that it will report fourth quarter 2017 earnings at the close of business on Wednesday, January 31, 2018. Management will host a conference call to review this information at 1:30 PM Eastern Time on Thursday, February 1, 2018. Interested parties may listen to this call by dialing 877-504-4120 (United States) or 412-902-6650 (internationally) and ask for the Brookline Bancorp conference call. A recorded playback of the call will be available for one week following the call at 877-344-7529 (United States) or 412-317-0088 (internationally). The passcode for this playback is 10115372. The call will be available live or in a recorded version on the Company’s website at www.brooklinebancorp.com .\nABOUT BROOKLINE BANCORP, INC.\nBrookline Bancorp, Inc., a bank holding company with approximately $6.7 billion in assets and branch locations in eastern Massachusetts and Rhode Island, is headquartered in Boston, Massachusetts and operates as the holding company for Brookline Bank, Bank Rhode Island, and First Ipswich Bank. The Company provides commercial and retail banking services and cash management and investment services to customers throughout Central New England. More information about Brookline Bancorp, Inc. and its banks can be found at the following websites: www.brooklinebank.com , www.bankri.com , and www.firstipswich.com .\nBrookline Bancorp, Inc.\nCarl M. Carlson 617-425-5331\nChief Financial Officer\nSource:Brookline Bancorp, Inc.", "external_links": ["https://www.globenewswire.com/Tracker?data=cRsviLjAboIpc4YaQ-r-tkHZPqKwY0degcIEeaUTGX5vfglIn9QGxBZm9gmA7yulnjM5ikvbcF9ydbBFskEM6Q==", "https://www.globenewswire.com/NewsRoom/AttachmentNg/f1b43090-ce66-4649-824b-24c27d9a2e5d", "https://www.globenewswire.com/Tracker?data=PabkW6PrrgpBVCR7bbaSlA3jDzSDhS98NCskMR7uurSXIDMvB6SomJJhdQjpEvMbyL-boTKrD6KSCsgdNpeQZsDrk39fIEDmoWmsazNN_DE=", "https://www.globenewswire.com/Tracker?data=v3tEVCtebdWXdXotKRKdYPyrKBPzGIwXEN8Zpp1atHkpkVfI2drs7WGiW___41eF-D4SlyYGpvFr4RmueE80gLgvHBdHPdiB25A4rSBJcyk="], "published": "2018-01-04T00:15:00.000+02:00", "crawled": "2018-01-04T00:39:16.000+02:00", "highlightTitle": ""}