{"organizations": [], "uuid": "358f9547a7f028dd6f781dbfcb1e0809a2759be6", "thread": {"social": {"gplus": {"shares": 0}, "pinterest": {"shares": 0}, "vk": {"shares": 0}, "linkedin": {"shares": 0}, "facebook": {"likes": 0, "shares": 0, "comments": 0}, "stumbledupon": {"shares": 0}}, "site_full": "www.cnbc.com", "main_image": "https://fm.cnbc.com/applications/cnbc.com/resources/img/editorial/2018/01/05/104931246-6ED3-OA-C-BLOCK-010518.600x400.jpg", "site_section": "http://www.cnbc.com/id/100004038/device/rss/rss.html", "section_title": "Latest Video", "url": "https://www.cnbc.com/video/2018/01/05/halliburtons-big-run.html", "country": "US", "domain_rank": 767, "title": "Halliburton's big run", "performance_score": 0, "site": "cnbc.com", "participants_count": 0, "title_full": "", "spam_score": 0.0, "site_type": "news", "published": "2018-01-06T00:30:00.000+02:00", "replies_count": 0, "uuid": "358f9547a7f028dd6f781dbfcb1e0809a2759be6"}, "author": "", "url": "https://www.cnbc.com/video/2018/01/05/halliburtons-big-run.html", "ord_in_thread": 0, "title": "Halliburton's big run", "locations": [], "entities": {"persons": [], "locations": [], "organizations": [{"name": "halliburton", "sentiment": "negative"}]}, "highlightText": "", "language": "english", "persons": [], "text": "03:54 03:54 | 4 Hrs Ago ", "external_links": [], "published": "2018-01-06T00:30:00.000+02:00", "crawled": "2018-01-06T01:53:50.004+02:00", "highlightTitle": ""}