{"organizations": [], "uuid": "e429241eda8a457c62ed18799b254998d35b89c3", "thread": {"social": {"gplus": {"shares": 0}, "pinterest": {"shares": 0}, "vk": {"shares": 0}, "linkedin": {"shares": 0}, "facebook": {"likes": 0, "shares": 0, "comments": 0}, "stumbledupon": {"shares": 0}}, "site_full": "www.cnbc.com", "main_image": "https://fm.cnbc.com/applications/cnbc.com/resources/img/editorial/2018/01/04/104928720-5ED1-REQ-AirPocketFN-010418.600x400.jpg", "site_section": "http://www.cnbc.com/id/100004038/device/rss/rss.html", "section_title": "Latest Video", "url": "https://www.cnbc.com/video/2018/01/04/wall-street-bull-stocks-could-hit-an-air-pocket-mid-year-before-continuing-higher-says-federated.html", "country": "US", "domain_rank": 767, "title": "Wall Street bull: Stocks could hit an ‘air pocket’ mid-year before continuing higher, says Federated", "performance_score": 0, "site": "cnbc.com", "participants_count": 0, "title_full": "", "spam_score": 0.0, "site_type": "news", "published": "2018-01-04T21:24:00.000+02:00", "replies_count": 0, "uuid": "e429241eda8a457c62ed18799b254998d35b89c3"}, "author": "", "url": "https://www.cnbc.com/video/2018/01/04/wall-street-bull-stocks-could-hit-an-air-pocket-mid-year-before-continuing-higher-says-federated.html", "ord_in_thread": 0, "title": "Wall Street bull: Stocks could hit an ‘air pocket’ mid-year before continuing higher, says Federated", "locations": [], "entities": {"persons": [{"name": "federated", "sentiment": "negative"}, {"name": "phil orlando", "sentiment": "none"}], "locations": [], "organizations": [{"name": "federated wall street", "sentiment": "negative"}, {"name": "hours ago federated investors", "sentiment": "none"}]}, "highlightText": "", "language": "english", "persons": [], "text": "Wall Street bull: Stocks could hit an ‘air pocket’ mid-year before continuing higher, says Federated 2 Hours Ago Federated Investors chief equity market strategist Phil Orlando warns of looming risks before the bull charges on.", "external_links": [], "published": "2018-01-04T21:24:00.000+02:00", "crawled": "2018-01-05T00:21:52.024+02:00", "highlightTitle": ""}