{"organizations": [], "uuid": "e14f4c302465c373b0917d7efd3b9189d60620da", "thread": {"social": {"gplus": {"shares": 0}, "pinterest": {"shares": 0}, "vk": {"shares": 0}, "linkedin": {"shares": 0}, "facebook": {"likes": 0, "shares": 0, "comments": 0}, "stumbledupon": {"shares": 0}}, "site_full": "www.wsj.com", "main_image": "https://si.wsj.net/public/resources/images/BN-WU912_PHILLY_SOC_20180102150745.jpg", "site_section": "http://online.wsj.com/xml/rss/3_8068.xml", "section_title": "WSJ.com US News", "url": "https://www.wsj.com/articles/you-got-priced-out-of-philadelphia-the-spread-of-hot-housing-markets-1514975400", "country": "US", "domain_rank": 387, "title": "You Got Priced Out of ... Philadelphia? The Spread of Hot Housing Markets", "performance_score": 0, "site": "wsj.com", "participants_count": 1, "title_full": "", "spam_score": 0.0, "site_type": "news", "published": "2018-01-03T12:30:00.000+02:00", "replies_count": 0, "uuid": "e14f4c302465c373b0917d7efd3b9189d60620da"}, "author": "Scott Calvert", "url": "https://www.wsj.com/articles/you-got-priced-out-of-philadelphia-the-spread-of-hot-housing-markets-1514975400", "ord_in_thread": 0, "title": "You Got Priced Out of ... Philadelphia? The Spread of Hot Housing Markets", "locations": [], "entities": {"persons": [], "locations": [{"name": "fishtown", "sentiment": "none"}, {"name": "philadelphia", "sentiment": "none"}, {"name": "philadelphia", "sentiment": "none"}], "organizations": []}, "highlightText": "", "language": "english", "persons": [], "text": "PHILADELPHIA—The gentrification of the Fishtown neighborhood here looks like something city planners dream of, with developers renovating old row houses as young professionals, along with new restaurants and businesses, pile in.\nBut home prices have shot up so quickly in recent years that the latest wave of young professionals say they are having a hard time making the finances work.\nNow... To Read the Full Story Subscribe Sign In", "external_links": [], "published": "2018-01-03T12:30:00.000+02:00", "crawled": "2018-01-03T19:56:15.025+02:00", "highlightTitle": ""}