{"organizations": [], "uuid": "0153f5b9bec66a656f4b5e6ebfd140676b770213", "thread": {"social": {"gplus": {"shares": 0}, "pinterest": {"shares": 0}, "vk": {"shares": 0}, "linkedin": {"shares": 0}, "facebook": {"likes": 0, "shares": 0, "comments": 0}, "stumbledupon": {"shares": 0}}, "site_full": "www.reuters.com", "main_image": "https://s4.reutersmedia.net/resources_v2/images/rcom-default.png", "site_section": "http://feeds.reuters.com/reuters/companyNews\r", "section_title": "Reuters: Company News", "url": "https://www.reuters.com/article/brief-cue-biopharma-announces-closing-of/brief-cue-biopharma-announces-closing-of-initial-public-offering-idUSASB0BZET", "country": "US", "domain_rank": 408, "title": "BRIEF-Cue Biopharma Announces Closing Of Initial Public Offering", "performance_score": 0, "site": "reuters.com", "participants_count": 0, "title_full": "", "spam_score": 0.0, "site_type": "news", "published": "2018-01-02T15:11:00.000+02:00", "replies_count": 0, "uuid": "0153f5b9bec66a656f4b5e6ebfd140676b770213"}, "author": "", "url": "https://www.reuters.com/article/brief-cue-biopharma-announces-closing-of/brief-cue-biopharma-announces-closing-of-initial-public-offering-idUSASB0BZET", "ord_in_thread": 0, "title": "BRIEF-Cue Biopharma Announces Closing Of Initial Public Offering", "locations": [], "entities": {"persons": [], "locations": [], "organizations": [{"name": "cue biopharma inc", "sentiment": "none"}, {"name": "reuters", "sentiment": "none"}, {"name": "eikon", "sentiment": "none"}, {"name": "public offering reuters staff  jan", "sentiment": "none"}]}, "highlightText": "", "language": "english", "persons": [], "text": "January 2, 2018 / 1:11 PM / Updated 10 minutes ago BRIEF-Cue Biopharma Announces Closing Of Initial Public Offering Reuters Staff \nJan 2 (Reuters) - Cue Biopharma Inc: \n* CUE BIOPHARMA ANNOUNCES CLOSING OF INITIAL PUBLIC OFFERING Source text for Eikon: Further company coverage:", "external_links": [], "published": "2018-01-02T15:11:00.000+02:00", "crawled": "2018-01-02T15:23:44.015+02:00", "highlightTitle": ""}