{"organizations": [], "uuid": "0dfa06216dc01e296906d7b1b4a8ade0cdaa0b64", "thread": {"social": {"gplus": {"shares": 0}, "pinterest": {"shares": 0}, "vk": {"shares": 0}, "linkedin": {"shares": 0}, "facebook": {"likes": 0, "shares": 0, "comments": 0}, "stumbledupon": {"shares": 0}}, "site_full": "www.cnbc.com", "main_image": "//sc.cnbcfm.com/applications/cnbc.com/staticcontent/img/cnbc_logo.gif", "site_section": "http://www.cnbc.com/id/10000027/page/5", "section_title": "Press Releases - CNBC", "url": "http://www.cnbc.com/2018/01/02/pr-newswire-ascensus-bolsters-defined-benefit-plan-expertise-with-acquisition-of-dedicated-defined-benefit-services.html", "country": "US", "domain_rank": 767, "title": "Ascensus Bolsters Defined Benefit Plan Expertise with Acquisition of Dedicated Defined Benefit Services", "performance_score": 0, "site": "cnbc.com", "participants_count": 1, "title_full": "", "spam_score": 0.0, "site_type": "news", "published": "2018-01-02T23:17:00.000+02:00", "replies_count": 0, "uuid": "0dfa06216dc01e296906d7b1b4a8ade0cdaa0b64"}, "author": "cnbc.com", "url": "http://www.cnbc.com/2018/01/02/pr-newswire-ascensus-bolsters-defined-benefit-plan-expertise-with-acquisition-of-dedicated-defined-benefit-services.html", "ord_in_thread": 0, "title": "Ascensus Bolsters Defined Benefit Plan Expertise with Acquisition of Dedicated Defined Benefit Services", "locations": [], "entities": {"persons": [{"name": "ascensus", "sentiment": "none"}], "locations": [{"name": "dresher", "sentiment": "none"}, {"name": "pa.", "sentiment": "none"}, {"name": "california", "sentiment": "none"}, {"name": "glendale", "sentiment": "none"}], "organizations": [{"name": "dedicated defined benefit services", "sentiment": "none"}]}, "highlightText": "", "language": "english", "persons": [], "text": "DRESHER, Pa., Ascensus , a technology-enabled service provider that helps more than 7 million Americans save for the future, has acquired Dedicated Defined Benefit Services (\"Dedicated DB\"). The defined benefit plan design, administration, and consulting firm will immediately become part of Ascensus' TPA Solutions line of business within the company's retirement division. With the acquisition, Ascensus will be able to offer clients access to even more retirement plan experience and expertise while adding another location to its geographic footprint.\nDedicated DB, which is based in Glendale, California, is the only national company focused exclusively on providing defined benefit plans for high-income professionals, small businesses, and individuals with self-employment income. The firm pioneered the turnkey defined benefit plan, partnering with large financial firms to open streamlined, ready-to-use plans across the country.\n\"We recognized Dedicated DB as an excellent candidate to join Ascensus based on their commitment to helping clients keep more of their earnings by offering the most complete and tax-efficient retirement programs available,\" states David Musto, Ascensus' president. \"In addition to benefiting from Dedicated DB's strong RIA, advisor, and institutional relationships, we're also delighted to further expand our national footprint and offer clients enhanced access to deep defined benefit expertise.\"\n\"At Dedicated DB, we pride ourselves on our reputation and do our best to help our clients—financial advisors, CPAs, and business owners—meet their goals,\" says Karen Shapiro, Dedicated DB's chief executive officer. \"Becoming part of Ascensus ensures that we'll be able to provide quality, quick-adoption retirement plans for many years to come.\"\n\"Dedicated DB adds some very compelling lead-sourcing technology to Ascensus' toolkit,\" says Raghav Nandagopal, Ascensus' executive vice president of corporate development and M&A. \"We continue to look for companies that will not only allow us to assist Americans in saving for retirement, college, and healthcare, but also help our company to grow and fuel our ongoing investment in service offerings and technology.\"\nAbout Ascensus\nAscensus helps more than 7 million Americans save for the future—retirement, college, and healthcare—through technology-enabled solutions. With more than 35 years of experience, the firm offers tailored solutions that meet the needs of asset managers, banks, credit unions, state governments, financial professionals, employers, and individuals. Ascensus supports approximately 50,000 retirement plans, more than 4 million 529 college savings accounts, and a growing number of ABLE savings accounts. It also administers more than 1.7 million IRAs and health savings accounts. As of September 30, 2017, Ascensus had over $158 billion in total assets under administration. For more information about Ascensus, visit ascensus.com . For more information about Ascensus TPA Solutions, visit tpa.ascensus.com .\nView career opportunities at careers.ascensus.com/page/show/tpa and careers.ascensus.com or on LinkedIn at linkedin.com/company/ascensus . For the latest company news, follow @AscensusInc on Twitter.\n with multimedia: releases/ascensus-bolsters-defined-benefit-plan-expertise-with-acquisition-of-dedicated-defined-benefit-services-300576589.html\nSOURCE Ascensus", "external_links": ["http://www.prnewswire.com/news-releases/ascensus-bolsters-defined-benefit-plan-expertise-with-acquisition-of-dedicated-defined-benefit-services-300576589.html", "http://www.ascensus.com/", "https://tpa.ascensus.com/index.html", "https://www.ascensus.com/", "http://careers.ascensus.com/", "https://www.linkedin.com/company/ascensus", "https://twitter.com/AscensusInc", "http://careers.ascensus.com/page/show/tpa"], "published": "2018-01-02T23:17:00.000+02:00", "crawled": "2018-01-03T00:24:10.004+02:00", "highlightTitle": ""}