{"organizations": [], "uuid": "17a22cfde6a458a1f86e3f6b35243b74f6a7e0f2", "thread": {"social": {"gplus": {"shares": 0}, "pinterest": {"shares": 0}, "vk": {"shares": 0}, "linkedin": {"shares": 0}, "facebook": {"likes": 0, "shares": 0, "comments": 0}, "stumbledupon": {"shares": 0}}, "site_full": "www.wsj.com", "main_image": "https://si.wsj.net/public/resources/images/BN-WV688_STORMP_SOC_20180104092239.jpg", "site_section": "https://www.wsj.com/news/business", "section_title": "Business &amp; Finance News - Wall Street Journal", "url": "https://www.wsj.com/articles/why-did-new-england-gas-prices-jump-90-blame-the-severe-storm-1515078203", "country": "US", "domain_rank": 387, "title": "Why Did New England Gas Prices Jump Nearly 90%? Blame Severe Storm", "performance_score": 0, "site": "wsj.com", "participants_count": 1, "title_full": "", "spam_score": 0.222, "site_type": "news", "published": "2018-01-04T18:03:00.000+02:00", "replies_count": 0, "uuid": "17a22cfde6a458a1f86e3f6b35243b74f6a7e0f2"}, "author": "Stephanie Yang", "url": "https://www.wsj.com/articles/why-did-new-england-gas-prices-jump-90-blame-the-severe-storm-1515078203", "ord_in_thread": 0, "title": "Why Did New England Gas Prices Jump Nearly 90%? Blame Severe Storm", "locations": [], "entities": {"persons": [], "locations": [{"name": "east coast", "sentiment": "none"}, {"name": "new england", "sentiment": "none"}, {"name": "u.s.", "sentiment": "none"}], "organizations": [{"name": "national weather service", "sentiment": "none"}]}, "highlightText": "", "language": "english", "persons": [], "text": "A major winter storm pounding the East Coast is driving up heating demand and energy prices, as the eastern half of the U.S. grapples with a stretch of extreme cold not seen in years.\nThe National Weather Service issued a warning for “bitterly cold temperatures and dangerous wind chills” stretching from the Southeast to New England through the rest of the week.\nThe... To Read the Full Story Subscribe Sign In", "external_links": [], "published": "2018-01-04T18:03:00.000+02:00", "crawled": "2018-01-04T20:49:09.019+02:00", "highlightTitle": ""}