{"organizations": [], "uuid": "11334dbf6a039c8150dbe8721b356f040c7e97de", "thread": {"social": {"gplus": {"shares": 0}, "pinterest": {"shares": 0}, "vk": {"shares": 0}, "linkedin": {"shares": 0}, "facebook": {"likes": 0, "shares": 0, "comments": 0}, "stumbledupon": {"shares": 0}}, "site_full": "www.reuters.com", "main_image": "https://s4.reutersmedia.net/resources_v2/images/rcom-default.png", "site_section": "http://feeds.reuters.com/reuters/companyNews\r", "section_title": "Reuters: Company News", "url": "https://www.reuters.com/article/brief-solvay-and-boeing-sign-materials-s/brief-solvay-and-boeing-sign-materials-supply-agreement-for-777x-program-idUSFWN1P30E9", "country": "US", "domain_rank": 408, "title": "BRIEF-‍Solvay And Boeing Sign Materials Supply Agreement For 777X Program​", "performance_score": 0, "site": "reuters.com", "participants_count": 0, "title_full": "", "spam_score": 0.0, "site_type": "news", "published": "2018-01-08T10:38:00.000+02:00", "replies_count": 0, "uuid": "11334dbf6a039c8150dbe8721b356f040c7e97de"}, "author": "", "url": "https://www.reuters.com/article/brief-solvay-and-boeing-sign-materials-s/brief-solvay-and-boeing-sign-materials-supply-agreement-for-777x-program-idUSFWN1P30E9", "ord_in_thread": 0, "title": "BRIEF-‍Solvay And Boeing Sign Materials Supply Agreement For 777X Program​", "locations": [], "entities": {"persons": [], "locations": [], "organizations": [{"name": "solvay", "sentiment": "negative"}, {"name": "boeing", "sentiment": "negative"}, {"name": "reuters", "sentiment": "none"}, {"name": "gdynia newsroom", "sentiment": "none"}]}, "highlightText": "", "language": "english", "persons": [], "text": "January 8, 2018 / 8:40 AM / Updated an hour ago BRIEF-‍Solvay And Boeing Sign Materials Supply Agreement For 777X Program​ Reuters Staff 1 Min Read \nJan 8 (Reuters) - Solvay: \n* ‍SOLVAY AND BOEING SIGN MATERIALS SUPPLY AGREEMENT FOR 777X PROGRAM​ Source text: bit.ly/2CScINI Further company coverage: (Gdynia Newsroom)", "external_links": [], "published": "2018-01-08T10:38:00.000+02:00", "crawled": "2018-01-08T11:02:37.030+02:00", "highlightTitle": ""}