{"organizations": [], "uuid": "75c83804260228a7516e4444c5483c1a7c48c10a", "thread": {"social": {"gplus": {"shares": 0}, "pinterest": {"shares": 0}, "vk": {"shares": 0}, "linkedin": {"shares": 0}, "facebook": {"likes": 0, "shares": 0, "comments": 0}, "stumbledupon": {"shares": 0}}, "site_full": "www.cnbc.com", "main_image": "https://fm.cnbc.com/applications/cnbc.com/resources/img/editorial/2017/09/23/104727586-GettyImages-848823192.1910x1000.jpg", "site_section": "", "section_title": "", "url": "https://www.cnbc.com/2018/01/04/trump-says-no-military-drills-during-winter-olympics-south-korea.html", "country": "US", "domain_rank": 767, "title": "Trump says no military drills during Winter Olympics: South Korea", "performance_score": 0, "site": "cnbc.com", "participants_count": 0, "title_full": "", "spam_score": 0.554, "site_type": "news", "published": "2018-01-04T17:27:00.000+02:00", "replies_count": 0, "uuid": "75c83804260228a7516e4444c5483c1a7c48c10a"}, "author": "Getty Images", "url": "https://www.cnbc.com/2018/01/04/trump-says-no-military-drills-during-winter-olympics-south-korea.html", "ord_in_thread": 0, "title": "Trump says no military drills during Winter Olympics: South Korea", "locations": [], "entities": {"persons": [{"name": "trump", "sentiment": "negative"}, {"name": "moon jae-in", "sentiment": "none"}, {"name": "donald trump", "sentiment": "none"}], "locations": [{"name": "south korea", "sentiment": "none"}, {"name": "south korea south korea", "sentiment": "none"}, {"name": "u.s.", "sentiment": "none"}, {"name": "pyeongchang", "sentiment": "none"}], "organizations": [{"name": "u.s. air force", "sentiment": "none"}, {"name": "reuters", "sentiment": "none"}, {"name": "defense ministry", "sentiment": "none"}, {"name": "air force", "sentiment": "none"}]}, "highlightText": "", "language": "english", "persons": [], "text": "The Pentagon says the U.S. has agreed to delay joint military exercises with South Korea until after the Winter Olympics.\nCol. Rob Manning is a Pentagon spokesman. Manning says President Donald Trump agreed to the delay in consultation with South Korean President Moon Jae-in.\nManning says in a brief written statement: \"The Department of Defence supports the president's decision and what is in the best interest of the ROK-U.S. alliance,\" referring to the U.S. defence treaty with the Republic of Korea.\nThe decision pushes back a set of annual military exercises known as Foal Eagle, which normally are held between February and April. Foal Eagle is a series of exercises designed to test the readiness of the two countries' militaries.\nThe Winter Olympics begin Feb. 9 in Pyeongchang, South Korea.", "external_links": [], "published": "2018-01-04T17:27:00.000+02:00", "crawled": "2018-01-04T17:27:17.046+02:00", "highlightTitle": ""}