{"organizations": [], "uuid": "568e4c53d4255b692813429d932cad030e0bc3bf", "thread": {"social": {"gplus": {"shares": 0}, "pinterest": {"shares": 0}, "vk": {"shares": 0}, "linkedin": {"shares": 0}, "facebook": {"likes": 0, "shares": 0, "comments": 0}, "stumbledupon": {"shares": 0}}, "site_full": "www.cnbc.com", "main_image": "//sc.cnbcfm.com/applications/cnbc.com/staticcontent/img/cnbc_logo.gif", "site_section": "http://www.cnbc.com/id/10000027/page/2", "section_title": "Press Releases - CNBC", "url": "http://www.cnbc.com/2018/01/05/pr-newswire-alacrity-energy-names-ashley-conrad-gordon-as-director-of-commercial-sales.html", "country": "US", "domain_rank": 767, "title": "Alacrity Energy Names Ashley Conrad Gordon as Director of Commercial Sales", "performance_score": 0, "site": "cnbc.com", "participants_count": 1, "title_full": "", "spam_score": 0.073, "site_type": "news", "published": "2018-01-05T16:40:00.000+02:00", "replies_count": 0, "uuid": "568e4c53d4255b692813429d932cad030e0bc3bf"}, "author": "cnbc.com", "url": "http://www.cnbc.com/2018/01/05/pr-newswire-alacrity-energy-names-ashley-conrad-gordon-as-director-of-commercial-sales.html", "ord_in_thread": 0, "title": "Alacrity Energy Names Ashley Conrad Gordon as Director of Commercial Sales", "locations": [], "entities": {"persons": [{"name": "ashley conrad", "sentiment": "negative"}, {"name": "ashley conrad gordon", "sentiment": "negative"}, {"name": "gordon", "sentiment": "none"}, {"name": "yitzy geisinsky", "sentiment": "none"}, {"name": "ashley gordon", "sentiment": "none"}, {"name": "ashley", "sentiment": "none"}, {"name": "geisinsky", "sentiment": "none"}], "locations": [{"name": "calif.", "sentiment": "none"}], "organizations": [{"name": "alacrity energy", "sentiment": "negative"}, {"name": "alacrity", "sentiment": "none"}, {"name": "nextgen energy", "sentiment": "none"}]}, "highlightText": "", "language": "english", "persons": [], "text": "SIGNAL HILL, Calif., Alacrity Energy today announced that Ashley Conrad Gordon has been named Director of Commercial Sales. Within this role, Gordon will be tasked to manage and expand Alacrity's growing commercial & industrial clientele.\nAshley Conrad Gordon spent over 10 years as a mortgage loan officer and nearly 10 years as a solar developer for NextGen Energy and EuroCal Solar. That makes him an ideal fit for Alacrity's commercial clients according to Alacrity's President Yitzy Geisinsky. \"We are excited to add Ashley Gordon to the Alacrity team, and we're eager to kickstart 2018 together,\" said Geisinsky. \"Ashley's broad knowledge of the renewable energy sector, along with his extensive financing background, will provide Alacrity's clients with a wide range of renewable energy and financing solutions,\" he added.\n\"I look forward to working with Alacrity's existing clients and introducing Alacrity's solutions to a whole new clientele,\" said Gordon. Alacrity also anticipates Gordon's presence to foster the relationships with its vendors. \"We look forward to working with Ashley Gordon to enhance our ongoing relationship with Alacrity Energy,\" says Frank Kneller, CEO of Horizon Solar Power, one of the nation's largest solar energy installers.\n\"I believe 2018 will be a robust year for the solar & storage sector as a whole and Alacrity Energy in particular,\" said Gordon. \"I am extremely enthusiastic to lead (come along for) the journey,\" he added.\nAbout Alacrity Energy LLC\nSignal Hill, CA based Alacrity Energy LLC is an experienced, independent turn-key facilitator of alternative energy solutions.\nFounded in 2006, Alacrity Energy has experienced tremendous growth and reached nearly $20,000,000 in solar energy installations since 2015.\nAlacrity enables its clients to capitalize on cutting edge technological advances and regulatory environment to substantially benefit their bottom line.\nAlacrity's goal is to save its clients the time, money and energy during their renewable energy upgrades. They manage the entire installation process – including availing their clients of expert analysis, cutting edge green technology options, financing options and optimized ROI.\nRoman Lundin\n188296@email4pr.com\n310.735.9850 ext 613\nAlacrityEnergy.com\nView original content with multimedia: releases/alacrity-energy-names-ashley-conrad-gordon-as-director-of-commercial-sales-300577983.html\nSOURCE Alacrity Energy LLC", "external_links": ["http://alacrityenergy.com/", "http://www.prnewswire.com/news-releases/alacrity-energy-names-ashley-conrad-gordon-as-director-of-commercial-sales-300577983.html"], "published": "2018-01-05T16:40:00.000+02:00", "crawled": "2018-01-05T18:05:18.012+02:00", "highlightTitle": ""}