{"organizations": [], "uuid": "bc04a661e63f808f39ff1b06f2ffa478416ac2e6", "thread": {"social": {"gplus": {"shares": 0}, "pinterest": {"shares": 0}, "vk": {"shares": 0}, "linkedin": {"shares": 0}, "facebook": {"likes": 0, "shares": 0, "comments": 0}, "stumbledupon": {"shares": 0}}, "site_full": "www.reuters.com", "main_image": "https://s4.reutersmedia.net/resources_v2/images/rcom-default.png", "site_section": "http://feeds.reuters.com/reuters/companyNews\r", "section_title": "Reuters: Company News", "url": "https://www.reuters.com/article/brief-cytokinetics-announces-progress-ag/brief-cytokinetics-announces-progress-against-vision-2020-idUSFWN1OY0EF", "country": "US", "domain_rank": 408, "title": "BRIEF-Cytokinetics Announces Progress Against Vision 2020", "performance_score": 0, "site": "reuters.com", "participants_count": 0, "title_full": "", "spam_score": 0.0, "site_type": "news", "published": "2018-01-03T14:31:00.000+02:00", "replies_count": 0, "uuid": "bc04a661e63f808f39ff1b06f2ffa478416ac2e6"}, "author": "", "url": "https://www.reuters.com/article/brief-cytokinetics-announces-progress-ag/brief-cytokinetics-announces-progress-against-vision-2020-idUSFWN1OY0EF", "ord_in_thread": 0, "title": "BRIEF-Cytokinetics Announces Progress Against Vision 2020", "locations": [], "entities": {"persons": [], "locations": [], "organizations": [{"name": "reuters staff  jan", "sentiment": "none"}, {"name": "cytokinetics inc", "sentiment": "none"}, {"name": "reuters", "sentiment": "none"}, {"name": "eikon", "sentiment": "none"}, {"name": "cytokinetics inc", "sentiment": "none"}]}, "highlightText": "", "language": "english", "persons": [], "text": "January 3, 2018 / 12:32 PM / in 6 minutes BRIEF-Cytokinetics Announces Progress Against Vision 2020 Reuters Staff \nJan 3 (Reuters) - Cytokinetics Inc: * CYTOKINETICS ANNOUNCES PROGRESS AGAINST VISION 2020 \n* CYTOKINETICS INC - ‍RESULTS FROM FOUR CLINICAL TRIALS OF CK-2127107 EXPECTED IN 2018​ \n* CYTOKINETICS INC - RESULTS FROM FOUR CLINICAL TRIALS OF CK-2127107 EXPECTED IN 2018 \n* CYTOKINETICS INC - ‍ENROLLMENT OF PATIENTS IN GALACTIC-HF IS ON TRACK IN 2018​ Source text for Eikon: Further company coverage:", "external_links": [], "published": "2018-01-03T14:31:00.000+02:00", "crawled": "2018-01-03T14:47:32.005+02:00", "highlightTitle": ""}