{"organizations": [], "uuid": "c3b93d032d8a8db16b5b1a43f3bd2ad7993abca8", "thread": {"social": {"gplus": {"shares": 0}, "pinterest": {"shares": 0}, "vk": {"shares": 0}, "linkedin": {"shares": 0}, "facebook": {"likes": 0, "shares": 0, "comments": 0}, "stumbledupon": {"shares": 0}}, "site_full": "in.reuters.com", "main_image": "https://yospace-cds1.reuters.com/u/resize~ad1~1200cce51a256c3-1515079605985?width=640&location=LANDSCAPE&videoId=RCV004BBD", "site_section": "http://feeds.reuters.com/reuters/VideoINLatest", "section_title": "Reuters Video: Latest Videos IN", "url": "https://in.reuters.com/video/2018/01/04/at-least-12-dead-in-south-african-train?videoId=378156010", "country": "US", "domain_rank": 408, "title": "At least 12 dead in South African train crash", "performance_score": 0, "site": "reuters.com", "participants_count": 0, "title_full": "", "spam_score": 0.0, "site_type": "news", "published": "2018-01-04T17:54:00.000+02:00", "replies_count": 0, "uuid": "c3b93d032d8a8db16b5b1a43f3bd2ad7993abca8"}, "author": "", "url": "https://in.reuters.com/video/2018/01/04/at-least-12-dead-in-south-african-train?videoId=378156010", "ord_in_thread": 0, "title": "At least 12 dead in South African train crash", "locations": [], "entities": {"persons": [], "locations": [{"name": "south africa", "sentiment": "none"}], "organizations": []}, "highlightText": "", "language": "english", "persons": [], "text": "At least 12 dead in South African train crash 9:24pm IST - 00:53 \nAt least a dozen have been killed in South Africa after a passenger train hit a truck at a level crossing.   \nAt least a dozen have been killed in South Africa after a passenger train hit a truck at a level crossing.  //reut.rs/2ApBfnh", "external_links": [], "published": "2018-01-04T17:54:00.000+02:00", "crawled": "2018-01-04T18:20:02.006+02:00", "highlightTitle": ""}