{"organizations": [], "uuid": "5b8cf5f16bbc47bce18f4cc319cfedf4b8d94dfe", "thread": {"social": {"gplus": {"shares": 0}, "pinterest": {"shares": 0}, "vk": {"shares": 0}, "linkedin": {"shares": 0}, "facebook": {"likes": 0, "shares": 0, "comments": 0}, "stumbledupon": {"shares": 0}}, "site_full": "www.cnbc.com", "main_image": "//sc.cnbcfm.com/applications/cnbc.com/staticcontent/img/cnbc_logo.gif", "site_section": "http://www.cnbc.com/id/10000027", "section_title": "Press Releases - CNBC", "url": "http://www.cnbc.com/2018/01/03/globe-newswire-richardson-electronics-announces-date-of-second-quarter-fiscal-2018-conference-call.html", "country": "US", "domain_rank": 767, "title": "Richardson Electronics Announces Date of Second Quarter Fiscal 2018 Conference Call", "performance_score": 0, "site": "cnbc.com", "participants_count": 1, "title_full": "", "spam_score": 0.005, "site_type": "news", "published": "2018-01-04T01:00:00.000+02:00", "replies_count": 0, "uuid": "5b8cf5f16bbc47bce18f4cc319cfedf4b8d94dfe"}, "author": "cnbc.com", "url": "http://www.cnbc.com/2018/01/03/globe-newswire-richardson-electronics-announces-date-of-second-quarter-fiscal-2018-conference-call.html", "ord_in_thread": 0, "title": "Richardson Electronics Announces Date of Second Quarter Fiscal 2018 Conference Call", "locations": [], "entities": {"persons": [{"name": "rell", "sentiment": "negative"}, {"name": "robert j. ben", "sentiment": "none"}, {"name": "edward j. richardson", "sentiment": "none"}], "locations": [{"name": "lafox", "sentiment": "none"}, {"name": "ill.", "sentiment": "none"}, {"name": "usa", "sentiment": "none"}], "organizations": [{"name": "richardson electronics", "sentiment": "negative"}, {"name": "richardson electronics, ltd.", "sentiment": "neutral"}, {"name": "company", "sentiment": "none"}, {"name": "richardson electronics richardson electronics, ltd", "sentiment": "none"}]}, "highlightText": "", "language": "english", "persons": [], "text": "LAFOX, Ill., Jan. 03, 2018 (GLOBE NEWSWIRE) -- Richardson Electronics, Ltd. (NASDAQ:RELL) plans to release its financial results for its second quarter ended December 2, 2017, after the close of business on Wednesday, January 10, 2018. The release will be distributed by NASDAQ GlobeNewswire and will be available on the Company’s website at www.rell.com .\nOn Thursday, January 11, 2018, at 9:00 a.m. CST, Edward J. Richardson, Chairman and Chief Executive Officer, and Robert J. Ben, Chief Financial Officer, will host a conference call to discuss the Company’s second quarter results for fiscal year 2018. A question and answer session will be included as part of the call’s agenda. To listen to the call, please dial (888) 419-5570 and enter passcode 65219458 approximately five minutes prior to the start of the call. A replay of the call will be available beginning at 12:00 a.m. CST on January 12, 2018, for seven days. The telephone numbers for the replay are (USA) (888) 286-8010 and (International) (617) 801-6888; passcode 64586305.\nAbout Richardson Electronics\nRichardson Electronics, Ltd. is a leading global provider of engineered solutions, power grid and microwave tubes and related consumables; power conversion and RF and microwave components; flat panel detector solutions and replacement parts for diagnostic imaging equipment; and customized display solutions. We serve customers in the alternative energy, healthcare, aviation, broadcast, communications, industrial, marine, medical, military, scientific and semiconductor markets. The Company’s strategy is to provide specialized technical expertise and “engineered solutions” based on our core engineering and manufacturing capabilities. The Company provides solutions and adds value through design-in support, systems integration, prototype design and manufacturing, testing, logistics, and aftermarket technical service and repair through its global infrastructure. More information is available at www.rell.com .\nRichardson Electronics common stock trades on the NASDAQ Global Select Market under the ticker symbol RELL.\nFor Details Contact:\nEdward J. Richardson\nChairman and CEO\nPhone: (630) 208-2205\nRobert Ben\nEVP & CFO\n(630) 208-2203\nSource:Richardson Electronics, Ltd.", "external_links": ["https://www.globenewswire.com/Tracker?data=BnVCBQ18Wqh8qEEyqZdz6JygbQQta210TvMDBdpxTRMTUMoz1ie8ENdaDdDChl6RJhqJfelNPckCdQoaHUjFgg==", "https://www.globenewswire.com/NewsRoom/AttachmentNg/b6c3bcfb-5de4-48df-a209-792b04f1b8d0"], "published": "2018-01-04T01:00:00.000+02:00", "crawled": "2018-01-04T00:24:15.000+02:00", "highlightTitle": ""}