{"organizations": [], "uuid": "be5e012e32d14fffab7436afcf020f7c416d5a57", "thread": {"social": {"gplus": {"shares": 0}, "pinterest": {"shares": 0}, "vk": {"shares": 0}, "linkedin": {"shares": 0}, "facebook": {"likes": 0, "shares": 0, "comments": 0}, "stumbledupon": {"shares": 0}}, "site_full": "www.cnbc.com", "main_image": "https://fm.cnbc.com/applications/cnbc.com/resources/img/editorial/2018/01/03/104926540-4ED1-CB-IntelLipton-010318.600x400.jpg", "site_section": "http://www.cnbc.com/id/100004038/device/rss/rss.html", "section_title": "Latest Video", "url": "https://www.cnbc.com/video/2018/01/03/intel-refutes-report-about-alleged-design-flaw.html", "country": "US", "domain_rank": 767, "title": "Intel refutes report about alleged design flaw", "performance_score": 0, "site": "cnbc.com", "participants_count": 0, "title_full": "", "spam_score": 0.0, "site_type": "news", "published": "2018-01-03T22:12:00.000+02:00", "replies_count": 0, "uuid": "be5e012e32d14fffab7436afcf020f7c416d5a57"}, "author": "", "url": "https://www.cnbc.com/video/2018/01/03/intel-refutes-report-about-alleged-design-flaw.html", "ord_in_thread": 0, "title": "Intel refutes report about alleged design flaw", "locations": [], "entities": {"persons": [{"name": "josh lipton", "sentiment": "negative"}], "locations": [], "organizations": [{"name": "cnbc", "sentiment": "negative"}, {"name": "intel", "sentiment": "negative"}]}, "highlightText": "", "language": "english", "persons": [], "text": "Intel refutes report about alleged design flaw 1 Hour Ago CNBC's Josh Lipton reports on a statement from Intel regarding an alleged design flaw that could compromise security.", "external_links": [], "published": "2018-01-03T22:12:00.000+02:00", "crawled": "2018-01-03T23:55:31.012+02:00", "highlightTitle": ""}