{"organizations": [], "uuid": "5136e38df795306a1e6fd2911449fdc5d74cd92d", "thread": {"social": {"gplus": {"shares": 0}, "pinterest": {"shares": 0}, "vk": {"shares": 0}, "linkedin": {"shares": 1}, "facebook": {"likes": 0, "shares": 0, "comments": 0}, "stumbledupon": {"shares": 0}}, "site_full": "www.cnbc.com", "main_image": "https://fm.cnbc.com/applications/cnbc.com/resources/img/editorial/2018/01/02/104924870-3ED2-MM-Block-E-010218.600x400.jpg", "site_section": "http://www.cnbc.com/id/100004038/device/rss/rss.html", "section_title": "Latest Video", "url": "https://www.cnbc.com/video/2018/01/02/cramers-lightning-round-buy-becton-dickinsons-stock-hand-over-fist.html", "country": "US", "domain_rank": 767, "title": "Cramer's lightning round: Buy Becton Dickinson's stock hand over fist", "performance_score": 0, "site": "cnbc.com", "participants_count": 0, "title_full": "", "spam_score": 0.0, "site_type": "news", "published": "2018-01-03T02:07:00.000+02:00", "replies_count": 0, "uuid": "5136e38df795306a1e6fd2911449fdc5d74cd92d"}, "author": "", "url": "https://www.cnbc.com/video/2018/01/02/cramers-lightning-round-buy-becton-dickinsons-stock-hand-over-fist.html", "ord_in_thread": 0, "title": "Cramer's lightning round: Buy Becton Dickinson's stock hand over fist", "locations": [], "entities": {"persons": [{"name": "becton dickinson", "sentiment": "negative"}, {"name": "cramer", "sentiment": "negative"}, {"name": "jim cramer", "sentiment": "negative"}], "locations": [], "organizations": []}, "highlightText": "", "language": "english", "persons": [], "text": "Cramer's lightning round: Buy Becton Dickinson's stock hand over fist 21 Hours Ago Jim Cramer rattled off his take on callers' favorite stocks, including one of his favorite biotechnology plays.", "external_links": [], "published": "2018-01-03T02:07:00.000+02:00", "crawled": "2018-01-03T03:29:29.017+02:00", "highlightTitle": ""}