{"organizations": [], "uuid": "0240f41dcd53b5a1ca1e5932c89ee03fa63e0b82", "thread": {"social": {"gplus": {"shares": 0}, "pinterest": {"shares": 0}, "vk": {"shares": 0}, "linkedin": {"shares": 0}, "facebook": {"likes": 0, "shares": 0, "comments": 0}, "stumbledupon": {"shares": 0}}, "site_full": "www.cnbc.com", "main_image": "https://fm.cnbc.com/applications/cnbc.com/resources/img/editorial/2018/01/04/104927919-5ED1-SB-ReaganMacys-010417.600x400.jpg", "site_section": "http://www.cnbc.com/id/100004038/device/rss/rss.html", "section_title": "Latest Video", "url": "https://www.cnbc.com/video/2018/01/04/macys-novemberdecember-comp-sales-up-1-point-1-percent.html", "country": "US", "domain_rank": 767, "title": "Macy's November/December comp sales up 1.1 percent", "performance_score": 0, "site": "cnbc.com", "participants_count": 0, "title_full": "", "spam_score": 0.0, "site_type": "news", "published": "2018-01-04T15:02:00.000+02:00", "replies_count": 0, "uuid": "0240f41dcd53b5a1ca1e5932c89ee03fa63e0b82"}, "author": "", "url": "https://www.cnbc.com/video/2018/01/04/macys-novemberdecember-comp-sales-up-1-point-1-percent.html", "ord_in_thread": 0, "title": "Macy's November/December comp sales up 1.1 percent", "locations": [], "entities": {"persons": [{"name": "macy", "sentiment": "negative"}], "locations": [], "organizations": [{"name": "macy", "sentiment": "negative"}]}, "highlightText": "", "language": "english", "persons": [], "text": "Macy's November/December comp sales up 1.1 percent 2 Hours Ago", "external_links": [], "published": "2018-01-04T15:02:00.000+02:00", "crawled": "2018-01-04T17:08:19.007+02:00", "highlightTitle": ""}