{"organizations": [], "uuid": "beeb4c187b47da1e1c7c23a5fe4cc3ed2041d1ee", "thread": {"social": {"gplus": {"shares": 0}, "pinterest": {"shares": 0}, "vk": {"shares": 0}, "linkedin": {"shares": 0}, "facebook": {"likes": 0, "shares": 0, "comments": 0}, "stumbledupon": {"shares": 0}}, "site_full": "www.reuters.com", "main_image": "https://s4.reutersmedia.net/resources_v2/images/rcom-default.png", "site_section": "http://feeds.reuters.com/reuters/companyNews\r", "section_title": "Reuters: Company News", "url": "https://www.reuters.com/article/brief-ny-department-of-financial-service/brief-ny-department-of-financial-services-fines-western-union-60-mln-idUSFWN1OZ0RH", "country": "US", "domain_rank": 408, "title": "BRIEF-NY Department Of Financial Services Fines Western Union $60 Mln", "performance_score": 0, "site": "reuters.com", "participants_count": 0, "title_full": "", "spam_score": 0.0, "site_type": "news", "published": "2018-01-04T18:08:00.000+02:00", "replies_count": 0, "uuid": "beeb4c187b47da1e1c7c23a5fe4cc3ed2041d1ee"}, "author": "", "url": "https://www.reuters.com/article/brief-ny-department-of-financial-service/brief-ny-department-of-financial-services-fines-western-union-60-mln-idUSFWN1OZ0RH", "ord_in_thread": 0, "title": "BRIEF-NY Department Of Financial Services Fines Western Union $60 Mln", "locations": [], "entities": {"persons": [], "locations": [{"name": "new york", "sentiment": "none"}, {"name": "china", "sentiment": "none"}], "organizations": [{"name": "brief-ny department of financial services fines western union", "sentiment": "negative"}, {"name": "reuters staff", "sentiment": "none"}, {"name": "reuters", "sentiment": "none"}, {"name": "western union", "sentiment": "none"}]}, "highlightText": "", "language": "english", "persons": [], "text": " 09 PM / Updated 13 minutes ago BRIEF-NY Department Of Financial Services Fines Western Union $60 Mln Reuters Staff 1 Min Read \nJan 4 (Reuters) - NY DEPARTMENT OF FINANCIAL SERVICES: \n* DFS FINES WESTERN UNION $60 MILLION FOR VIOLATIONS OF NEW YORK‘S ANTI-MONEY LAUNDERING LAWS, “IGNORING SUSPICIOUS TRANSACTIONS” TO LOCATIONS IN CHINA \n* NY DEPARTMENT OF FINANCIAL SERVICES - INVESTIGATION FINDS WESTERN UNION FAILED TO IMPLEMENT ANTI-MONEY LAUNDERING COMPLIANCE BETWEEN 2004 AND 2012 Source text: ( on.ny.gov/2AqUMU2 ) Further company coverage:", "external_links": [], "published": "2018-01-04T18:08:00.000+02:00", "crawled": "2018-01-04T18:28:47.000+02:00", "highlightTitle": ""}