{"organizations": [], "uuid": "ec6f66cf7428f407c62cc586bbff505a4c1da251", "thread": {"social": {"gplus": {"shares": 0}, "pinterest": {"shares": 0}, "vk": {"shares": 0}, "linkedin": {"shares": 0}, "facebook": {"likes": 0, "shares": 0, "comments": 0}, "stumbledupon": {"shares": 0}}, "site_full": "www.cnbc.com", "main_image": "//sc.cnbcfm.com/applications/cnbc.com/staticcontent/img/cnbc_logo.gif", "site_section": "http://www.cnbc.com/id/10000027/page/2", "section_title": "Press Releases - CNBC", "url": "http://www.cnbc.com/2018/01/08/business-wire-xcel-energy-4th-quarter-2017-earnings-conference-call.html", "country": "US", "domain_rank": 767, "title": "Xcel Energy 4th Quarter 2017 Earnings Conference Call", "performance_score": 0, "site": "cnbc.com", "participants_count": 1, "title_full": "", "spam_score": 0.0, "site_type": "news", "published": "2018-01-08T15:00:00.000+02:00", "replies_count": 0, "uuid": "ec6f66cf7428f407c62cc586bbff505a4c1da251"}, "author": "cnbc.com", "url": "http://www.cnbc.com/2018/01/08/business-wire-xcel-energy-4th-quarter-2017-earnings-conference-call.html", "ord_in_thread": 0, "title": "Xcel Energy 4th Quarter 2017 Earnings Conference Call", "locations": [], "entities": {"persons": [{"name": "paul johnson", "sentiment": "none"}], "locations": [{"name": "minneapolis", "sentiment": "none"}, {"name": "us", "sentiment": "none"}], "organizations": [{"name": "xcel energy", "sentiment": "negative"}, {"name": "central time", "sentiment": "none"}]}, "highlightText": "", "language": "english", "persons": [], "text": "MINNEAPOLIS--(BUSINESS WIRE)-- On Wednesday, February 7, 2018, Xcel Energy (NASDAQ: XEL) will host a conference call to review fourth quarter 2017 financial results. Earnings will be released prior to the opening of trading.\nThe call will begin at 9:00 a.m. Central Time. To participate in the conference call, please dial in at least 5-10 minutes prior to the scheduled start and follow the operator’s instructions. You will be asked for the conference ID number.\nUS Dial-In: 888-203-7667\nInternational Dial-In: 719-325-2109\nConference ID: 6701954\nThe conference call will also be simultaneously broadcast and archived on our website, along with an MP3 download, at the following location:\nhttp://www.xcelenergy.com\nUnder Company, select: Investor Relations\nIf you are unable to participate in the live event, the call will be available for replay from 1:00 p.m. on February 7 through 11:00 p.m. on February 9, Central Time.\nReplay Numbers\nUS Dial-In: 888-203-1112\nInternational Dial-In: 719-457-0820\nReplay Passcode: 6701954\nFinancial analysts may call:\nPaul Johnson, Vice President - Investor Relations 612-215-4535\nNews media inquiries please call Xcel Energy Media Relations at 612-215-5300.\nInternet: www.xcelenergy.com\nAbout Xcel Energy\nXcel Energy (NYSE: XEL) provides the energy that powers millions of homes and businesses across eight Western and Midwestern states. Headquartered in Minneapolis, the company is an industry leader in responsibly reducing carbon emissions and producing and delivering clean energy solutions from a variety of renewable sources at competitive prices. For more information, visit xcelenergy.com or follow us on Twitter and Facebook .\nView source version on businesswire.com : http://www.businesswire.com/news/home/20180108005227/en/\nXcel Energy\nFinancial analysts:\nPaul Johnson, 612-215-4535\nVice President - Investor Relations\nor\nNews media inquiries:\nXcel Energy Media Relations, 612-215-5300\nInternet: www.xcelenergy.com\nSource: Xcel Energy", "external_links": ["http://cts.businesswire.com/ct/CT?id=smartlink&url=http%3A%2F%2Fwww.facebook.com%2Fxcelenergy&esheet=51738924&newsitemid=20180108005227&lan=en-US&anchor=Facebook&index=5&md5=4aa2ce97d12d4dbb194877f2c0f38c04", "http://cts.businesswire.com/ct/CT?id=smartlink&url=http%3A%2F%2Fwww.xcelenergy.com&esheet=51738924&lan=en-US&anchor=www.xcelenergy.com&index=6&md5=0a80fd7aebedb65248b6561287ee4000", "http://cts.businesswire.com/ct/CT?id=smartlink&url=http%3A%2F%2Fwww.xcelenergy.com&esheet=51738924&newsitemid=20180108005227&lan=en-US&anchor=http%3A%2F%2Fwww.xcelenergy.com&index=1&md5=1918f2b027f39e9f0c15a348125473ef", "http://www.businesswire.com/news/home/20180108005227/en/", "http://cts.businesswire.com/ct/CT?id=smartlink&url=http%3A%2F%2Fwww.xcelenergy.com&esheet=51738924&newsitemid=20180108005227&lan=en-US&anchor=www.xcelenergy.com&index=2&md5=dbcb2d65b16b58dbc2d43ed3b6da41b0", "http://cts.businesswire.com/ct/CT?id=smartlink&url=http%3A%2F%2Fwww.xcelenergy.com&esheet=51738924&newsitemid=20180108005227&lan=en-US&anchor=xcelenergy.com&index=3&md5=df457025cf698832cfaee7691e18dc72", "http://cts.businesswire.com/ct/CT?id=smartlink&url=http%3A%2F%2Fwww.twitter.com%2Fxcelenergy&esheet=51738924&newsitemid=20180108005227&lan=en-US&anchor=Twitter&index=4&md5=795b4721b219494d7266be28b13d1324"], "published": "2018-01-08T15:00:00.000+02:00", "crawled": "2018-01-08T15:34:11.033+02:00", "highlightTitle": ""}