{"organizations": [], "uuid": "3cbdf1ed3bdf4fa992bffaa7ac0e888002989f1a", "thread": {"social": {"gplus": {"shares": 0}, "pinterest": {"shares": 0}, "vk": {"shares": 0}, "linkedin": {"shares": 35}, "facebook": {"likes": 23, "shares": 23, "comments": 0}, "stumbledupon": {"shares": 0}}, "site_full": "www.reuters.com", "main_image": "https://s4.reutersmedia.net/resources/r/?m=02&d=20180105&t=2&i=1219480525&w=1200&r=LYNXMPEE04038", "site_section": "http://feeds.reuters.com/reuters/companyNews\r", "section_title": "Reuters: Company News", "url": "https://www.reuters.com/article/us-gopro-redundancies/gopro-cuts-200-300-jobs-in-aerial-products-unit-techcrunch-idUSKBN1EU080", "country": "US", "domain_rank": 408, "title": "GoPro cuts 200-300 jobs in aerial products unit - TechCrunch", "performance_score": 0, "site": "reuters.com", "participants_count": 0, "title_full": "", "spam_score": 0.0, "site_type": "news", "published": "2018-01-05T04:20:00.000+02:00", "replies_count": 0, "uuid": "3cbdf1ed3bdf4fa992bffaa7ac0e888002989f1a"}, "author": "", "url": "https://www.reuters.com/article/us-gopro-redundancies/gopro-cuts-200-300-jobs-in-aerial-products-unit-techcrunch-idUSKBN1EU080", "ord_in_thread": 0, "title": "GoPro cuts 200-300 jobs in aerial products unit - TechCrunch", "locations": [], "entities": {"persons": [{"name": "kanishka singh", "sentiment": "none"}, {"name": "amrutha gayathri", "sentiment": "none"}], "locations": [{"name": "bengaluru", "sentiment": "none"}], "organizations": [{"name": "techcrunch reuters staff", "sentiment": "negative"}, {"name": "gopro inc", "sentiment": "none"}, {"name": "reuters", "sentiment": "none"}]}, "highlightText": "", "language": "english", "persons": [], "text": "Thu Jan 4, 2018 / 9:36 PM EST GoPro cuts 200-300 jobs in aerial products unit: TechCrunch Reuters Staff A GoPro camera is seen on a skier's helmet as he rides down the slopes in the ski resort of Meribel, French Alps, January 7, 2014. Reuters/Emmanuel Foudrot/File Photo \n(Reuters) - Action camera maker GoPro Inc ( GPRO.O ) is cutting about 200 to 300 jobs in its aerial products division this week, technology news website TechCrunch reported on Thursday. \nThe job cuts are part of a bigger restructuring in the company, TechCrunch reported, citing a letter sent to impacted employees. tcrn.ch/2CEcEAS ADVERTISEMENT \nThe employees were relieved from duties on Thursday, but will continue to be on the company's payroll until Feb. 16, TechCrunch reported, citing sources. \nGoPro — whose cameras are worn by surfers, skydivers and other action junkies — has been struggling in recent years as cheaper rivals emerge and smartphones feature increasingly advanced cameras. \nGoPro did not respond to a request for comment outside regular business hours. ADVERTISEMENT ", "external_links": [], "published": "2018-01-05T04:20:00.000+02:00", "crawled": "2018-01-05T04:46:00.013+02:00", "highlightTitle": ""}