{"organizations": [], "uuid": "5c3470067cefe4e9b0b5a8dc2baee05060324cda", "thread": {"social": {"gplus": {"shares": 0}, "pinterest": {"shares": 0}, "vk": {"shares": 0}, "linkedin": {"shares": 0}, "facebook": {"likes": 0, "shares": 0, "comments": 0}, "stumbledupon": {"shares": 0}}, "site_full": "www.wsj.com", "main_image": "https://si.wsj.net/public/resources/images/BN-WZ988_3jYVS_TOP_20180116071422.jpg", "site_section": "https://www.wsj.com/news/markets", "section_title": "Stock Market &amp; Finance News - Wall Street Journal", "url": "https://www.wsj.com/articles/where-banks-and-tech-are-going-head-to-head-1516105648", "country": "US", "domain_rank": 387, "title": "Where Banks and Tech Are Going Head to Head", "performance_score": 0, "site": "wsj.com", "participants_count": 1, "title_full": "", "spam_score": 0.0, "site_type": "news", "published": "2018-01-16T15:27:00.000+02:00", "replies_count": 0, "uuid": "5c3470067cefe4e9b0b5a8dc2baee05060324cda"}, "author": "Stephen Wilmot", "url": "https://www.wsj.com/articles/where-banks-and-tech-are-going-head-to-head-1516105648", "ord_in_thread": 0, "title": "Where Banks and Tech Are Going Head to Head", "locations": [], "entities": {"persons": [], "locations": [{"name": "europe", "sentiment": "none"}], "organizations": [{"name": "google", "sentiment": "none"}, {"name": "apple", "sentiment": "none"}, {"name": "facebook", "sentiment": "none"}]}, "highlightText": "", "language": "english", "persons": [], "text": "Big tech has a new opening to disrupt the big banks. A tussle to create a killer banking app is shaping up.\nThanks to “open banking” rules that take effect this month, consumers’ account information in Europe is no longer the exclusive domain of banks. Lenders will have to cough up their customers’ data provided they give consent. Expect the likes of Google, Apple and Facebook to start asking for permission.\nMaking... ", "external_links": [], "published": "2018-01-16T15:27:00.000+02:00", "crawled": "2018-01-16T15:38:10.006+02:00", "highlightTitle": ""}