{"organizations": [], "uuid": "6e5e6face47d55ba85f016ac05772f6379491bed", "thread": {"social": {"gplus": {"shares": 0}, "pinterest": {"shares": 0}, "vk": {"shares": 0}, "linkedin": {"shares": 0}, "facebook": {"likes": 0, "shares": 0, "comments": 0}, "stumbledupon": {"shares": 0}}, "site_full": "www.reuters.com", "main_image": "https://s3.reutersmedia.net/resources/r/?m=02&d=20180107&t=2&i=1220020103&w=1200&r=LYNXMPEE060DK", "site_section": "https://www.reuters.com/news/entertainment", "section_title": "Entertainment Industry &amp; Celebrity News | Reuters.com", "url": "https://www.reuters.com/article/us-awards-goldenglobes-factbox/factbox-key-film-and-television-nominations-for-the-2018-golden-globes-idUSKBN1EW0FP", "country": "US", "domain_rank": 408, "title": "Factbox: Key film and television nominations for the 2018 Golden Globes", "performance_score": 0, "site": "reuters.com", "participants_count": 1, "title_full": "", "spam_score": 0.977, "site_type": "news", "published": "2018-01-07T20:14:00.000+02:00", "replies_count": 0, "uuid": "6e5e6face47d55ba85f016ac05772f6379491bed"}, "author": "Reuters Editorial", "url": "https://www.reuters.com/article/us-awards-goldenglobes-factbox/factbox-key-film-and-television-nominations-for-the-2018-golden-globes-idUSKBN1EW0FP", "ord_in_thread": 0, "title": "Factbox: Key film and television nominations for the 2018 Golden Globes", "locations": [], "entities": {"persons": [{"name": "ansel elgort", "sentiment": "none"}, {"name": "steve carell", "sentiment": "none"}, {"name": "michelle williams", "sentiment": "none"}, {"name": "tonya", "sentiment": "none"}, {"name": "sally hawkins", "sentiment": "none"}, {"name": "frances mcdormand", "sentiment": "none"}, {"name": "seth meyers", "sentiment": "none"}, {"name": "timothee chalamet", "sentiment": "none"}, {"name": "daniel day-lewis", "sentiment": "none"}, {"name": "tom hanks", "sentiment": "none"}, {"name": "gary oldman", "sentiment": "none"}, {"name": "jessica chastain", "sentiment": "none"}, {"name": "daniel k", "sentiment": "none"}, {"name": "denzel washington - “roman j. israel", "sentiment": "none"}, {"name": "james franco", "sentiment": "none"}, {"name": "hugh jackman", "sentiment": "none"}], "locations": [{"name": "beverly hills", "sentiment": "none"}, {"name": "u.s.", "sentiment": "none"}, {"name": "missouri", "sentiment": "none"}], "organizations": [{"name": "reuters", "sentiment": "negative"}, {"name": "hollywood foreign press associat", "sentiment": "negative"}, {"name": "golden globes los angeles", "sentiment": "negative"}]}, "highlightText": "", "language": "english", "persons": [], "text": "LOS ANGELES (Reuters) - The 2018 Golden Globe Awards, chosen by the Hollywood Foreign Press Association, will be handed out at a gala dinner in Beverly Hills on Sunday, hosted by U.S. comedian Seth Meyers.\nFollowing is a list of film and television nominees in key categories:\nBEST DRAMA “Call Me by Your Name”\n“Dunkirk”\n“The Post”\n“The Shape of Water”\n“Three Billboards Outside Ebbing, Missouri”\nBEST COMEDY OR MUSICAL “The Disaster Artist”\n“Get Out”\n“The Greatest Showman”\n“I, Tonya”\n“Lady Bird”\nBEST ACTOR, DRAMA Timothee Chalamet - “Call Me by Your Name”\nDaniel Day-Lewis - “Phantom Thread”\nTom Hanks - “The Post”\nGary Oldman - “Darkest Hour”\nDenzel Washington - “Roman J. Israel, Esq.”\nBEST ACTRESS, DRAMA Jessica Chastain - “Molly’s Game”\nSally Hawkins - “The Shape of Water”\nFrances McDormand - “Three Billboards Outside Ebbing, Missouri”\nMeryl Streep - “The Post”\nMichelle Williams - “All the Money in the World”\nBEST ACTOR, COMEDY OR MUSICAL Steve Carell - “Battle of the Sexes”\nAnsel Elgort - “Baby Driver”\nJames Franco - “The Disaster Artist”\nHugh Jackman - “The Greatest Showman”\nDaniel Kaluuya - “Get Out”\nBEST ACTRESS, COMEDY OR MUSICAL Judi Dench - “Victoria & Abdul”\nHelen Mirren - “The Leisure Seeker”Margot Robbie - “I, Tonya”\nSaoirse Ronan - “Lady Bird”\nEmma Stone - “Battle of the Sexes”\nBEST DIRECTOR Guillermo del Toro - “The Shape of Water”\nMartin McDonagh - “Three Billboards Outside Ebbing, Missouri”\nChristopher Nolan - “Dunkirk”\nRidley Scott - “All the Money in the World”\nSteven Spielberg - “The Post”\nBEST SUPPORTING ACTOR Willem Dafoe - “The Florida Project”\nArmie Hammer - “Call Me by Your Name”\nRichard Jenkins - “The Shape of Water”\nChristopher Plummer - “All the Money in the World”\nSam Rockwell - “Three Billboards Outside Ebbing, Missouri”\nBEST SUPPORTING ACTRESS Mary J. Blige - “Mudbound”\nHong Chau - “Downsizing”\nAllison Janney - “I, Tonya”\nLaurie Metcalf - “Lady Bird”\nOctavia Spencer - “The Shape of Water”\nBEST ANIMATED FILM “The Boss Baby”\nNominees for the 75th Golden Globe Awards, Best Performance by an Actor in a Motion Picture, Drama category, (L-R) Timothee Chalamet, Daniel Day Lewis, Tom Hanks, Gary Oldman and Denzel Washington are seen in a combination of file photos. REUTERS/File Photos “The Breadwinner”\n“Coco”\n“Ferdinand”\n“Loving Vincent”\nBEST FOREIGN FILM “A Fantastic Woman” - Chile\n“First They Killed My Father” - Cambodia\n“In the Fade” - Germany/France\n“Loveless” - Russia\n“The Square” - Sweden/Germany/France\nBEST ORIGINAL SONG “Home” - “Ferdinand”\n“Mighty River” - “Mudbound”\n“Remember Me” - “Coco”\n“The Star” - “The Star”\n“This Is Me” - “The Greatest Showman”\nBEST TV DRAMA SERIES “The Crown”\n“Game of Thrones”\nSlideshow (2 Images) “The Handmaid’s Tale”\n“Stranger Things”\n“This is Us”\nBEST TV COMEDY/MUSICAL SERIES “black-ish”\n“The Marvelous Mrs. Maisel”\n“Master of None”\n“SMILF”\n“Will & Grace”\nBEST ACTOR, TV DRAMA Jason Bateman - “Ozark”\nSterling K. Brown - “This Is Us”\nFreddie Highmore - “The Good Doctor”\nBob Odenkirk - “Better Call Saul”\nLiev Schreiber - “Ray Donovan”\nBEST ACTRESS, TV DRAMA Caitriona Balfe - “Outlander”\nClaire Foy - “The Crown”\nMaggie Gyllenhaal - “The Deuce”\nKatherine Langford - “13 Reason Why”\nElisabeth Moss - “The Handmaid’s Tale”\nBEST ACTOR, TV COMEDY/MUSICAL Anthony Anderson - “black-ish”\nAziz Ansari - “Master of None”\nKevin Bacon - “I Love Dick”\nWilliam H. Macy - “Shameless”\nEric McCormack - “Will & Grace”\nBEST ACTRESS, TV COMEDY/MUISCAL Pamela Adlon - “Better Things”\nAlison Brie - “Glow”\nRachel Brosnahan - “The Marvelous Mrs. Maisel”\nIssa Rae - “Insecure”\nFrankie Shaw - “SMILF”\nBEST TV MOVIE OR LIMITED SERIES “Big Little Lies” - HBO\n“Fargo” - FX\n“Feud: Bette and Joan” - FX\n“The Sinner” - USA\n“Top of the Lake: China Girl” - SundanceTV\nReporting by Jill Serjeant; Editing by Richard Chang\n ", "external_links": ["http://thomsonreuters.com/en/about-us/trust-principles.html"], "published": "2018-01-07T20:14:00.000+02:00", "crawled": "2018-01-08T00:32:14.003+02:00", "highlightTitle": ""}