{"organizations": [], "uuid": "07c3090bed7f4fbfaae72abdf6bc3f4cf49e74a3", "thread": {"social": {"gplus": {"shares": 0}, "pinterest": {"shares": 0}, "vk": {"shares": 0}, "linkedin": {"shares": 0}, "facebook": {"likes": 0, "shares": 0, "comments": 0}, "stumbledupon": {"shares": 0}}, "site_full": "www.cnbc.com", "main_image": "//sc.cnbcfm.com/applications/cnbc.com/staticcontent/img/cnbc_logo.gif", "site_section": "http://www.cnbc.com/id/10000027/page/5", "section_title": "Press Releases - CNBC", "url": "http://www.cnbc.com/2018/01/02/business-wire-robbins-arroyo-llp-credit-suisse-group-ag-cs-misled-shareholders-according-to-a-recently-filed-class-action.html", "country": "US", "domain_rank": 767, "title": "Robbins Arroyo LLP: Credit Suisse Group AG (CS) Misled Shareholders According to a Recently Filed Class Action", "performance_score": 0, "site": "cnbc.com", "participants_count": 1, "title_full": "", "spam_score": 0.002, "site_type": "news", "published": "2018-01-02T23:27:00.000+02:00", "replies_count": 0, "uuid": "07c3090bed7f4fbfaae72abdf6bc3f4cf49e74a3"}, "author": "cnbc.com", "url": "http://www.cnbc.com/2018/01/02/business-wire-robbins-arroyo-llp-credit-suisse-group-ag-cs-misled-shareholders-according-to-a-recently-filed-class-action.html", "ord_in_thread": 0, "title": "Robbins Arroyo LLP: Credit Suisse Group AG (CS) Misled Shareholders According to a Recently Filed Class Action", "locations": [], "entities": {"persons": [], "locations": [{"name": "zurich", "sentiment": "none"}, {"name": "u.s.", "sentiment": "none"}], "organizations": [{"name": "cs", "sentiment": "negative"}, {"name": "credit suisse group ag", "sentiment": "negative"}, {"name": "robbins arroyo llp", "sentiment": "negative"}, {"name": "sec", "sentiment": "none"}, {"name": "credit suisse", "sentiment": "none"}, {"name": "nyse", "sentiment": "none"}]}, "highlightText": "", "language": "english", "persons": [], "text": "SAN DIEGO & ZURICH--(BUSINESS WIRE)-- Shareholder rights law firm Robbins Arroyo LLP announces that investors filed a class action complaint against Credit Suisse Group AG (NYSE: CS) on behalf of all purchasers of Credit Suisse securities between March 20, 2015 and February 3, 2016, for alleged violations of the Securities Exchange Act of 1934 by Credit Suisse's officers and directors. Credit Suisse, together with its subsidiaries, provides various financial services worldwide.\nView this information on the law firm's Shareholder Rights Blog: www.robbinsarroyo.com/credit-suisse-group-ag\nCredit Suisse Accused of Taking on Risky and Outsized Investments\nAccording to the complaint, Credit Suisse officials repeatedly touted in SEC filings that the company maintained \"comprehensive risk management processes and sophisticated control systems\" governing its investment operations. However, contrary to these representations, Credit Suisse schemed to accumulate nearly $3 billion in distressed debt and U.S. collateralized loan obligations (\"CLOs\"), which were notoriously difficult to liquidate and which violated the company’s purported risk protocols. On February 4, 2016, Credit Suisse revealed a massive $633 million write-down from the sale of the bank's distressed debt and CLO positions, which would subsequently increase to nearly $1 billion. Credit Suisse's CEO admitted that traders took outsized illiquid positions in violation of the bank's risk policies because the bank was \"trying to generate revenue at all costs.\"\nCredit Suisse Shareholders Have Legal Options\nConcerned shareholders who would like more information about their rights and potential remedies can contact attorney Leonid Kandinov at (800) 350-6003, LKandinov@robbinsarroyo.com , or via the shareholder information form on the firm's website.\nRobbins Arroyo LLP is a nationally recognized leader in shareholder rights law. The firm represents individual and institutional investors in shareholder derivative and securities class action lawsuits, and has helped its clients realize more than $1 billion of value for themselves and the companies in which they have invested.\nAttorney Advertising. Past results do not guarantee a similar outcome.\nView source version on businesswire.com : http://www.businesswire.com/news/home/20180102005769/en/\nRobbins Arroyo LLP\nLeonid Kandinov\n(619) 525-3990 or Toll Free (800) 350-6003\nLKandinov@robbinsarroyo.com\nwww.robbinsarroyo.com\nSource: Robbins Arroyo LLP", "external_links": ["http://cts.businesswire.com/ct/CT?id=smartlink&url=http%3A%2F%2Fwww.robbinsarroyo.com%2Fcredit-suisse-group-ag&esheet=51736817&newsitemid=20180102005769&lan=en-US&anchor=announces&index=1&md5=8c3ab4c6424d259125682e85e26139ef", "http://cts.businesswire.com/ct/CT?id=smartlink&url=http%3A%2F%2Fwww.robbinsarroyo.com%2Fcredit-suisse-group-ag&esheet=51736817&newsitemid=20180102005769&lan=en-US&anchor=www.robbinsarroyo.com%2Fcredit-suisse-group-ag&index=2&md5=d641176605bbf65e4491e2734a3dbfbd", "http://cts.businesswire.com/ct/CT?id=smartlink&url=http%3A%2F%2Fwww.robbinsarroyo.com%2Fcredit-suisse-group-ag&esheet=51736817&newsitemid=20180102005769&lan=en-US&anchor=shareholder+information+form&index=3&md5=59b88a832d46365f5d2e2c21aac185bf", "http://www.businesswire.com/news/home/20180102005769/en/", "http://cts.businesswire.com/ct/CT?id=smartlink&url=http%3A%2F%2Fwww.robbinsarroyo.com&esheet=51736817&lan=en-US&anchor=www.robbinsarroyo.com&index=4&md5=2232f349b08f7fad417f4e50feeab3eb"], "published": "2018-01-02T23:27:00.000+02:00", "crawled": "2018-01-03T00:27:20.000+02:00", "highlightTitle": ""}