{"organizations": [], "uuid": "3d49d3e614350b48e2afdc0fa246016b1eb3af39", "thread": {"social": {"gplus": {"shares": 0}, "pinterest": {"shares": 0}, "vk": {"shares": 0}, "linkedin": {"shares": 0}, "facebook": {"likes": 0, "shares": 0, "comments": 0}, "stumbledupon": {"shares": 0}}, "site_full": "www.cnbc.com", "main_image": "//sc.cnbcfm.com/applications/cnbc.com/staticcontent/img/cnbc_logo.gif", "site_section": "http://www.cnbc.com/id/10000027", "section_title": "Press Releases - CNBC", "url": "http://www.cnbc.com/2018/01/05/pr-newswire-lockton-benefit-group-announces-mascolo-as-chief-operating-officer.html", "country": "US", "domain_rank": 767, "title": "Lockton Benefit Group announces Mascolo as Chief Operating Officer", "performance_score": 0, "site": "cnbc.com", "participants_count": 1, "title_full": "", "spam_score": 0.012, "site_type": "news", "published": "2018-01-05T19:10:00.000+02:00", "replies_count": 0, "uuid": "3d49d3e614350b48e2afdc0fa246016b1eb3af39"}, "author": "cnbc.com", "url": "http://www.cnbc.com/2018/01/05/pr-newswire-lockton-benefit-group-announces-mascolo-as-chief-operating-officer.html", "ord_in_thread": 0, "title": "Lockton Benefit Group announces Mascolo as Chief Operating Officer", "locations": [], "entities": {"persons": [{"name": "mascolo", "sentiment": "negative"}, {"name": "lockton", "sentiment": "none"}, {"name": "mike", "sentiment": "none"}, {"name": "mike mascolo", "sentiment": "none"}, {"name": "bob reiff", "sentiment": "none"}], "locations": [{"name": "kansas city", "sentiment": "none"}, {"name": "mo.", "sentiment": "none"}], "organizations": [{"name": "lockton benefit group", "sentiment": "negative"}, {"name": "wells fargo insurance", "sentiment": "none"}]}, "highlightText": "", "language": "english", "persons": [], "text": "KANSAS CITY, Mo., Jan. 5, 2018 /PRNewswire/ -- Lockton Benefit Group (LBG) is pleased to announce the addition of Mike Mascolo as Chief Operating Officer (COO). In his new role, Mascolo will focus on coordination and collaboration across the benefits group as well as play an essential role in working with insurers and other business partners.\nMascolo is highly regarded in the benefits industry for his client consulting and management skills. He has been in the healthcare and insurance business for more than 20 years, spending the last decade with Wells Fargo Insurance.\n\"I'm thrilled to welcome Mike as COO. His stellar reputation in our industry, coupled with his personable nature, makes him a natural fit for Lockton,\" said Bob Reiff, President, Lockton Benefit Group. \"We have some of the best minds in the business and Mike's leadership will certainly enhance our already outstanding capabilities.\"\nIn his most recent role as the Employee Benefits National Practice Resource Leader for Wells Fargo Insurance, Mascolo guided his client consulting teams in their thought leadership and resource development activities. Under his direction, the Employee Benefits Practice implemented a data-driven performance and execution model to deliver outstanding client solutions through an innovative alignment of resources and enhanced priority action planning.\n\"Lockton has a great reputation for client advice and innovation,\" said Mascolo. \"I'm excited to join this winning team and look forward to new successes for our clients and the continued growth of our benefits business.\"\nMascolo will be based out of Lockton's Kansas City, Missouri office.\nAbout Lockton\nLockton is a global professional services firm with 6,500 Associates who advise clients on protecting their people, property and reputations. Lockton has grown to become the world's largest privately held, independent insurance broker by helping clients achieve their business objectives.\nFor nine consecutive years, Business Insurance magazine has recognized Lockton as a \" Best Place to Work in Insurance .\"\nView original content with multimedia: http://www.prnewswire.com/news-releases/lockton-benefit-group-announces-mascolo-as-chief-operating-officer-300578262.html\nSOURCE Lockton", "external_links": ["http://www.prnewswire.com/news-releases/lockton-benefit-group-announces-mascolo-as-chief-operating-officer-300578262.html", "http://www.lockton.com/newsroom/post/lockton-named-a-best-place-to-work-for-ninth-consecutive-year"], "published": "2018-01-05T19:10:00.000+02:00", "crawled": "2018-01-05T20:13:07.007+02:00", "highlightTitle": ""}