{"organizations": [], "uuid": "13e95bea10bd0eac47371d880596b0dd8d49ff13", "thread": {"social": {"gplus": {"shares": 0}, "pinterest": {"shares": 0}, "vk": {"shares": 0}, "linkedin": {"shares": 6}, "facebook": {"likes": 2, "shares": 2, "comments": 0}, "stumbledupon": {"shares": 0}}, "site_full": "www.wsj.com", "main_image": "https://si.wsj.net/public/resources/images/BN-WU811_STEEL0_SOC_20180102124529.jpg", "site_section": "https://www.wsj.com/europe", "section_title": "The Wall Street Journal &amp; Breaking News, Business, Financial and Economic News, World News and Video", "url": "https://www.wsj.com/articles/commercial-metals-bolsters-holdings-of-a-construction-steel-1514921924", "country": "US", "domain_rank": 387, "title": "Commercial Metals Bolsters Holdings of a Construction Steel", "performance_score": 0, "site": "wsj.com", "participants_count": 1, "title_full": "", "spam_score": 0.292, "site_type": "news", "published": "2018-01-03T00:03:00.000+02:00", "replies_count": 0, "uuid": "13e95bea10bd0eac47371d880596b0dd8d49ff13"}, "author": "Bob Tita", "url": "https://www.wsj.com/articles/commercial-metals-bolsters-holdings-of-a-construction-steel-1514921924", "ord_in_thread": 0, "title": "Commercial Metals Bolsters Holdings of a Construction Steel", "locations": [], "entities": {"persons": [], "locations": [{"name": "u.s.", "sentiment": "none"}, {"name": "brazil", "sentiment": "none"}], "organizations": [{"name": "commercial metals bolsters holdings of a construction steel texas-based commercial metals co.", "sentiment": "negative"}, {"name": "gerdau sa", "sentiment": "none"}, {"name": "gerdau", "sentiment": "none"}]}, "highlightText": "", "language": "english", "persons": [], "text": "Texas-based Commercial Metals Co. said it plans to acquire assets from a Brazilian rival that would double its share of a key construction material.\nThe company plans to pay $600 million in cash for the U.S. steel-reinforcing-bar assets of Brazil’s Gerdau SA, adding four mills and 33 fabrication plants.\nGerdau’s exit from the U.S. rebar market... ", "external_links": [], "published": "2018-01-03T00:03:00.000+02:00", "crawled": "2018-01-03T03:15:17.002+02:00", "highlightTitle": ""}