{"organizations": [], "uuid": "88203a5b368d6f416bf17f0a913e7b0f12e54095", "thread": {"social": {"gplus": {"shares": 0}, "pinterest": {"shares": 0}, "vk": {"shares": 0}, "linkedin": {"shares": 6}, "facebook": {"likes": 2, "shares": 2, "comments": 0}, "stumbledupon": {"shares": 0}}, "site_full": "www.cnbc.com", "main_image": "https://fm.cnbc.com/applications/cnbc.com/resources/img/editorial/2018/01/02/104924703-bethenny_80097451.1910x1000.jpg", "site_section": "", "section_title": "", "url": "https://www.cnbc.com/2018/01/02/how-much-bethenny-frankel-made-on-real-housewives-of-new-york-city.html", "country": "US", "domain_rank": 767, "title": "How much Bethenny Frankel made on Real Housewives of New York City", "performance_score": 0, "site": "cnbc.com", "participants_count": 0, "title_full": "", "spam_score": 0.246, "site_type": "news", "published": "2018-01-03T16:45:00.000+02:00", "replies_count": 0, "uuid": "88203a5b368d6f416bf17f0a913e7b0f12e54095"}, "author": "Sarah Berger", "url": "https://www.cnbc.com/2018/01/02/how-much-bethenny-frankel-made-on-real-housewives-of-new-york-city.html", "ord_in_thread": 0, "title": "How much Bethenny Frankel made on Real Housewives of New York City", "locations": [], "entities": {"persons": [{"name": "bethenny frankel", "sentiment": "negative"}, {"name": "marc jacobs", "sentiment": "none"}, {"name": "henny frankel", "sentiment": "none"}, {"name": "frankel", "sentiment": "none"}, {"name": "amy sussman", "sentiment": "none"}], "locations": [{"name": "new york city", "sentiment": "none"}, {"name": "miami", "sentiment": "none"}], "organizations": []}, "highlightText": "", "language": "english", "persons": [], "text": "Bethenny Frankel SHARES \nDon't let her glitz and glam fool you: Reality TV star and entrepreneur Bethenny Frankel made a surprisingly small amount of money for the first season of Bravo's \"Real Housewives of New York City.\" \n\"I made $7,250 for the entire season,\" she told PeopleStyle , while giving the publication a glimpse inside her now very impressive closet. Season one had seven episodes , plus a reunion, and aired in 2008. \nDuring the interview, Frankel also plucked out a black, bedazzled dress from her closet. She explains to PeopleStyle that it was the first expensive outfit she ever bought. \n\"I couldn't afford it … I mean I got a discount, but this is Marc Jacobs, I cannot get rid of it,\" Frankel tells PeopleStyle. \"I bought it at Scoop in Miami and I wore it to the season one 'Housewives' premiere party,\" she says. \"I live for it.\" Amy Sussman | Getty Images Bethenny Frankel wearing the Marc Jacobs dress at a party for Bravo's \"The Real Housewives of New York City,\" on March 3, 2008. \nDuring the wardrobe tour, Frankel also pointed out a Cartier watch, sharing the sentimental story behind it. Years ago, after making some money from opening a pashmina business, Frankel treated herself to the expensive bling. When the business went belly-up, though, she says she went broke and had to sell the accessory. \n\"I recently bought it back cause it just represented the fact that I could buy it back,\" Frankel tells PeopleStyle. \nFrankel wearing the Cartier watch \nIndeed, Frankel has come a long way from that skimpy salary. In 2016, she made $8.5 million, according to Forbes . She is the founder and CEO of Skinnygirl and sold Skinnygirl Cocktails, a line of diet cocktail mixers, in March 2011 for a reported $100 million . She has added to that payday with a number of Housewives spin-off shows and several books, and Frankel is a guest investor on season 9 of ABC's \"Shark Tank.\" \nFrankel also has a budding real estate career. In December, she purchased a second home in the Hamptons worth $2.5 million, telling the New York Post she plans to use it as an \"investment property.\" Frankel also scored a new show on Bravo that will focus on buying and designing multimillion-dollar city estates with Fredrik Eklund, star of the network's \"Million Dollar Listing: New York,\" according to People . The show, \"Bethenny & Fredrik,\" is scheduled to premiere Feb. 6. show chapters 6:41 PM ET Fri, 5 June 2015 | 03:34 \nSo with all that success, what's Frankel's advice? \n\"I hit a lot of roadblocks, but I was a dog on a bone. You'll never get that same drive and spirit than the beginning when you have nothing and you know you have a good idea,\" the entrepreneur tells CNBC Make It. \n\"Just be on the road and know that you're moving forward because you never know what's going to happen, so you have to keep your eyes open and be productive and be proactive.\"", "external_links": [], "published": "2018-01-03T16:45:00.000+02:00", "crawled": "2018-01-03T16:45:45.004+02:00", "highlightTitle": ""}