{"organizations": [], "uuid": "51d330cc1f561f61f5932e1cd6ba27d526d590ca", "thread": {"social": {"gplus": {"shares": 0}, "pinterest": {"shares": 0}, "vk": {"shares": 0}, "linkedin": {"shares": 0}, "facebook": {"likes": 0, "shares": 0, "comments": 0}, "stumbledupon": {"shares": 0}}, "site_full": "www.reuters.com", "main_image": "https://s4.reutersmedia.net/resources_v2/images/rcom-default.png", "site_section": "https://www.reuters.com/finance/markets", "section_title": "Markets &amp; Finance News | Reuters.com", "url": "https://www.reuters.com/article/markets-currencies/dollar-plummets-1-2-pct-against-yen-as-selloff-intensifies-idUSL8N1P52IJ", "country": "US", "domain_rank": 408, "title": "Dollar plummets 1.2 pct against yen as selloff intensifies", "performance_score": 0, "site": "reuters.com", "participants_count": 1, "title_full": "", "spam_score": 0.0, "site_type": "news", "published": "2018-01-10T18:56:00.000+02:00", "replies_count": 0, "uuid": "51d330cc1f561f61f5932e1cd6ba27d526d590ca"}, "author": "Reuters Editorial", "url": "https://www.reuters.com/article/markets-currencies/dollar-plummets-1-2-pct-against-yen-as-selloff-intensifies-idUSL8N1P52IJ", "ord_in_thread": 0, "title": "Dollar plummets 1.2 pct against yen as selloff intensifies", "locations": [], "entities": {"persons": [{"name": "tommy wilkes", "sentiment": "none"}, {"name": "saikat chatterkee", "sentiment": "none"}, {"name": "jemima kelly", "sentiment": "none"}], "locations": [{"name": "london", "sentiment": "none"}], "organizations": [{"name": "reuters", "sentiment": "negative"}, {"name": "bank of japan", "sentiment": "none"}]}, "highlightText": "", "language": "english", "persons": [], "text": "LONDON, Jan 10 (Reuters) - The dollar fell as much as 1.2 percent against the Japanese yen on Wednesday to hit a six-week low, as investors unwound short-yen bets after the Bank of Japan’s move to trim its long-dated government bond purchases earlier this week.\nThe selloff, which kicked off on Tuesday, gathered force on Wednesday, setting the dollar on track for its biggest two-day drop in nearly eight months.\nThe dollar traded as low as 111.30 yen, its weakest since Nov. 28.\nThe yen also gathered steam on the crosses, posting chunky gains against sterling and the euro . (Reporting by Tommy Wilkes and Saikat Chatterkee; Editing by Jemima Kelly)\n ", "external_links": ["http://thomsonreuters.com/en/about-us/trust-principles.html"], "published": "2018-01-10T18:56:00.000+02:00", "crawled": "2018-01-10T16:02:43.003+02:00", "highlightTitle": ""}