{"organizations": [], "uuid": "023d159b9ef299fef1121fc808fcf0e4fae4a84c", "thread": {"social": {"gplus": {"shares": 0}, "pinterest": {"shares": 0}, "vk": {"shares": 0}, "linkedin": {"shares": 0}, "facebook": {"likes": 0, "shares": 0, "comments": 0}, "stumbledupon": {"shares": 0}}, "site_full": "www.cnbc.com", "main_image": "//sc.cnbcfm.com/applications/cnbc.com/staticcontent/img/cnbc_logo.gif", "site_section": "http://www.cnbc.com/id/10000027", "section_title": "Press Releases - CNBC", "url": "http://www.cnbc.com/2018/01/02/globe-newswire-fastenal-company-announces-conference-call-to-review-2017-annual-and-fourth-quarter-earnings.html", "country": "US", "domain_rank": 767, "title": "Fastenal Company Announces Conference Call to Review 2017 Annual and Fourth Quarter Earnings", "performance_score": 0, "site": "cnbc.com", "participants_count": 1, "title_full": "", "spam_score": 0.0, "site_type": "news", "published": "2018-01-03T01:10:00.000+02:00", "replies_count": 0, "uuid": "023d159b9ef299fef1121fc808fcf0e4fae4a84c"}, "author": "cnbc.com", "url": "http://www.cnbc.com/2018/01/02/globe-newswire-fastenal-company-announces-conference-call-to-review-2017-annual-and-fourth-quarter-earnings.html", "ord_in_thread": 0, "title": "Fastenal Company Announces Conference Call to Review 2017 Annual and Fourth Quarter Earnings", "locations": [], "entities": {"persons": [], "locations": [{"name": "minn.", "sentiment": "none"}, {"name": "fourth quarter earnings winona", "sentiment": "none"}], "organizations": [{"name": "fastenal company", "sentiment": "negative"}, {"name": "fastenal", "sentiment": "none"}]}, "highlightText": "", "language": "english", "persons": [], "text": "WINONA, Minn., Jan. 02, 2018 (GLOBE NEWSWIRE) -- Fastenal Company (Nasdaq:FAST) announced the date and time for its conference call to review 2017 annual and fourth quarter results, as well as current operations. The conference call will be broadcast live over the Internet on Wednesday, January 17, 2018 at 9:00 a.m. central time.\nTo access the call, please visit the following Web address:\nhttp://investor.fastenal.com/events.cfm\nOur conference call presentation (which includes information, supplemental to that contained in our earnings announcement, regarding results for the quarter) will be available at 6:00 a.m., central time, on the day of the conference call. To access the presentation, please visit the following Web address: http://investor.fastenal.com/releases.cfm\nAn online archive of the broadcast will be available within one hour of the conclusion of the call and will remain available until March 1, 2018. Participants must have a soundcard and speakers to listen to the online broadcast.\nFastenal sells different types of industrial and construction supplies in the following product categories: threaded fasteners and miscellaneous supplies; tools; metal cutting tool blades and abrasives; fluid transfer components and accessories for hydraulic and pneumatic power; material handling; storage and packaging products; janitorial, chemical and paint products; electrical supplies; welding supplies; safety supplies; metals, alloys and materials; and office supplies.\nThe company operates more than 2,950 in-market locations, including more than 2,350 branches and approximately 600 Onsite-style locations, located primarily in North America, with additional locations in Asia, Europe, Central and South America, and Africa. We supplement these locations with point-of-use replenishment solutions such as industrial vending and bin stocks (Fastenal Managed Inventory, or FMI). These local channels are supported by 14 distribution centers spanning North America: eleven in the United States (Minnesota, Indiana, Ohio, Pennsylvania, Texas, Georgia, Washington, California, Utah, North Carolina, and Kansas) and three outside the U.S. (Ontario, Canada; Alberta, Canada; and Nuevo León, Mexico).\nAdditional information regarding Fastenal is available on the Fastenal Company website at www.fastenal.com .\nFAST-G\nCONTACT:\nEllen Stolts\nFinancial Reporting & Regulatory Compliance Manager\n507.313.7282\nSource:Fastenal Company", "external_links": ["https://www.globenewswire.com/Tracker?data=zIgXotn2kICe4qdgFmLg56zlmBkKscnaWr20eMnIY_ADc2_iU1o-YODmOEh_FRie_3LnPS3yqOvrAg_rr3XnOA==", "https://www.globenewswire.com/Tracker?data=qAadWHyq5_3-weY0myUo7QmZcL4rYSdl9H6xJIM3NmZY1eB74bcSyS_IBBK7VqbfbNSOUkFrvpww5IIhUh9dGCrQNSC6PkvKGZO55qodsgvL25cWBymbpwk7neH37F32uC2FLiH6W5_1IifXl9j_xA==", "http://investor.fastenal.com/events.cfm", "http://investor.fastenal.com/releases.cfm", "https://www.globenewswire.com/NewsRoom/AttachmentNg/2b7c31bf-758d-4f8a-80c3-f653ab1e1969", "https://www.globenewswire.com/Tracker?data=qAadWHyq5_3-weY0myUo7QmZcL4rYSdl9H6xJIM3NmZ-oMXg00D4lrbdhD_hIBuHpwzbhcrnfDIALxgZ2PdnAd7WIIEmkQREm2y3XTk8rMDb3r7G4kvs6tWKYHEImBnMpGg9vvO73VLdXxFKOtNB5A=="], "published": "2018-01-03T01:10:00.000+02:00", "crawled": "2018-01-03T04:11:52.039+02:00", "highlightTitle": ""}