{"organizations": [], "uuid": "a539090c0482a42e7214cf16644d61f28bccc8a0", "thread": {"social": {"gplus": {"shares": 0}, "pinterest": {"shares": 0}, "vk": {"shares": 0}, "linkedin": {"shares": 0}, "facebook": {"likes": 0, "shares": 0, "comments": 0}, "stumbledupon": {"shares": 0}}, "site_full": "www.reuters.com", "main_image": "https://s4.reutersmedia.net/resources_v2/images/rcom-default.png", "site_section": "http://feeds.reuters.com/reuters/companyNews\r", "section_title": "Reuters: Company News", "url": "https://www.reuters.com/article/brief-cannimed-therapeutics-and-up-canna/brief-cannimed-therapeutics-and-up-cannabis-inc-enter-definitive-supply-agreement-for-medical-cannabis-idUSASB0BZEB", "country": "US", "domain_rank": 408, "title": "BRIEF-Cannimed Therapeutics And Up Cannabis Inc Enter Definitive Supply Agreement For Medical Cannabis", "performance_score": 0, "site": "reuters.com", "participants_count": 0, "title_full": "", "spam_score": 0.0, "site_type": "news", "published": "2018-01-02T14:07:00.000+02:00", "replies_count": 0, "uuid": "a539090c0482a42e7214cf16644d61f28bccc8a0"}, "author": "", "url": "https://www.reuters.com/article/brief-cannimed-therapeutics-and-up-canna/brief-cannimed-therapeutics-and-up-cannabis-inc-enter-definitive-supply-agreement-for-medical-cannabis-idUSASB0BZEB", "ord_in_thread": 0, "title": "BRIEF-Cannimed Therapeutics And Up Cannabis Inc Enter Definitive Supply Agreement For Medical Cannabis", "locations": [], "entities": {"persons": [], "locations": [], "organizations": [{"name": "brief-cannimed therapeutics and up cannabis inc", "sentiment": "negative"}, {"name": "medical cannabis reuters", "sentiment": "none"}, {"name": "reuters", "sentiment": "none"}, {"name": "cannimed therapeutics inc", "sentiment": "none"}]}, "highlightText": "", "language": "english", "persons": [], "text": " 09 PM / Updated 12 minutes ago BRIEF-Cannimed Therapeutics And Up Cannabis Inc Enter Definitive Supply Agreement For Medical Cannabis Reuters Staff 1 Min Read \nJan 2 (Reuters) - Cannimed Therapeutics Inc: \n* CANNIMED THERAPEUTICS INC. AND UP CANNABIS INC. (WHOLLY-OWNED LICENSED PRODUCER OF NEWSTRIKE RESOURCES LTD.) ENTER DEFINITIVE SUPPLY AGREEMENT FOR MEDICAL CANNABIS \n* CANNIMED THERAPEUTICS SAYS ANTICIPATED OVER COURSE OF INITIAL SUPPLY DEAL, CONTRACT COULD CONTRIBUTE ROUGHLY $15 MILLION IN REVENUE TO CO FROM OIL SALES \n* CANNIMED THERAPEUTICS INC - TERM OF AGREEMENT IS 15 MONTHS, SUBJECT TO RENEWAL BY PARTIES \n* CANNIMED THERAPEUTICS- UNDER TERMS OF AGREEMENT, UP CANNABIS TO PRODUCE, MAKE AVAILABLE TO CO UP TO 1,500 KG OF CANNABIS  ", "external_links": [], "published": "2018-01-02T14:07:00.000+02:00", "crawled": "2018-01-02T14:23:28.023+02:00", "highlightTitle": ""}