{"organizations": [], "uuid": "32a7a6a5f8592b72bc0eac385f8618c2bd80a0a2", "thread": {"social": {"gplus": {"shares": 0}, "pinterest": {"shares": 0}, "vk": {"shares": 0}, "linkedin": {"shares": 0}, "facebook": {"likes": 0, "shares": 0, "comments": 0}, "stumbledupon": {"shares": 0}}, "site_full": "www.reuters.com", "main_image": "https://s3.reutersmedia.net/resources/r/?m=02&d=20180101&t=2&i=1218637191&w=1200&r=LYNXMPEE000YO", "site_section": "http://feeds.reuters.com/reuters/sportsNews\r", "section_title": "Reuters: Sports News", "url": "https://www.reuters.com/article/us-football-nfl-coaches/two-more-head-coaches-fired-as-bears-dump-fox-lions-ditch-caldwell-idUSKBN1EQ157", "country": "US", "domain_rank": 408, "title": "Two more head coaches fired as Bears dump Fox, Lions ditch Caldwell", "performance_score": 0, "site": "reuters.com", "participants_count": 0, "title_full": "", "spam_score": 0.0, "site_type": "news", "published": "2018-01-01T19:46:00.000+02:00", "replies_count": 0, "uuid": "32a7a6a5f8592b72bc0eac385f8618c2bd80a0a2"}, "author": "", "url": "https://www.reuters.com/article/us-football-nfl-coaches/two-more-head-coaches-fired-as-bears-dump-fox-lions-ditch-caldwell-idUSKBN1EQ157", "ord_in_thread": 0, "title": "Two more head coaches fired as Bears dump Fox, Lions ditch Caldwell", "locations": [], "entities": {"persons": [{"name": "fox", "sentiment": "negative"}, {"name": "john fox", "sentiment": "none"}, {"name": "chuck pagano", "sentiment": "none"}, {"name": "caldwell", "sentiment": "none"}, {"name": "jim caldwell", "sentiment": "none"}], "locations": [{"name": "detroit", "sentiment": "none"}, {"name": "chicago", "sentiment": "none"}], "organizations": [{"name": "lions", "sentiment": "negative"}, {"name": "nfl", "sentiment": "none"}, {"name": "national football league", "sentiment": "none"}, {"name": "oakland r", "sentiment": "none"}, {"name": "caldwell reuters staff", "sentiment": "none"}, {"name": "reuters", "sentiment": "none"}, {"name": "detroit lions", "sentiment": "none"}, {"name": "indianapolis colts", "sentiment": "none"}]}, "highlightText": "", "language": "english", "persons": [], "text": "January 1, 2018 / 5:49 PM / Updated an hour ago Two more head coaches fired as Bears dump Fox, Lions ditch Caldwell Reuters Staff 2 Min Read \n(Reuters) - Two more head coaches were fired from National Football League teams on Monday, bringing the number to four in less than 24 hours since the end of the regular season. \nJohn Fox was sent packing from the Chicago Bears after three seasons, while Jim Caldwell was sacked after four seasons with the Detroit Lions. \nFox departs after a 5-11 season, and a 14-34 overall record. \n“Today is the tough part of our results-oriented business but I wish the Bears organization the best for years to come,” he said in a statement released by the club. \nCaldwell, meanwhile, leaves Detroit after compiling a 36-28 record, the first head coach at the franchise to compile a winning record since the early 1970s. \nThe Lions made the playoffs twice under Caldwell, but have not won a postseason game since 1991, the second longest active drought in the NFL. \nOn Sunday, the Indianapolis Colts dumped head coach Chuck Pagano after six seasons, while the Oakland Raiders dispensed with Jack Del Rio after three seasons. \nThe New York Giants fired Ben McAdoo four weeks ago. Reporting by Andrew Both in Cary, North Carolina; Editing by Christian Radnedge", "external_links": [], "published": "2018-01-01T19:46:00.000+02:00", "crawled": "2018-01-01T21:12:00.011+02:00", "highlightTitle": ""}