{"organizations": [], "uuid": "74a01b836f5c432c0553197698d97e596f3f40a4", "thread": {"social": {"gplus": {"shares": 0}, "pinterest": {"shares": 0}, "vk": {"shares": 0}, "linkedin": {"shares": 0}, "facebook": {"likes": 0, "shares": 0, "comments": 0}, "stumbledupon": {"shares": 0}}, "site_full": "www.cnbc.com", "main_image": "https://fm.cnbc.com/applications/cnbc.com/resources/img/editorial/2015/09/10/102986539-IMG_5819.600x400.JPG", "site_section": "http://www.cnbc.com/id/100004038/device/rss/rss.html", "section_title": "Latest Video", "url": "https://www.cnbc.com/video/2018/01/04/appaloosas-david-tepper-i-dont-see-overvaluation-in-the-market.html", "country": "US", "domain_rank": 767, "title": "Appaloosa's David Tepper: I don't see overvaluation in the market", "performance_score": 0, "site": "cnbc.com", "participants_count": 0, "title_full": "", "spam_score": 0.0, "site_type": "news", "published": "2018-01-04T19:00:00.000+02:00", "replies_count": 0, "uuid": "74a01b836f5c432c0553197698d97e596f3f40a4"}, "author": "", "url": "https://www.cnbc.com/video/2018/01/04/appaloosas-david-tepper-i-dont-see-overvaluation-in-the-market.html", "ord_in_thread": 0, "title": "Appaloosa's David Tepper: I don't see overvaluation in the market", "locations": [], "entities": {"persons": [{"name": "david tepper", "sentiment": "negative"}, {"name": "scott wapner", "sentiment": "negative"}, {"name": "appaloosa", "sentiment": "negative"}], "locations": [], "organizations": [{"name": "cnbc", "sentiment": "negative"}]}, "highlightText": "", "language": "english", "persons": [], "text": "Appaloosa's David Tepper: I don't see overvaluation in the market 1 Hour Ago CNBC's Scott Wapner reports on his conversation with David Tepper, Appaloosa, about his bullish look on the market. The “Fast Money Halftime Report” traders weigh in.", "external_links": [], "published": "2018-01-04T19:00:00.000+02:00", "crawled": "2018-01-04T20:06:10.015+02:00", "highlightTitle": ""}