{"organizations": [], "uuid": "2dacd89fbc45d2a730064b5eae3325009de7cf8e", "thread": {"social": {"gplus": {"shares": 0}, "pinterest": {"shares": 0}, "vk": {"shares": 0}, "linkedin": {"shares": 0}, "facebook": {"likes": 0, "shares": 0, "comments": 0}, "stumbledupon": {"shares": 0}}, "site_full": "www.cnbc.com", "main_image": "//sc.cnbcfm.com/applications/cnbc.com/staticcontent/img/cnbc_logo.gif", "site_section": "http://www.cnbc.com/id/10000027/page/4", "section_title": "Press Releases - CNBC", "url": "http://www.cnbc.com/2018/01/09/pr-newswire-idt-to-release-third-quarter-fiscal-year-2018-financial-results-on-january-29-2018.html", "country": "US", "domain_rank": 767, "title": "IDT To Release Third Quarter Fiscal Year 2018 Financial Results On January 29, 2018", "performance_score": 0, "site": "cnbc.com", "participants_count": 1, "title_full": "", "spam_score": 0.0, "site_type": "news", "published": "2018-01-10T00:04:00.000+02:00", "replies_count": 0, "uuid": "2dacd89fbc45d2a730064b5eae3325009de7cf8e"}, "author": "cnbc.com", "url": "http://www.cnbc.com/2018/01/09/pr-newswire-idt-to-release-third-quarter-fiscal-year-2018-financial-results-on-january-29-2018.html", "ord_in_thread": 0, "title": "IDT To Release Third Quarter Fiscal Year 2018 Financial Results On January 29, 2018", "locations": [], "entities": {"persons": [], "locations": [{"name": "san jose", "sentiment": "none"}, {"name": "calif.", "sentiment": "none"}], "organizations": [{"name": "idt", "sentiment": "negative"}, {"name": "integrated device technology, inc.", "sentiment": "neutral"}, {"name": "idti", "sentiment": "none"}, {"name": "company", "sentiment": "none"}]}, "highlightText": "", "language": "english", "persons": [], "text": "SAN JOSE, Calif., Jan. 9, 2018 /PRNewswire/ -- Integrated Device Technology, Inc. (IDT ® ) (NASDAQ: IDTI) today announced that it will issue third quarter fiscal year 2018 financial results January 29, 2018 after 1:00 p.m. Pacific Time. The Company will then host a conference call to discuss these results and its business and financial outlook at 1:30 p.m. Pacific Time. The call will be broadcast live over the internet on the Investor Relations section of the Company's website at www.idt.com .\nIDT's Third Quarter Fiscal 2018 Conference Call Details\nDATE:\nMonday, January 29, 2018\nTIME:\n1:30 p.m. Pacific Time / 4:30 p.m. Eastern Time\nDIAL-IN:\n844-308-4493\nPASSCODE:\n3787275\nWEBCAST & REPLAY:\nhttp://ir.idt.com/\nThe webcast replay will be available after 4:30 p.m. Pacific Time / 7:30 p.m. Eastern Time on January 29.\nIDT's next regularly scheduled Quiet Period will begin March 19, 2018, during which time IDT representatives will not comment on IDT's business outlook, financial results or expectations. The Quiet Period will extend until the day when IDT's fourth quarter fiscal 2018 earnings release is published.\nAbout IDT\nIntegrated Device Technology, Inc. develops system-level solutions that optimize its customers' applications. IDT's market-leading products in RF, real-time interconnect, wireless power transfer, serial switching, interfaces, automotive ASICs, battery management ICs, sensor signal conditioner ICs and environmental sensors are among the company's broad array of complete mixed-signal solutions for the communications, computing, consumer, automotive and industrial segments. Headquartered in San Jose, Calif., IDT has design, manufacturing, sales facilities and distribution partners throughout the world. IDT stock is traded on the NASDAQ Global Select Stock Market(R) under the symbol \"IDTI.\" Additional information about IDT can be found at www.IDT.com . Follow IDT on Facebook , LinkedIn , Twitter , and YouTube .\nFinancial Contact:\nPress Contact:\nKrishna Shankar\nKrista Pavlakos\nIDT Head of Investor Relations\nIDT Director, Communications\nPhone: (408) 574-6995\nPhone: (408) 574-6640\nE-mail: krishna.shankar@idt.com\nE-mail: krista.pavlakos@idt.com\nView original content with multimedia: http://www.prnewswire.com/news-releases/idt-to-release-third-quarter-fiscal-year-2018-financial-results-on-january-29-2018-300580255.html\nSOURCE Integrated Device Technology, Inc.", "external_links": ["http://www.twitter.com/IDTInc", "http://www.idt.com/", "http://www.prnewswire.com/news-releases/idt-to-release-third-quarter-fiscal-year-2018-financial-results-on-january-29-2018-300580255.html", "http://ir.idt.com/", "http://www.youtube.com/idtsemiconductor", "http://www.idt.com/about", "http://www.facebook.com/IDTInc", "http://www.linkedin.com/company/integrated-device-technology-inc"], "published": "2018-01-10T00:04:00.000+02:00", "crawled": "2018-01-10T02:09:31.005+02:00", "highlightTitle": ""}