{"organizations": [], "uuid": "1edc0990b80054ce3996e026f1b5d41a074a36f7", "thread": {"social": {"gplus": {"shares": 0}, "pinterest": {"shares": 0}, "vk": {"shares": 0}, "linkedin": {"shares": 0}, "facebook": {"likes": 0, "shares": 0, "comments": 0}, "stumbledupon": {"shares": 0}}, "site_full": "www.cnbc.com", "main_image": "//sc.cnbcfm.com/applications/cnbc.com/staticcontent/img/cnbc_logo.gif", "site_section": "http://www.cnbc.com/id/10000027/page/7", "section_title": "Press Releases - CNBC", "url": "http://www.cnbc.com/2018/01/08/pr-newswire-henry-schein-acquires-majority-interest-in-abase-a-distributor-of-veterinary-health-care-products-in-sao-paulo-brazil.html", "country": "US", "domain_rank": 767, "title": "Henry Schein Acquires Majority Interest In ABASE, A Distributor Of Veterinary Health Care Products In Sao Paulo, Brazil", "performance_score": 0, "site": "cnbc.com", "participants_count": 1, "title_full": "", "spam_score": 0.224, "site_type": "news", "published": "2018-01-08T16:00:00.000+02:00", "replies_count": 0, "uuid": "1edc0990b80054ce3996e026f1b5d41a074a36f7"}, "author": "cnbc.com", "url": "http://www.cnbc.com/2018/01/08/pr-newswire-henry-schein-acquires-majority-interest-in-abase-a-distributor-of-veterinary-health-care-products-in-sao-paulo-brazil.html", "ord_in_thread": 0, "title": "Henry Schein Acquires Majority Interest In ABASE, A Distributor Of Veterinary Health Care Products In Sao Paulo, Brazil", "locations": [], "entities": {"persons": [{"name": "henry schein", "sentiment": "none"}], "locations": [{"name": "n.y.", "sentiment": "none"}, {"name": "brazil melville", "sentiment": "none"}, {"name": "sao paulo", "sentiment": "none"}, {"name": "brazil", "sentiment": "none"}, {"name": "rio de janeiro", "sentiment": "none"}, {"name": "tecnew", "sentiment": "none"}, {"name": "jaguariuna", "sentiment": "none"}, {"name": "campinas", "sentiment": "none"}], "organizations": [{"name": "henry schein acquires majority interest in abase", "sentiment": "negative"}, {"name": "henry schein, inc.", "sentiment": "neutral"}]}, "highlightText": "", "language": "english", "persons": [], "text": "MELVILLE, N.Y., Jan. 8, 2018 /PRNewswire/ -- Henry Schein, Inc. (Nasdaq: HSIC), the world's largest provider of health care products and services to office-based dental, animal health, and medical practitioners, announced today that it has acquired a 60 percent ownership investment in ABASE, a family-owned distributor of veterinary health care products with a strong presence in Brazil's Campinas region in the state of Sao Paulo.\nHeadquartered in Jaguariuna, ABASE sells pharmaceuticals, pet food, diagnostic equipment, and consumables primarily to the companion animal, swine, poultry, and bovine segments. ABASE had 2017 revenues of approximately $27 million.\nHenry Schein expects the transaction to be neutral to its 2018 earnings per share and to be accretive thereafter. Financial terms were not disclosed.\n\"This ownership investment strengthens our position in Brazil's animal health market, which we established earlier this year in the state of Rio de Janeiro with our investment in Tecnew. It also diversifies our relationship with global suppliers and approximately doubles our volume in Brazil,\" said Stanley M. Bergman, Chairman of the Board and Chief Executive Officer of Henry Schein. \"We look forward to leveraging the expertise between Tecnew and ABASE to further advance both businesses and to focus on new opportunities to help veterinarians in Brazil run more efficient, successful practices while providing the highest quality care.\"\nABASE was founded in 1990 by Edison Baba, who will retain a minority ownership position and continue to lead the business as a Managing Director. The company has approximately 90 employees, including a sales staff of more than 45 team members, and operates a centralized distribution center in Jaguariuna.\nAccording to Mr. Baba, \"In combining our resources with the deep expertise of Henry Schein, a global leader in animal health, we look forward to building upon our history of steady growth. ABASE shares with Henry Schein a commitment to customer success, and we are excited to bring existing and new customers a broader array of products, value-added services, and technology solutions.\"\nHenry Schein's Global Animal Health business had 2016 net sales of $3.3 billion and has operations or affiliates in 24 countries including the United States, Australia, New Zealand, Brazil, Canada, China, Malaysia, and 17 countries in Europe. The company supports animal health practitioners through the distribution of biologics, pharmaceuticals, supplies and equipment, and by actively engaging in the development, sale, and distribution of veterinary practice management software.\nAbout Henry Schein, Inc.\nHenry Schein, Inc. (Nasdaq: HSIC) is the world's largest provider of health care products and services to office-based dental , animal health , and medical practitioners. The company also serves dental laboratories , government and institutional health care clinics , and other alternate care sites. A Fortune 500® Company and a member of the S&P 500® and the NASDAQ 100® indexes, Henry Schein employs more than 22,000 Team Schein Members and serves more than 1 million customers.\nThe company offers a comprehensive selection of products and services, including value-added solutions for operating efficient practices and delivering high-quality care. Henry Schein operates through a centralized and automated distribution network, with a selection of more than 120,000 branded products and Henry Schein private-brand products in stock, as well as more than 180,000 additional products available as special-order items. The company also offers its customers exclusive, innovative technology solutions, including practice management software and e-commerce solutions, as well as a broad range of financial services .\nHeadquartered in Melville, N.Y., Henry Schein has operations or affiliates in 34 countries. The company's sales reached a record $11.6 billion in 2016, and have grown at a compound annual rate of approximately 15 percent since Henry Schein became a public company in 1995. For more information, visit Henry Schein at www.henryschein.com , Facebook.com/HenrySchein and @HenrySchein on Twitter .\nCautionary Note Regarding Forward-Looking Statements\nIn accordance with the \"Safe Harbor\" provisions of the Private Securities Litigation Reform Act of 1995, we provide the following cautionary remarks regarding important factors that, among others, could cause future results to differ materially from the forward-looking statements, expectations and assumptions expressed or implied herein. All forward-looking statements made by us are subject to risks and uncertainties and are not guarantees of future performance. These forward-looking statements involve known and unknown risks, uncertainties and other factors that may cause our actual results, performance and achievements or industry results to be materially different from any future results, performance or achievements expressed or implied by such forward-looking statements. These statements are identified by the use of such terms as \"may,\" \"could,\" \"expect,\" \"intend,\" \"believe,\" \"plan,\" \"estimate,\" \"forecast,\" \"project,\" \"anticipate\" or other comparable terms. A full discussion of our operations and financial condition, including factors that may affect our business and future prospects, is contained in documents we have filed with the United States Securities and Exchange Commission, or SEC, and will be contained in all subsequent periodic filings we make with the SEC. These documents identify in detail important risk factors that could cause our actual performance to differ materially from current expectations.\nRisk factors and uncertainties that could cause actual results to differ materially from current and historical results include, but are not limited to: effects of a highly competitive and consolidating market; our dependence on third parties for the manufacture and supply of our products; our dependence upon sales personnel, customers, suppliers and manufacturers; our dependence on our senior management; fluctuations in quarterly earnings; risks from expansion of customer purchasing power and multi-tiered costing structures; increases in shipping costs for our products or other service issues with our third-party shippers; general global macro-economic conditions; risks associated with currency fluctuations; risks associated with political and economic uncertainty; disruptions in financial markets; volatility of the market price of our common stock; changes in the health care industry; implementation of health care laws; failure to comply with regulatory requirements and data privacy laws; risks associated with our global operations; transitional challenges associated with acquisitions and joint ventures, including the failure to achieve anticipated synergies; financial risks associated with acquisitions and joint ventures; litigation risks; the dependence on our continued product development, technical support and successful mar", "external_links": ["http://www.facebook.com/henryschein", "http://www.henryschein.com/redirect.aspx?did=medical&returnurl=%2Fus-en%2Fmedical%2FDefault.aspx%3Fcm_mmc%3DPressRelease-_-BoilerPlateLinks-_-031915-_-Medical", "https://www.henryscheinvet.com/", "http://www.henryschein.com/redirect.aspx?did=zahn&returnurl=%2Fus-en%2Fzahn%2FDefault.aspx%3Fcm_mmc%3DPressRelease-_-BoilerPlateLinks-_-031915-_-DentalLaboratories", "http://www.henryschein.com/us-en/Global.aspx?cm_mmc=PressRelease-_-BoilerPlateLinks-_-031915-_-GlobalHomepage", "http://www.prnewswire.com/news-releases/henry-schein-acquires-majority-interest-in-abase-a-distributor-of-veterinary-health-care-products-in-sao-paulo-brazil-300578705.html", "http://www.henryschein.com/redirect.aspx?did=corporate&returnurl=%2Fus-en%2FCorporate%2FCulture.aspx%3Fcm_mmc%3DPressRelease-_-BoilerPlateLinks-_-031915-_-TeamScheinMembers", "http://www.henryschein.com/redirect.aspx?did=specialmarkets_d&returnurl=%2Fus-en%2Fspecialmarkets%2Fdefault.aspx%3Fdid%3Dspecialmarkets_d%3Fcm_mmc%3DPressRelease-_-BoilerPlateLinks-_-031915-_-GovernmentInstitutionalHealthcareClinics", "http://www.twitter.com/HenrySchein", "http://www.henryschein.com/redirect.aspx?did=dental&returnurl=%2Fus-en%2FDental%2FDefault.aspx%3Fcm_mmc%3DPressRelease-_-BoilerPlateLinks-_-031915-_-Dental", "http://www.henryschein.com/redirect.aspx?did=dental&returnurl=%2Fus-en%2FDental%2FServices%2FFinancial%2Ffsbsc.aspx%3Fcm_mmc%3DPressRelease-_-BoilerPlateLinks-_-031915-_-FinancialServices"], "published": "2018-01-08T16:00:00.000+02:00", "crawled": "2018-01-08T17:07:16.002+02:00", "highlightTitle": ""}