{"organizations": [], "uuid": "e28e0f56fea2da48bed7a89a58aa4554ddd4a2a9", "thread": {"social": {"gplus": {"shares": 0}, "pinterest": {"shares": 0}, "vk": {"shares": 0}, "linkedin": {"shares": 0}, "facebook": {"likes": 0, "shares": 0, "comments": 0}, "stumbledupon": {"shares": 0}}, "site_full": "www.cnbc.com", "main_image": "https://fm.cnbc.com/applications/cnbc.com/resources/img/editorial/2017/11/08/104829360-RTS1J029.1910x1000.jpg", "site_section": "", "section_title": "", "url": "https://www.cnbc.com/2018/01/08/china-donald-trump-reportedly-set-to-unveil-trade-crackdown.html", "country": "US", "domain_rank": 767, "title": "China: Donald Trump reportedly set to unveil trade crackdown", "performance_score": 0, "site": "cnbc.com", "participants_count": 0, "title_full": "", "spam_score": 0.58, "site_type": "news", "published": "2018-01-08T11:21:00.000+02:00", "replies_count": 0, "uuid": "e28e0f56fea2da48bed7a89a58aa4554ddd4a2a9"}, "author": "Sam Meredith", "url": "https://www.cnbc.com/2018/01/08/china-donald-trump-reportedly-set-to-unveil-trade-crackdown.html", "ord_in_thread": 0, "title": "China: Donald Trump reportedly set to unveil trade crackdown", "locations": [], "entities": {"persons": [{"name": "xi jinping", "sentiment": "negative"}, {"name": "donald trump", "sentiment": "negative"}, {"name": "jonathan ernst", "sentiment": "negative"}, {"name": "trump", "sentiment": "none"}], "locations": [{"name": "china", "sentiment": "none"}, {"name": "beijing", "sentiment": "none"}, {"name": "u.s.", "sentiment": "none"}, {"name": "america", "sentiment": "none"}, {"name": "forbidden city", "sentiment": "none"}], "organizations": [{"name": "reuters", "sentiment": "negative"}, {"name": "cnbc", "sentiment": "none"}, {"name": "politico", "sentiment": "none"}, {"name": "white house", "sentiment": "none"}]}, "highlightText": "", "language": "english", "persons": [], "text": "President Donald Trump will unveil plans for an aggressive trade crackdown over the coming weeks, according to a report by Politico.\nThe White House is likely to introduce new tariffs designed to combat China's alleged unfair trade practices, the report said, citing administration sources that could not be verified by CNBC. Trump's administration could reportedly begin finalizing decisions on trade fights ranging from steel imports to policies regarding intellectual property as soon as this week.\nSenior officials have marked Trump's State of the Union address at the end of January as a provisional deadline to announce America's trade measures, the report said.\nSpeaking in Beijing in November, Trump said the current relationship between the world's leading economies had been a \" very one-sided and unfair one ,\" before adding \"it is just not sustainable.\" The U.S. leader has frequently identified apparent trade imbalances as a problem he wants to resolve.\nBy turning to trade policy, Trump is set to refocus on one of a handful of major policy areas on which the president can act without having to rely on Congress. A spokesperson for the White House was not immediately available for comment when contacted by CNBC.\nRead the full Politico report here .", "external_links": [], "published": "2018-01-08T11:21:00.000+02:00", "crawled": "2018-01-08T11:21:32.000+02:00", "highlightTitle": ""}