{"organizations": [], "uuid": "5b89fa0f593dc7ba4b49b28f994c095fd6ecd9d0", "thread": {"social": {"gplus": {"shares": 0}, "pinterest": {"shares": 0}, "vk": {"shares": 0}, "linkedin": {"shares": 0}, "facebook": {"likes": 11, "shares": 11, "comments": 0}, "stumbledupon": {"shares": 0}}, "site_full": "in.reuters.com", "main_image": "https://s2.reutersmedia.net/resources/r/?m=02&d=20180103&t=2&i=1218977273&w=1200&r=LYNXMPEE0207I", "site_section": "http://feeds.reuters.com/reuters/INtopNews\r", "section_title": "Reuters: Top News", "url": "https://in.reuters.com/article/india-stocks/sensex-nifty-gain-on-hopes-of-global-economic-recovery-idINKBN1ES0AA", "country": "US", "domain_rank": 408, "title": "Sensex, Nifty gain on hopes of global economic recovery", "performance_score": 0, "site": "reuters.com", "participants_count": 0, "title_full": "", "spam_score": 0.0, "site_type": "news", "published": "2018-01-03T08:29:00.000+02:00", "replies_count": 0, "uuid": "5b89fa0f593dc7ba4b49b28f994c095fd6ecd9d0"}, "author": "", "url": "https://in.reuters.com/article/india-stocks/sensex-nifty-gain-on-hopes-of-global-economic-recovery-idINKBN1ES0AA", "ord_in_thread": 0, "title": "Sensex, Nifty gain on hopes of global economic recovery", "locations": [], "entities": {"persons": [], "locations": [{"name": "asia-pacific", "sentiment": "none"}, {"name": "canada", "sentiment": "none"}, {"name": "japan", "sentiment": "none"}, {"name": "mumbai", "sentiment": "none"}, {"name": "germany", "sentiment": "none"}, {"name": "india", "sentiment": "none"}], "organizations": [{"name": "sensex", "sentiment": "negative"}, {"name": "nifty", "sentiment": "negative"}, {"name": "tanvi mehta", "sentiment": "none"}, {"name": "msci", "sentiment": "none"}, {"name": "infosys ltd", "sentiment": "none"}, {"name": "tata consultancy services ltd", "sentiment": "none"}]}, "highlightText": "", "language": "english", "persons": [], "text": "(Reuters) - Indian shares closed almost unchanged on Wednesday as optimism about an improving global economy was offset by caution ahead of the start of the domestic corporate results season next week.\nA broker reacts while trading at his computer terminal at a stock brokerage firm in Mumbai, June 29, 2015. REUTERS/Danish Siddiqui/Files The benchmark BSE Sensex closed 0.06 percent lower at 33,793.38.\nThe broader NSE Nifty ended 0.01 percent higher at 10,443.20.\nReporting by Tanvi Mehta in Bengaluru; Editing by Subhranshu Sahu\n ", "external_links": [], "published": "2018-01-03T08:29:00.000+02:00", "crawled": "2018-01-03T08:42:00.035+02:00", "highlightTitle": ""}