{"organizations": [], "uuid": "1d4e9e5fe707f45a2b66be927dd2f3648c35b0ae", "thread": {"social": {"gplus": {"shares": 0}, "pinterest": {"shares": 0}, "vk": {"shares": 0}, "linkedin": {"shares": 0}, "facebook": {"likes": 1, "shares": 1, "comments": 0}, "stumbledupon": {"shares": 0}}, "site_full": "www.reuters.com", "main_image": "https://s4.reutersmedia.net/resources_v2/images/rcom-default.png", "site_section": "http://feeds.reuters.com/reuters/companyNews", "section_title": "Reuters: Company News", "url": "https://www.reuters.com/article/australia-seaplane/rpt-update-4-compass-group-chief-five-others-killed-in-sydney-seaplane-crash-idUSL8N1OW0LF", "country": "US", "domain_rank": 408, "title": "RPT-UPDATE 4-Compass Group chief, five others killed in Sydney seaplane crash", "performance_score": 0, "site": "reuters.com", "participants_count": 0, "title_full": "", "spam_score": 0.0, "site_type": "news", "published": "2018-01-02T00:26:00.000+02:00", "replies_count": 0, "uuid": "1d4e9e5fe707f45a2b66be927dd2f3648c35b0ae"}, "author": "", "url": "https://www.reuters.com/article/australia-seaplane/rpt-update-4-compass-group-chief-five-others-killed-in-sydney-seaplane-crash-idUSL8N1OW0LF", "ord_in_thread": 0, "title": "RPT-UPDATE 4-Compass Group chief, five others killed in Sydney seaplane crash", "locations": [], "entities": {"persons": [{"name": "gareth morgan", "sentiment": "none"}, {"name": "dominic blakemore", "sentiment": "none"}, {"name": "heather bowden", "sentiment": "none"}, {"name": "edward cousins", "sentiment": "none"}, {"name": "william cousins", "sentiment": "none"}, {"name": "mark hutchings", "sentiment": "none"}, {"name": "richard cousins", "sentiment": "none"}, {"name": "emma bowden", "sentiment": "none"}], "locations": [{"name": "sydney", "sentiment": "none"}, {"name": "new south wales", "sentiment": "none"}], "organizations": [{"name": "4-compass group", "sentiment": "negative"}, {"name": "rpt-update 4-compass group", "sentiment": "negative"}, {"name": "compass group plc", "sentiment": "none"}, {"name": "reuters", "sentiment": "none"}, {"name": "compass", "sentiment": "none"}]}, "highlightText": "", "language": "english", "persons": [], "text": "(Repeats to widen distribution)\n* Compass Group CEO Cousins among those killed in crash\n* Five others, including pilot, die in seaplane crash\n* Seaplane flights have been cancelled until further notice\n* New CEO to take helm at Compass immediately\nSYDNEY/LONDON, Jan 1 (Reuters) - The chief executive of British catering giant Compass Group Plc and four members of his family were killed when the seaplane they were flying in crashed into a Sydney river on New Year’s Eve.\nRichard Cousins, 58, chief of the world’s biggest catering firm, died together with Emma Bowden, 48, Heather Bowden, 11, Edward Cousins, 23, and William Cousins, 25, according to Detective Superintendent Mark Hutchings of the New South Wales Police.\nAustralian media identified the dead as the CEO’s two sons, his fiancee and her daughter. The pilot, Gareth Morgan, 44, also died.\nCousins had been due to retire on March 31.\nCompass said the new chief executive, Dominic Blakemore, would now start on Jan. 1 instead of April 1 as originally planned.\nCompass, with annual turnover of almost 23 billion pounds ($31 billion), employs around 550,000 people around the world providing food services to schools, the armed forces and office workers.\nBlakemore, who has worked at Compass since 2012 with roles as both finance director and head of the group’s European operations, has a background in accounting. He has also held senior financial roles at British food groups Cadbury and Birds Eye Iglo.\nCompass Chairman Paul Walsh said in a statement: “The thoughts of everyone at Compass are with Richard’s family and friends, and we extend our deepest sympathies to them.”\n“Richard was known and respected for his great humanity and a no-nonsense style that transformed Compass into one of Britain’s leading companies,” he added.\nCousins led Compass over the past 11 years. He was widely credited with turning the company’s business around and making Compass into one of the FTSE 100’s best-performing firms, and had also been named as one of the world’s best-performing CEOs by Harvard Business Review.\nHe joined Tesco as an independent director in 2014 at the height of the British supermarket chain’s accounting scandal, stepping down from that role at the start of 2017.\nThe family are believed to have been flying back to Sydney from an exclusive waterfront restaurant in Jerusalem Bay when the plane crashed, the BBC reported.\nPolice are working with the Australian Transport Safety Bureau to recover the wreckage of the plane, which is submerged in 13 metres of water near Cowan, north of Sydney.\nA probe into the cause of the crash has begun, with a preliminary report expected within 30 days. Authorities have warned it may take up to a year to find out what happened.\nThe seaplane was part of the Sydney Seaplanes business that offers sight-seeing trips and has operated since 2005 with no previous record of mishap. Seaplane flights have been cancelled until further notice.\nCousins’ son William worked at Open Britain, a group campaigning to keep Britain in the European Union single market, and directors and co-workers praised him as an enthusiastic and talented team member. ($1 = 0.7412 pounds) (Reporting by Alana Schetzer in Melbourne, writing by Elisabeth O‘Leary; Editing by Himani Sarkar and Adrian Croft)\n ", "external_links": [], "published": "2018-01-02T00:26:00.000+02:00", "crawled": "2018-01-02T00:42:42.001+02:00", "highlightTitle": ""}