{"organizations": [], "uuid": "9b39ced5495e4a129cd37493ed8066e345d39a25", "thread": {"social": {"gplus": {"shares": 0}, "pinterest": {"shares": 0}, "vk": {"shares": 0}, "linkedin": {"shares": 0}, "facebook": {"likes": 4, "shares": 4, "comments": 0}, "stumbledupon": {"shares": 0}}, "site_full": "in.reuters.com", "main_image": "https://s4.reutersmedia.net/resources_v2/images/rcom-default.png", "site_section": "http://feeds.reuters.com/reuters/INcricketNews", "section_title": "Reuters: Cricket News", "url": "https://in.reuters.com/article/cricket-test-zaf-ind/cricket-rain-delays-start-of-day-three-at-newlands-idINKBN1EW0AA", "country": "US", "domain_rank": 408, "title": "Cricket-Rain delays start of day three at Newlands", "performance_score": 0, "site": "reuters.com", "participants_count": 0, "title_full": "", "spam_score": 0.0, "site_type": "news", "published": "2018-01-07T11:46:00.000+02:00", "replies_count": 0, "uuid": "9b39ced5495e4a129cd37493ed8066e345d39a25"}, "author": "", "url": "https://in.reuters.com/article/cricket-test-zaf-ind/cricket-rain-delays-start-of-day-three-at-newlands-idINKBN1EW0AA", "ord_in_thread": 0, "title": "Cricket-Rain delays start of day three at Newlands", "locations": [], "entities": {"persons": [{"name": "hashim amla", "sentiment": "none"}, {"name": "kagiso rabada", "sentiment": "none"}, {"name": "nick said", "sentiment": "none"}], "locations": [{"name": "newlan", "sentiment": "none"}, {"name": "cape town", "sentiment": "none"}, {"name": "johannesburg", "sentiment": "none"}, {"name": "pretoria", "sentiment": "none"}, {"name": "south africa", "sentiment": "none"}, {"name": "newlands", "sentiment": "none"}, {"name": "india", "sentiment": "none"}], "organizations": [{"name": "newlands", "sentiment": "negative"}, {"name": "reuters staff", "sentiment": "none"}, {"name": "reuters", "sentiment": "none"}]}, "highlightText": "", "language": "english", "persons": [], "text": "January 7, 2018 / 9:48 AM / Updated 8 hours ago Rain washes out day three at Newlands in finely-balanced test Nick Said 2 Min Read \nCAPE TOWN (Reuters) - Rain washed out day three of the first test between South Africa and India on Sunday, preventing any chance of play in the finely balanced opener to the three-game series between the top two ranked sides in world cricket. Cricket - India v South Africa - First Test cricket match - Newlands Stadium, Cape Town, South Africa - January 7, 2018. Covers are seen as play is delayed due to rain. REUTERS/Sumaya Hisham \nSouth Africa were set to resume their second innings on 65 for two, a lead of 142 on what is a lively wicket offering plenty of assistance to the seamers. \nHashim Amla (four) and nightwatchman Kagiso Rabada (two) are the not out batsmen who will now wait until Monday to resume their innings, with no rain forecast for the remainder of the game. \nSouth Africa were bowled out for 286 in their first innings, before restricting India to 209 in reply. \nThe home side have confirmed that fast bowler Dale Steyn will miss the remainder of the test, and possibly the series, with a heel injury, leaving them with three seamers with which to bowl India out in the second innings if they are to win the match. \nThe teams are meeting in a three-test series this month with matches in Pretoria and Johannesburg to come. Reporting By Nick Said; Editing by Toby Davis", "external_links": [], "published": "2018-01-07T11:46:00.000+02:00", "crawled": "2018-01-07T12:13:07.006+02:00", "highlightTitle": ""}