{"organizations": [], "uuid": "7412ad14c87bc23bfd5d91d257ab571b660336ab", "thread": {"social": {"gplus": {"shares": 0}, "pinterest": {"shares": 0}, "vk": {"shares": 0}, "linkedin": {"shares": 0}, "facebook": {"likes": 2, "shares": 2, "comments": 0}, "stumbledupon": {"shares": 0}}, "site_full": "www.cnbc.com", "main_image": "https://fm.cnbc.com/applications/cnbc.com/resources/img/editorial/2018/01/02/104924614-3ED3-CB-MARKETS-SANTOLI-010218.600x400.jpg", "site_section": "http://www.cnbc.com/id/100004038/device/rss/rss.html", "section_title": "Latest Video", "url": "https://www.cnbc.com/video/2018/01/02/nasdaq-closes-above-7k-for-the-first-time.html", "country": "US", "domain_rank": 767, "title": "Nasdaq closes above 7K for the first time", "performance_score": 0, "site": "cnbc.com", "participants_count": 0, "title_full": "", "spam_score": 0.0, "site_type": "news", "published": "2018-01-02T23:00:00.000+02:00", "replies_count": 0, "uuid": "7412ad14c87bc23bfd5d91d257ab571b660336ab"}, "author": "", "url": "https://www.cnbc.com/video/2018/01/02/nasdaq-closes-above-7k-for-the-first-time.html", "ord_in_thread": 0, "title": "Nasdaq closes above 7K for the first time", "locations": [], "entities": {"persons": [{"name": "rob cox", "sentiment": "none"}, {"name": "paul hickey", "sentiment": "none"}], "locations": [], "organizations": [{"name": "reuters", "sentiment": "none"}]}, "highlightText": "", "language": "english", "persons": [], "text": "Nasdaq closes above 7K for the first time 1 Hour Ago Discussing the winners and losers on the first day of trading in 2018, with Rob Cox, Reuters BreakingViews, and Paul Hickey, Bespoke.", "external_links": [], "published": "2018-01-02T23:00:00.000+02:00", "crawled": "2018-01-03T00:10:29.000+02:00", "highlightTitle": ""}