{"organizations": [], "uuid": "a6295a8604252f16fe120c5e2591998764ba119a", "thread": {"social": {"gplus": {"shares": 0}, "pinterest": {"shares": 0}, "vk": {"shares": 0}, "linkedin": {"shares": 1}, "facebook": {"likes": 8, "shares": 8, "comments": 0}, "stumbledupon": {"shares": 0}}, "site_full": "www.reuters.com", "main_image": "https://s1.reutersmedia.net/resources/r/?m=02&d=20180103&t=2&i=1219023813&w=1200&r=LYNXMPEE020I1", "site_section": "http://feeds.reuters.com/reuters/businessNews", "section_title": "Reuters: Business News", "url": "https://www.reuters.com/article/us-samsung-elec-washers-united-states/samsungs-u-s-washing-machine-factory-to-begin-operations-in-jan-exec-idUSKBN1ES0QQ", "country": "US", "domain_rank": 408, "title": "Samsung's U.S. washing machine factory to begin operations in Jan: exec", "performance_score": 0, "site": "reuters.com", "participants_count": 0, "title_full": "", "spam_score": 0.0, "site_type": "news", "published": "2018-01-03T13:05:00.000+02:00", "replies_count": 0, "uuid": "a6295a8604252f16fe120c5e2591998764ba119a"}, "author": "", "url": "https://www.reuters.com/article/us-samsung-elec-washers-united-states/samsungs-u-s-washing-machine-factory-to-begin-operations-in-jan-exec-idUSKBN1ES0QQ", "ord_in_thread": 0, "title": "Samsung's U.S. washing machine factory to begin operations in Jan: exec", "locations": [], "entities": {"persons": [{"name": "donald trump", "sentiment": "none"}, {"name": "yoon boo-keun", "sentiment": "none"}], "locations": [{"name": "u.s.", "sentiment": "none"}, {"name": "united states", "sentiment": "none"}, {"name": "seoul", "sentiment": "none"}, {"name": "south carolina", "sentiment": "none"}], "organizations": [{"name": "samsung", "sentiment": "negative"}, {"name": "whirlpool corp", "sentiment": "none"}, {"name": "reuters staff", "sentiment": "none"}, {"name": "lg electronics inc", "sentiment": "none"}, {"name": "samsung electronics co ltd", "sentiment": "none"}, {"name": "u.s. international trade commision", "sentiment": "none"}, {"name": "reuters", "sentiment": "none"}, {"name": "samsung electronics", "sentiment": "none"}]}, "highlightText": "", "language": "english", "persons": [], "text": "SEOUL (Reuters) - Samsung Electronics Co Ltd ( 005930.KS ) plans to begin operating its new washing machine factory in the United States this month, a top executive said on Wednesday, as it awaits a U.S. government decision on curbing imports of washers. \nThe U.S. International Trade Commision recommended in November tariffs to keep Samsung and its home rival LG Electronics Inc ( 066570.KS ) from flooding the U.S. market with inexpensive washers, a step that would benefit American appliance giant Whirlpool Corp ( WHR.N ). \nSamsung said at the time that any tariffs would raise prices and impair job creation at its $380 million plant in South Carolina, which was announced in June to produce washing machines and other appliances. \nU.S. President Donald Trump is expected to make a decision on the recommendation early this year. \nWhen asked about whether the plant will begin operations this month, Samsung Electronics Vice Chairman Yoon Boo-keun confirmed the plan to reporters on Wednesday. He did not elaborate. \nThe plant, Samsung’s first U.S. appliances factory in more than three decades, was among a long list of investment pledges by global companies reacting to pressure from Trump to create more U.S. jobs. \nReporting by Joyce Lee; Editing by Muralikumar Anantharaman\n ", "external_links": [], "published": "2018-01-03T13:05:00.000+02:00", "crawled": "2018-01-03T13:16:08.003+02:00", "highlightTitle": ""}