{"organizations": [], "uuid": "561e619620eae4a6657791723e954ce03ff5496c", "thread": {"social": {"gplus": {"shares": 0}, "pinterest": {"shares": 0}, "vk": {"shares": 0}, "linkedin": {"shares": 0}, "facebook": {"likes": 0, "shares": 0, "comments": 0}, "stumbledupon": {"shares": 0}}, "site_full": "www.reuters.com", "main_image": "https://yospace-cds1.reuters.com/u/resize~ad1~1200cce9ac69532?width=640&location=LANDSCAPE&videoId=OV7XJ1X0D", "site_section": "http://feeds.reuters.com/reuters/USVideoEntertainment", "section_title": "Reuters Video: Entertainment", "url": "https://www.reuters.com/video/2018/01/10/versace-tv-murder-series-treats-family-w?videoId=381507208", "country": "US", "domain_rank": 408, "title": "Versace TV murder series treats family with kindness, producer says", "performance_score": 0, "site": "reuters.com", "participants_count": 0, "title_full": "", "spam_score": 0.0, "site_type": "news", "published": "2018-01-10T04:04:00.000+02:00", "replies_count": 0, "uuid": "561e619620eae4a6657791723e954ce03ff5496c"}, "author": "", "url": "https://www.reuters.com/video/2018/01/10/versace-tv-murder-series-treats-family-w?videoId=381507208", "ord_in_thread": 0, "title": "Versace TV murder series treats family with kindness, producer says", "locations": [], "entities": {"persons": [{"name": "gianni versace", "sentiment": "none"}, {"name": "rollo ross", "sentiment": "none"}], "locations": [], "organizations": [{"name": "versace tv", "sentiment": "negative"}]}, "highlightText": "", "language": "english", "persons": [], "text": "Versace TV murder series treats family with kindness, producer says Tuesday, January 09, 2018 - 01:22 \nOn the day ''The Assassination of Gianni Versace: American Crime Story'' premiered, the Versace company issued a statement calling it ''an act of fiction''. Rollo Ross reports.   \nOn the day \"The Assassination of Gianni Versace: American Crime Story\" premiered, the Versace company issued a statement calling it \"an act of fiction\". Rollo Ross reports.  //reut.rs/2CWOnq6", "external_links": [], "published": "2018-01-10T04:04:00.000+02:00", "crawled": "2018-01-10T04:49:34.026+02:00", "highlightTitle": ""}