{"organizations": [], "uuid": "b21d38fed454b7f8487c0b6cfea651681c1d6e10", "thread": {"social": {"gplus": {"shares": 0}, "pinterest": {"shares": 0}, "vk": {"shares": 0}, "linkedin": {"shares": 0}, "facebook": {"likes": 0, "shares": 0, "comments": 0}, "stumbledupon": {"shares": 0}}, "site_full": "www.cnbc.com", "main_image": "https://fm.cnbc.com/applications/cnbc.com/resources/img/editorial/2017/07/13/104584992-GettyImages-639460810.1910x1000.jpg", "site_section": "https://www.cnbc.com/id/100003114/device/rss/rss.html", "section_title": "Top News &amp;amp; Analysis", "url": "https://www.cnbc.com/2018/01/10/12-companies-that-offer-free-lunch.html", "country": "US", "domain_rank": 767, "title": "12 companies that offer free lunch", "performance_score": 0, "site": "cnbc.com", "participants_count": 1, "title_full": "", "spam_score": 0.0, "site_type": "news", "published": "2018-01-10T19:08:00.000+02:00", "replies_count": 0, "uuid": "b21d38fed454b7f8487c0b6cfea651681c1d6e10"}, "author": "cnbc.com", "url": "https://www.cnbc.com/2018/01/10/12-companies-that-offer-free-lunch.html", "ord_in_thread": 0, "title": "12 companies that offer free lunch", "locations": [], "entities": {"persons": [], "locations": [{"name": "san francisco", "sentiment": "none"}, {"name": "asana", "sentiment": "none"}], "organizations": [{"name": "spacex", "sentiment": "none"}]}, "highlightText": "", "language": "english", "persons": [], "text": "Ask around the Glassdoor office, and employees will agree — this place spoils you for life. Why? Besides the amazing coworkers, inspiring mission and great company culture, we get free catered lunch every day in our Mill Valley, CA headquarters. And once you've gotten free lunch on a daily basis, it's hard to imagine working anywhere that doesn't offer this perk. It may sound trivial, but it really does make a difference. The amount of time you save making food and packing it each night or, on the other hand, the money you save by not going out to eat, really adds up over time.\nMore from Glassdoor:\n7 podcasts that can help you find a job in 2018\n12 companies that offer free lunch\nHow to get a job at SpaceX\nLooking for a company that'll foot the bill for your meals? Apply to one of these 12 companies offering free lunch today!\n1. Asana Company Rating: 4.9\nWhere Hiring: San Francisco, CA\nDetails: At Asana , a company that makes productivity software, food isn't just a perk — it's an art. \"Our culinary team provides breakfast, lunch, snacks, and dinner daily. Meals are all organic, sustainably farmed and fished, and local when possible,\" Asana says . \"Our skilled chefs and nutrition team thoughtfully plan every menu around meals that keep the Asana team feeling energized, nourished and working at their highest potential.\" And the employees rave about it. \"Our culinary program deserves a michelin star… Better than a restaurant or what I could make at home. I am seriously so grateful for this,\" says a current Content Writer .\nAvailable jobs at Asana\n2. CoverMyMeds Company Rating: 4.8\nWhere Hiring: Columbus, OH; Highland Hills, OH\nDetails: CoverMyMeds , a healthcare tech company based out of Columbus, proves that free lunch isn't just a Silicon Valley perk. The company has an in-house chef, which is \"dedicated to making healthy lunches every day,\" says a current Software Engineer . \"There is also bottomless coffee, beer, soda, [kombucha], water and snacks available all the time.\"\nAvailable jobs at CoverMyMeds\nshow chapters Easy ways to make progress with your money on your lunch break 10:03 AM ET Thu, 12 Jan 2017 | 01:07 3. Robinhood Company Rating: 5.0\nWhere Hiring: Palo Alto, CA; Orlando, FL\nDetails: Founded in 2013, Robinhood is a stock trading app that aims to democratize access to financial markets. And as savvy financiers, they know that providing free lunch for their employees is a great investment. \"Free daily catered lunch and dinner, plus unlimited snacks and drinks,\" says a current employee . \"Every Tuesday night, we get catering from a favorite local Chinese restaurant. Every Thursday night, we have noodle night, which could either be pho (really good – like no joke!), ramen, etc.\"\nAvailable jobs at Robinhood\n4. SendGrid Company Rating: 4.8\nWhere Hiring: Denver, CO; Redwood City, CA\nDetails: One of the four keys to communication platform company SendGrid 's culture is \"hungry\" — but that refers to their ambition, not their empty stomachs! SendGrid provides free, catered lunch every day from a variety of local restaurants. \"The company perks are amazing,\" says a current employee . \"Free lunch daily, fully stocked kitchen with snack and food so plentiful you could make a meal morning lunch and dinner.\"\nAvailable jobs at SendGrid\n5. Yahoo Company Rating: 3.8\nWhere Hiring: Sunnyvale, CA; Lockport, NY; Omaha, NE\nDetails: Work at internet giant Yahoo , and you may never have to pay for a meal again in your life (on weekdays, at least) — the company provides free breakfast, lunch and dinner daily. \"Most are organic and healthy,\" says a current Engineer . \"Frequently scouts for new offerings and changes so never stale.\"\nAvailable jobs at Yahoo\n6. SAP Company Rating: 4.5\nWhere Hiring: Newtown Square, PA; Alpharetta, GA; Bellevue, WA; Plano, TX and many more\nDetails: Given the fact that SAP is based out of Europe, perhaps it's no surprise that they offer amazing benefits — one of which is free lunch. According to employees , lunch is either available through catering, an in-house cafeteria or a per diem stipend depending on the office.\nAvailable jobs at SAP\nshow chapters I ditched my brown-bag lunches for a $120 meal plan, and it's worth it 9:30 AM ET Fri, 7 April 2017 | 01:02 7. Glassdoor Company Rating: 4.0\nWhere Hiring: Mill Valley, CA; San Francisco, CA; Chicago, IL; Dublin, Ireland\nDetails: As a Glassdoor employee myself, I can testify firsthand to the quality of the catered lunches we receive on a daily basis at the Mill Valley headquarters. We rotate between two caterers each week with plenty of options for the health-conscious, vegetarians, omnivores and more. On the menu this week? Seafood paella, smothered pork chops, pumpkin coconut curry and Asian chopped salad, to name just a few.\nAvailable jobs at Glassdoor\n8. Sprout Social Company Rating: 4.9\nWhere Hiring: Chicago, IL; Atlanta, GA\nDetails:", "external_links": ["https://www.glassdoor.com/Jobs/SendGrid-Jobs-E466121.htm", "https://www.glassdoor.com/blog/how-to-get-a-job-at-spacex/", "https://www.glassdoor.com/glassdoor", "https://www.glassdoor.com/Benefits/SendGrid-US-Benefits-EI_IE466121.0,8_IL.9,11_IN1_IP3.htm", "https://www.glassdoor.com/Overview/Working-at-SendGrid-EI_IE466121.11,19.htm", "https://www.glassdoor.com/Jobs/Glassdoor-Jobs-E100431.htm", "https://www.glassdoor.com/Benefits/SAP-Free-Lunch-or-Snacks-US-BNFT36_E10471_N1.htm", "https://www.glassdoor.com/Overview/Working-at-Yahoo-EI_IE5807.11,16.htm", "https://www.glassdoor.com/Benefits/Yahoo-Free-Lunch-or-Snacks-US-BNFT36_E5807_N1.htm", "https://www.glassdoor.com/sap", "https://www.glassdoor.com/blog/podcasts-help-you-find-a-job/", "https://www.glassdoor.com/Benefits/Asana-Free-Lunch-or-Snacks-US-BNFT36_E567443_N1.htm", "https://www.glassdoor.com/blog/companies-free-lunch/", "https://www.glassdoor.com/Benefits/Robinhood-US-Benefits-EI_IE1167765.0,9_IL.10,12_IN1.htm", "https://www.glassdoor.com/Overview/Working-at-CoverMyMeds-EI_IE680605.11,22.htm", "https://www.glassdoor.com/Jobs/Robinhood-Jobs-E1167765.htm", "https://www.glassdoor.com/Jobs/CoverMyMeds-Jobs-E680605.htm", "https://www.glassdoor.com/Jobs/SAP-Jobs-E10471.htm", "https://www.glassdoor.com/Overview/Working-at-Asana-EI_IE567443.11,16.htm", "https://www.glassdoor.com/Jobs/Yahoo-Jobs-E5807.htm", "https://www.glassdoor.com/Benefits/CoverMyMeds-Free-Lunch-or-Snacks-US-BNFT36_E680605_N1.htm", "https://www.glassdoor.com/Overview/Working-at-Robinhood-EI_IE1167765.11,20.htm", "https://www.glassdoor.com/Jobs/Asana-Jobs-E567443.htm"], "published": "2018-01-10T19:08:00.000+02:00", "crawled": "2018-01-10T19:00:47.008+02:00", "highlightTitle": ""}