{"organizations": [], "uuid": "2a6c0962a36a49925eb1478d2a41d85ca8623e94", "thread": {"social": {"gplus": {"shares": 0}, "pinterest": {"shares": 0}, "vk": {"shares": 0}, "linkedin": {"shares": 0}, "facebook": {"likes": 0, "shares": 0, "comments": 0}, "stumbledupon": {"shares": 0}}, "site_full": "www.reuters.com", "main_image": "https://s4.reutersmedia.net/resources_v2/images/rcom-default.png", "site_section": "http://www.reuters.com/resources/archive/us/20180108.html", "section_title": "Archive News &amp; Video for Monday, 08 Jan 2018 | Reuters.com", "url": "https://www.reuters.com/article/brief-price-guidance-of-tl-52-53-for-mav/brief-price-guidance-of-tl-52-53-for-mavi-share-placement-bookrunner-idUSFWN1P30XF", "country": "US", "domain_rank": 408, "title": "BRIEF-Price Guidance Of Tl 52-53 for Mavi share placement - Bookrunner", "performance_score": 0, "site": "reuters.com", "participants_count": 1, "title_full": "", "spam_score": 0.637, "site_type": "news", "published": "2018-01-09T03:41:00.000+02:00", "replies_count": 0, "uuid": "2a6c0962a36a49925eb1478d2a41d85ca8623e94"}, "author": "Reuters Editorial", "url": "https://www.reuters.com/article/brief-price-guidance-of-tl-52-53-for-mav/brief-price-guidance-of-tl-52-53-for-mavi-share-placement-bookrunner-idUSFWN1P30XF", "ord_in_thread": 0, "title": "BRIEF-Price Guidance Of Tl 52-53 for Mavi share placement - Bookrunner", "locations": [], "entities": {"persons": [], "locations": [{"name": "uk", "sentiment": "none"}], "organizations": [{"name": "reuters", "sentiment": "negative"}, {"name": "bookrunner jan", "sentiment": "negative"}]}, "highlightText": "", "language": "english", "persons": [], "text": "Jan 8 (Reuters) -\n* BLOCK TRADE-MAVI GIYIM SANAYI VE TICARET: BOOKRUNNER SAYS PRICE GUIDANCE OF TL 52-53; BOOK COVERED WITHIN THAT RANGE AND TO CLOSE AT 19:45 UK TIME ‍​ Further company coverage:\n ", "external_links": ["http://thomsonreuters.com/en/about-us/trust-principles.html"], "published": "2018-01-09T03:41:00.000+02:00", "crawled": "2018-01-09T17:12:38.008+02:00", "highlightTitle": ""}