{"organizations": [], "uuid": "e3e21e5ac7e6d3bbf08dd369f9bea5129890c4b7", "thread": {"social": {"gplus": {"shares": 0}, "pinterest": {"shares": 0}, "vk": {"shares": 0}, "linkedin": {"shares": 0}, "facebook": {"likes": 1, "shares": 1, "comments": 0}, "stumbledupon": {"shares": 0}}, "site_full": "www.wsj.com", "main_image": "https://si.wsj.net/public/resources/images/BN-WV537_FILMBE_TOP_20180103184941.jpg", "site_section": "https://www.wsj.com/europe", "section_title": "The Wall Street Journal &amp; Breaking News, Business, Financial and Economic News, World News and Video", "url": "https://www.wsj.com/articles/in-between-review-heartfelt-combat-1515097351", "country": "US", "domain_rank": 387, "title": "‘In Between’ Review: Heartfelt Combat", "performance_score": 0, "site": "wsj.com", "participants_count": 1, "title_full": "", "spam_score": 0.001, "site_type": "news", "published": "2018-01-04T23:22:00.000+02:00", "replies_count": 0, "uuid": "e3e21e5ac7e6d3bbf08dd369f9bea5129890c4b7"}, "author": "Joe Morgenstern", "url": "https://www.wsj.com/articles/in-between-review-heartfelt-combat-1515097351", "ord_in_thread": 0, "title": "‘In Between’ Review: Heartfelt Combat", "locations": [], "entities": {"persons": [{"name": "laila", "sentiment": "none"}, {"name": "maysaloun hamoud", "sentiment": "none"}, {"name": "mouna hawa", "sentiment": "none"}], "locations": [{"name": "tel aviv", "sentiment": "none"}, {"name": "israel", "sentiment": "none"}], "organizations": []}, "highlightText": "", "language": "english", "persons": [], "text": "‘I’m a very long story,” a Palestinian defense attorney tells a man who’s all eyes for her beauty, and all ears for whatever she’s willing to tell him about herself. She’s also a very good story, one of three at the center of “In Between,” a fascinating debut feature by Maysaloun Hamoud. The setting is contemporary Tel Aviv, where the lawyer, Laila (Mouna Hawa), shares an apartment with two other Palestinian women. They’re no strangers to cool glances or daily prejudice, but their immediate conflict isn’t with Israelis, or Israel. It’s with the men who blight their lives in various ways, with imprisoning traditions that... ", "external_links": [], "published": "2018-01-04T23:22:00.000+02:00", "crawled": "2018-01-05T03:51:15.005+02:00", "highlightTitle": ""}