{"organizations": [], "uuid": "cb9a5efda7d5896cd0b0c1c8682f1827670321c2", "thread": {"social": {"gplus": {"shares": 0}, "pinterest": {"shares": 0}, "vk": {"shares": 0}, "linkedin": {"shares": 0}, "facebook": {"likes": 0, "shares": 0, "comments": 0}, "stumbledupon": {"shares": 0}}, "site_full": "uk.reuters.com", "main_image": "https://s4.reutersmedia.net/resources_v2/images/rcom-default.png", "site_section": "http://feeds.reuters.com/reuters/UKWorldNews", "section_title": "Reuters: World News", "url": "https://uk.reuters.com/article/uk-europe-migrants-spain/two-hundred-migrants-reach-spain-after-storming-fence-idUKKBN1EW0LR", "country": "US", "domain_rank": 408, "title": "Two hundred migrants reach Spain after storming fence", "performance_score": 0, "site": "reuters.com", "participants_count": 0, "title_full": "", "spam_score": 0.0, "site_type": "news", "published": "2018-01-07T16:40:00.000+02:00", "replies_count": 0, "uuid": "cb9a5efda7d5896cd0b0c1c8682f1827670321c2"}, "author": "", "url": "https://uk.reuters.com/article/uk-europe-migrants-spain/two-hundred-migrants-reach-spain-after-storming-fence-idUKKBN1EW0LR", "ord_in_thread": 0, "title": "Two hundred migrants reach Spain after storming fence", "locations": [], "entities": {"persons": [{"name": "sam edwards", "sentiment": "none"}, {"name": "alison williams", "sentiment": "none"}], "locations": [{"name": "spain", "sentiment": "none"}, {"name": "melilla", "sentiment": "none"}, {"name": "morocco", "sentiment": "none"}, {"name": "ceuta", "sentiment": "none"}], "organizations": [{"name": "european union", "sentiment": "none"}, {"name": "reuters", "sentiment": "none"}]}, "highlightText": "", "language": "english", "persons": [], "text": " 42 PM / Updated 29 minutes ago Two hundred migrants reach Spain after storming fence Reuters Staff 1 Min Read \nBARCELONA (Reuters) - More than 300 people stormed the heavily fortified border between Morocco and the Spanish enclave Melilla in what authorities on Sunday called a mass “violent crossing”. \nSome 209 migrants succeeded in reaching Spain in Saturday’s incident. \nSpain’s two North African enclaves, Ceuta and Melilla, are a common target for entry into the European Union by migrants who try to climb the border fences or enter the territories by sea. \nOne Civil Guard police officer was injured in an attack by a migrant, the Spanish government said. \nFour of the migrants who reached Spain received treatment for injuries sustained during the crossing. Reporting by Sam Edwards; Editing by Alison Williams", "external_links": [], "published": "2018-01-07T16:40:00.000+02:00", "crawled": "2018-01-07T17:02:47.004+02:00", "highlightTitle": ""}