{"organizations": [], "uuid": "f3331199112af1a6b6f6a52876d5412c6be42310", "thread": {"social": {"gplus": {"shares": 0}, "pinterest": {"shares": 0}, "vk": {"shares": 0}, "linkedin": {"shares": 0}, "facebook": {"likes": 11, "shares": 11, "comments": 0}, "stumbledupon": {"shares": 0}}, "site_full": "www.reuters.com", "main_image": "https://s4.reutersmedia.net/resources_v2/images/rcom-default.png", "site_section": "https://www.reuters.com/places/africa", "section_title": "Reuters.com | Africa", "url": "https://www.reuters.com/article/us-sudan-egypt/sudan-protests-to-u-n-over-egypt-hold-on-border-territory-idUSKBN1EX24N", "country": "US", "domain_rank": 408, "title": "Sudan protests to U.N. over Egypt hold on border territory", "performance_score": 0, "site": "reuters.com", "participants_count": 1, "title_full": "", "spam_score": 0.0, "site_type": "news", "published": "2018-01-09T03:41:00.000+02:00", "replies_count": 0, "uuid": "f3331199112af1a6b6f6a52876d5412c6be42310"}, "author": "Reuters Editorial", "url": "https://www.reuters.com/article/us-sudan-egypt/sudan-protests-to-u-n-over-egypt-hold-on-border-territory-idUSKBN1EX24N", "ord_in_thread": 0, "title": "Sudan protests to U.N. over Egypt hold on border territory", "locations": [], "entities": {"persons": [], "locations": [], "organizations": []}, "highlightText": "", "language": "english", "persons": [], "text": "KHARTOUM (Reuters) - Sudan has renewed a complaint at the United Nations demanding Egypt hand over control of the “Halayeb Triangle” border territory, the Foreign Ministry said on Monday.\nRelations between Egypt and Sudan have been soured in recent months by disputes over the ownership of the triangle, and over the broader issue of use of water from the River Nile that passes through their territories.\nThe triangle lies between Egypt and its southern neighbor and the borders have been contested by Sudan since 1958. Cairo says it is Egyptian territory.\nThe Foreign Ministry did not say what action it wanted the United Nations to take, if any.\nEgypt rejected in 2016 a request from Khartoum to enter negotiations to determine sovereignty over the triangle or to seek international arbitration.\nSudan recalled its ambassador from its northern neighbor for consultations on Thursday. Egypt’s state news agency MENA later Quote: d the foreign minister saying the notification of withdrawal pointed toward the land dispute.\nReporting by Khalid Abdelaziz; Writing by Nadine Awadalla; editing by Ralph Boulton\n ", "external_links": ["http://thomsonreuters.com/en/about-us/trust-principles.html"], "published": "2018-01-09T03:41:00.000+02:00", "crawled": "2018-01-09T09:40:33.160+02:00", "highlightTitle": ""}