{"organizations": [], "uuid": "dd8152f973b6f4649e5079a903680ecb2e82ab8f", "thread": {"social": {"gplus": {"shares": 0}, "pinterest": {"shares": 0}, "vk": {"shares": 0}, "linkedin": {"shares": 0}, "facebook": {"likes": 0, "shares": 0, "comments": 0}, "stumbledupon": {"shares": 0}}, "site_full": "www.cnbc.com", "main_image": "//sc.cnbcfm.com/applications/cnbc.com/staticcontent/img/cnbc_logo.gif", "site_section": "http://www.cnbc.com/id/10000027/page/5", "section_title": "Press Releases - CNBC", "url": "http://www.cnbc.com/2018/01/11/business-wire-genesee-wyoming-announces-q4-2017-financial-release-conference-call-and-webcast.html", "country": "US", "domain_rank": 767, "title": "Genesee & Wyoming Announces Q4 2017 Financial Release Conference Call and Webcast", "performance_score": 0, "site": "cnbc.com", "participants_count": 1, "title_full": "", "spam_score": 0.0, "site_type": "news", "published": "2018-01-12T00:05:00.000+02:00", "replies_count": 0, "uuid": "dd8152f973b6f4649e5079a903680ecb2e82ab8f"}, "author": "cnbc.com", "url": "http://www.cnbc.com/2018/01/11/business-wire-genesee-wyoming-announces-q4-2017-financial-release-conference-call-and-webcast.html", "ord_in_thread": 0, "title": "Genesee & Wyoming Announces Q4 2017 Financial Release Conference Call and Webcast", "locations": [], "entities": {"persons": [], "locations": [{"name": "webcast darien", "sentiment": "none"}, {"name": "conn.", "sentiment": "none"}, {"name": "new south wales", "sentiment": "none"}, {"name": "u.s.", "sentiment": "none"}, {"name": "northern territory", "sentiment": "none"}, {"name": "australia region", "sentiment": "none"}, {"name": "south australi", "sentiment": "none"}], "organizations": [{"name": "gwr", "sentiment": "negative"}, {"name": "genesee & wyoming", "sentiment": "negative"}, {"name": "nyse", "sentiment": "negative"}, {"name": "genesee & wyoming inc.", "sentiment": "negative"}, {"name": "g&w", "sentiment": "none"}]}, "highlightText": "", "language": "english", "persons": [], "text": "DARIEN, Conn.--(BUSINESS WIRE)-- Genesee & Wyoming Inc. (G&W) (NYSE:GWR) announces the following conference call and webcast:\nWHAT: G&W Q4 2017 Financial Release Conference Call\nWHEN: Feb. 8, 2018, at 11 a.m. EST\nWHERE: www.gwrr.com/investors (listen only)\nConference Call Dial-In Numbers -- in U.S., call (800) 288-9626; outside U.S., call (612) 332-0345.\nIf you are unable to participate during the live conference call and webcast, the webcast will be archived at www.gwrr.com/investors until the next quarter. Telephone replay is also available for 30 days beginning at 1 p.m. EST on Feb. 8 by dialing (800) 475-6701 (or outside U.S., dial 320-365-3844). The access code is 439193.\nAbout G&W\nG&W owns or leases 122 freight railroads organized in nine locally managed operating regions with 8,000 employees serving 3,000 customers.\nG&W’s seven North American regions serve 41 U.S. states and four Canadian provinces and include 115 short line and regional freight railroads with more than 13,000 track-miles. G&W’s Australia Region serves New South Wales, the Northern Territory and South Australia and operates the 1,400-mile Tarcoola-to-Darwin rail line. The Australia Region is 51.1% owned by G&W and 48.9% owned by a consortium of funds and clients managed by Macquarie Infrastructure and Real Assets. G&W’s UK/Europe Region includes the U.K.’s largest rail maritime intermodal operator and second-largest freight rail provider, as well as regional rail services in Continental Europe.\nG&W subsidiaries and joint ventures also provide rail service at more than 40 major ports, rail-ferry service between the U.S. Southeast and Mexico, transload services, contract coal loading, and industrial railcar switching and repair.\n\"Safe Harbor\" Statement under the Private Securities Litigation Reform Act of 1995: Statements in this press release and conference call regarding Genesee & Wyoming's business which are not historical facts are \"forward-looking statements\" that involve risks and uncertainties. For a discussion of such risks and uncertainties, which could cause actual results to differ from those contained in the forward-looking statements, see \"Risk Factors\" in the Company's Annual Report or Form 10-K for the most recently ended fiscal year.\nView source version on businesswire.com : http://www.businesswire.com/news/home/20180111005752/en/\nG&W Corporate Communications\nMichael Williams, 1-203-202-8900\nWeb site: www.gwrr.com\nSource: Genesee & Wyoming Inc.", "external_links": ["http://cts.businesswire.com/ct/CT?id=smartlink&url=http%3A%2F%2Fwww.gwrr.com%2Finvestors&esheet=51741854&newsitemid=20180111005752&lan=en-US&anchor=www.gwrr.com%2Finvestors&index=1&md5=102a80a12039fe4179fc56298e1733de", "http://www.businesswire.com/news/home/20180111005752/en/", "http://cts.businesswire.com/ct/CT?id=smartlink&url=http%3A%2F%2Fwww.gwrr.com%2Finvestors&esheet=51741854&newsitemid=20180111005752&lan=en-US&anchor=www.gwrr.com%2Finvestors&index=2&md5=90b95a1e63a67eb666c82c6bcaeeafae", "http://cts.businesswire.com/ct/CT?id=smartlink&url=http%3A%2F%2Fwww.gwrr.com&esheet=51741854&lan=en-US&anchor=www.gwrr.com&index=3&md5=91062ae616901eb59791a1d18755da71"], "published": "2018-01-12T00:05:00.000+02:00", "crawled": "2018-01-12T02:38:50.000+02:00", "highlightTitle": ""}