{"organizations": [], "uuid": "9ea7869dc010dcedfcf99617e300b08654b009be", "thread": {"social": {"gplus": {"shares": 0}, "pinterest": {"shares": 0}, "vk": {"shares": 0}, "linkedin": {"shares": 0}, "facebook": {"likes": 14, "shares": 14, "comments": 0}, "stumbledupon": {"shares": 0}}, "site_full": "www.wsj.com", "main_image": "https://si.wsj.net/public/resources/images/BN-WV028_3hqg9_TOP_20180102180324.jpg", "site_section": "http://www.wsj.com/xml/rss/3_7041.xml", "section_title": "WSJ.com: Opinion", "url": "https://www.wsj.com/articles/rubios-tax-lament-1514939665", "country": "US", "domain_rank": 387, "title": "Rubio’s Tax Lament", "performance_score": 0, "site": "wsj.com", "participants_count": 1, "title_full": "", "spam_score": 0.0, "site_type": "news", "published": "2018-01-03T02:34:00.000+02:00", "replies_count": 0, "uuid": "9ea7869dc010dcedfcf99617e300b08654b009be"}, "author": "The Editorial Board", "url": "https://www.wsj.com/articles/rubios-tax-lament-1514939665", "ord_in_thread": 0, "title": "Rubio’s Tax Lament", "locations": [], "entities": {"persons": [{"name": "rubio", "sentiment": "negative"}, {"name": "news-press", "sentiment": "none"}, {"name": "marco rubio", "sentiment": "none"}], "locations": [{"name": "florida", "sentiment": "none"}], "organizations": [{"name": "gop", "sentiment": "negative"}]}, "highlightText": "", "language": "english", "persons": [], "text": "Republicans have had a tough time selling tax reform to the public, and no wonder: Some GOP Members appear not to understand the economics behind it. Meet Senator Marco Rubio, who voted for the bill but now says it helped businesses too much.\n\n“If I were king for a day, this tax bill would have looked different,” he told Florida’s News-Press, adding the bill “probably went too far” in helping corporations. “By and large, you’re going to see a lot of these multinationals buy back shares to drive up the price. Some of them will...  ", "external_links": [], "published": "2018-01-03T02:34:00.000+02:00", "crawled": "2018-01-03T08:01:03.013+02:00", "highlightTitle": ""}