{"organizations": [], "uuid": "f746367a70c791aa7189171900252005e9c1b19c", "thread": {"social": {"gplus": {"shares": 0}, "pinterest": {"shares": 0}, "vk": {"shares": 0}, "linkedin": {"shares": 0}, "facebook": {"likes": 0, "shares": 0, "comments": 0}, "stumbledupon": {"shares": 0}}, "site_full": "www.cnbc.com", "main_image": "https://fm.cnbc.com/applications/cnbc.com/resources/img/editorial/2018/01/04/104928609-5ED3-PL-LIESMAN-KRISTOL-010418.600x400.jpg", "site_section": "http://www.cnbc.com/id/100004038/device/rss/rss.html", "section_title": "Latest Video", "url": "https://www.cnbc.com/video/2018/01/04/should-trump-get-credit-for-fueling-the-rally-with-tax-cuts.html", "country": "US", "domain_rank": 767, "title": "Should Trump get credit for fueling the rally with tax cuts?", "performance_score": 0, "site": "cnbc.com", "participants_count": 0, "title_full": "", "spam_score": 0.0, "site_type": "news", "published": "2018-01-04T20:18:00.000+02:00", "replies_count": 0, "uuid": "f746367a70c791aa7189171900252005e9c1b19c"}, "author": "", "url": "https://www.cnbc.com/video/2018/01/04/should-trump-get-credit-for-fueling-the-rally-with-tax-cuts.html", "ord_in_thread": 0, "title": "Should Trump get credit for fueling the rally with tax cuts?", "locations": [], "entities": {"persons": [{"name": "trump", "sentiment": "negative"}, {"name": "steve liesman", "sentiment": "neutral"}, {"name": "bill kristol", "sentiment": "none"}], "locations": [], "organizations": [{"name": "cnbc", "sentiment": "neutral"}, {"name": "weekly standard", "sentiment": "none"}]}, "highlightText": "", "language": "english", "persons": [], "text": "Should Trump get credit for fueling the rally with tax cuts? 1 Hour Ago CNBC's Steve Liesman speaks with Bill Kristol, founder of the Weekly Standard, about economic growth since the start of Trump's presidency.", "external_links": [], "published": "2018-01-04T20:18:00.000+02:00", "crawled": "2018-01-04T22:19:21.004+02:00", "highlightTitle": ""}