{"organizations": [], "uuid": "7df7d487ebb404ac9b808b409eb96e84ed021721", "thread": {"social": {"gplus": {"shares": 0}, "pinterest": {"shares": 0}, "vk": {"shares": 0}, "linkedin": {"shares": 0}, "facebook": {"likes": 0, "shares": 0, "comments": 0}, "stumbledupon": {"shares": 0}}, "site_full": "www.cnbc.com", "main_image": "https://fm.cnbc.com/applications/cnbc.com/resources/img/editorial/2018/01/02/104924249-3ED3-PL-ROGERS-NEWYEAR-010218.600x400.jpg", "site_section": "http://www.cnbc.com/id/100004038/device/rss/rss.html", "section_title": "Latest Video", "url": "https://www.cnbc.com/video/2018/01/02/new-year-new-rules.html", "country": "US", "domain_rank": 767, "title": "New year, new rules", "performance_score": 0, "site": "cnbc.com", "participants_count": 0, "title_full": "", "spam_score": 0.0, "site_type": "news", "published": "2018-01-02T20:25:00.000+02:00", "replies_count": 0, "uuid": "7df7d487ebb404ac9b808b409eb96e84ed021721"}, "author": "", "url": "https://www.cnbc.com/video/2018/01/02/new-year-new-rules.html", "ord_in_thread": 0, "title": "New year, new rules", "locations": [], "entities": {"persons": [{"name": "kate rogers", "sentiment": "neutral"}], "locations": [], "organizations": [{"name": "hour ago cnbc", "sentiment": "neutral"}]}, "highlightText": "", "language": "english", "persons": [], "text": "New year, new rules 1 Hour Ago CNBC's Kate Rogers reports on the new laws that some states have passed for the new year.", "external_links": [], "published": "2018-01-02T20:25:00.000+02:00", "crawled": "2018-01-02T22:08:41.008+02:00", "highlightTitle": ""}