{"organizations": [], "uuid": "6d38ff1c8a816bb7da88f79ae1ad776b522bd088", "thread": {"social": {"gplus": {"shares": 0}, "pinterest": {"shares": 0}, "vk": {"shares": 0}, "linkedin": {"shares": 0}, "facebook": {"likes": 0, "shares": 0, "comments": 0}, "stumbledupon": {"shares": 0}}, "site_full": "www.cnbc.com", "main_image": "//sc.cnbcfm.com/applications/cnbc.com/staticcontent/img/cnbc_logo.gif", "site_section": "http://www.cnbc.com/id/10000027", "section_title": "Press Releases - CNBC", "url": "http://www.cnbc.com/2018/01/09/business-wire-ebsco-industries-announces-new-chief-information-officer.html", "country": "US", "domain_rank": 767, "title": "EBSCO Industries Announces New Chief Information Officer", "performance_score": 0, "site": "cnbc.com", "participants_count": 1, "title_full": "", "spam_score": 0.0, "site_type": "news", "published": "2018-01-09T23:00:00.000+02:00", "replies_count": 0, "uuid": "6d38ff1c8a816bb7da88f79ae1ad776b522bd088"}, "author": "cnbc.com", "url": "http://www.cnbc.com/2018/01/09/business-wire-ebsco-industries-announces-new-chief-information-officer.html", "ord_in_thread": 0, "title": "EBSCO Industries Announces New Chief Information Officer", "locations": [], "entities": {"persons": [{"name": "ryan", "sentiment": "none"}, {"name": "loy", "sentiment": "none"}, {"name": "ryan loy", "sentiment": "none"}, {"name": "david walker", "sentiment": "none"}, {"name": "deloitte", "sentiment": "none"}], "locations": [{"name": "birmingham", "sentiment": "none"}, {"name": "ala.", "sentiment": "none"}], "organizations": [{"name": "ebsco industries", "sentiment": "negative"}, {"name": "ebsco", "sentiment": "negative"}, {"name": "eli lilly", "sentiment": "none"}, {"name": "adtran", "sentiment": "none"}]}, "highlightText": "", "language": "english", "persons": [], "text": "BIRMINGHAM, Ala.--(BUSINESS WIRE)-- EBSCO Industries, Inc. (EBSCO), headquartered atop Oak Mountain off Highway 280, announced today that Ryan Loy is joining the company as Chief Information Officer (CIO), and will be reporting to David Walker, President and Chief Executive Officer. Loy comes to EBSCO from ADTRAN where he was CIO.\n“As we plan for significant organic and acquisition growth over the next five to ten years, building the proper foundation of leadership is critical to creating and sustaining our momentum. We are delighted to have Ryan join our team,” said David Walker, CEO. “We look forward to his leadership in information technology—an important component in enabling our businesses to differentiate, grow, and create even more value for our customers.”\nHaving held leadership positions at Eli Lilly and Deloitte prior to ADTRAN, Loy joins EBSCO as an accomplished IT professional focused on building customer value through IT innovations.\n“EBSCO has a long history of success and giving back to the community. The roadmap for the next several years will serve to continue to strengthen EBSCO. I’m humbled by this opportunity to lead IT and be a part of this organization,” said Ryan Loy. “I’m looking forward to working with the Corporate IT department and the EBSCO leadership team to uncover new ways for IT to add value for EBSCO customers.”\nAbout EBSCO Industries, Inc.\nFounded in 1944 by the late Elton B. Stephens, EBSCO Industries, Inc. has evolved into a global company with businesses in a range of industries including Information Services, Outdoor Brands, Real Estate, Manufacturing and Distribution, and Business Services. Headquartered in Birmingham, Ala., EBSCO operates divisions and subsidiaries in 23 countries and employs almost 6,000 people. EBSCO Information Services, the largest EBSCO business, is the leading provider of discovery services, databases, and other information resources for libraries worldwide. For a complete listing of EBSCO’s businesses, please visit www.ebscoind.com .\nView source version on businesswire.com : http://www.businesswire.com/news/home/20180109006574/en/\nEBSCO Industries, Inc.\nKarla M. Wiles, 205-980-6707\nVice President, Marketing Communications\nkwiles@ebsco.com\nSource: EBSCO Industries, Inc.", "external_links": ["http://www.businesswire.com/news/home/20180109006574/en/"], "published": "2018-01-09T23:00:00.000+02:00", "crawled": "2018-01-09T23:33:41.000+02:00", "highlightTitle": ""}