{"organizations": [], "uuid": "a33d6b419b91a3d79dc9826924ec02ecdc435261", "thread": {"social": {"gplus": {"shares": 0}, "pinterest": {"shares": 0}, "vk": {"shares": 0}, "linkedin": {"shares": 0}, "facebook": {"likes": 0, "shares": 0, "comments": 0}, "stumbledupon": {"shares": 0}}, "site_full": "www.cnbc.com", "main_image": "//sc.cnbcfm.com/applications/cnbc.com/staticcontent/img/cnbc_logo.gif", "site_section": "http://www.cnbc.com/id/10000027/page/2", "section_title": "Press Releases - CNBC", "url": "http://www.cnbc.com/2018/01/08/pr-newswire-aberdeen-israel-fund-inc-announces-payment-of-distribution.html", "country": "US", "domain_rank": 767, "title": "Aberdeen Israel Fund, Inc. Announces Payment Of Distribution", "performance_score": 0, "site": "cnbc.com", "participants_count": 1, "title_full": "", "spam_score": 0.0, "site_type": "news", "published": "2018-01-09T00:30:00.000+02:00", "replies_count": 0, "uuid": "a33d6b419b91a3d79dc9826924ec02ecdc435261"}, "author": "cnbc.com", "url": "http://www.cnbc.com/2018/01/08/pr-newswire-aberdeen-israel-fund-inc-announces-payment-of-distribution.html", "ord_in_thread": 0, "title": "Aberdeen Israel Fund, Inc. Announces Payment Of Distribution", "locations": [], "entities": {"persons": [], "locations": [], "organizations": []}, "highlightText": "", "language": "english", "persons": [], "text": "PHILADELPHIA, Jan. 8, 2018 /PRNewswire/ -- Aberdeen Israel Fund, Inc. (NYSE American: ISL) (the \"Fund\"), a closed-end equity fund, it paid on January 8, 2018, a distribution of US$0.54304 per share to all shareholders of record as of December 29, 2017.\nUnder U.S. tax rules applicable to the Fund, the amount and character of distributable income for each fiscal year can be finally determined only as of the end of the Fund's fiscal year. However, under Section 19 of the Investment Company Act of 1940, as amended (the \"1940 Act\") and related Rules, the Fund may be required to indicate to shareholders the source of certain distributions to shareholders.\nThe following table sets forth the estimated amounts of the sources of the distribution for purposes of Section 19 of the 1940 Act and the Rules adopted thereunder. The table has been computed based on generally accepted accounting principles. The table includes estimated amounts and percentages for this distribution and for the cumulative distributions paid relating to fiscal year to date (01/01/2017 – 12/31/2017), from the following sources: net investment income; net realized short-term capital gains; net realized long-term capital gains; and return of capital.\nEstimated Amounts of Current Distribution\nper share ($)\nEstimated Amounts of Current Distribution\nper share (%)\nEstimated Amounts of Fiscal Year to Date Cumulative Distributions\nper share ($)\nEstimated Amounts of Fiscal Year to Date Cumulative Distributions\nper share (%)\nNet Investment Income\n$0.06298\n12%\n$0.06298\n7%\nNet Realized Short-Term Capital Gains*\n-\n-\n-\n-\nNet Realized Long-Term Capital Gains\n$0.48006\n88%\n$0.78548\n93%\nReturn of Capital\n-\n-\n-\n-\nTotal (per common share)\n$0.54304\n100%\n$0.84846\n100%\n*includes currency gains\nThe amounts and sources of distributions reported in this notice are only estimates and are not being provided for tax reporting purposes. The final determination of the source of all distributions in 2017 will be made after year-end. The actual amounts and sources of the amounts for tax reporting purposes will depend upon the Fund's investment experience during the remainder of the fiscal year and may be subject to change based on tax regulations. The Fund will send you a Form 1099-DIV for the calendar year that will tell you how to report these distributions for federal income tax purposes.\nCircular 230 disclosure: To ensure compliance with requirements imposed by the U.S. Treasury, we inform you that any U.S. tax advice contained in this communication (including any attachments) is not intended or written to be used, and cannot be used, for the purpose of (i) avoiding penalties under the Internal Revenue Code or (ii) promoting, marketing or recommending to another party any transaction or matter addressed herein.\nClosed-end funds are traded on the secondary market through one of the stock exchanges. The Fund's investment return and principal value will fluctuate so that an investor's shares may be worth more or less than the original cost. Shares of closed-end funds may trade above (a premium) or below (a discount) the net asset value (NAV) of the fund's portfolio. There is no assurance that the Fund will achieve its investment objective. Past performance does not guarantee future results.\nIf you If you wish to receive this information electronically, please contact InvestorRelations@aberdeen-asset.com\naberdeenisl.com\nView original content with multimedia: http://www.prnewswire.com/news-releases/aberdeen-israel-fund-inc-announces-payment-of-distribution-300579239.html\nSOURCE Aberdeen Israel Fund, Inc.", "external_links": ["http://www.aberdeenisl.com/", "http://www.prnewswire.com/news-releases/aberdeen-israel-fund-inc-announces-payment-of-distribution-300579239.html"], "published": "2018-01-09T00:30:00.000+02:00", "crawled": "2018-01-09T09:40:17.745+02:00", "highlightTitle": ""}