{"organizations": [], "uuid": "db6c81f61d0bb316618a561abaa3ed02959f88ea", "thread": {"social": {"gplus": {"shares": 0}, "pinterest": {"shares": 0}, "vk": {"shares": 0}, "linkedin": {"shares": 0}, "facebook": {"likes": 0, "shares": 0, "comments": 0}, "stumbledupon": {"shares": 0}}, "site_full": "www.wsj.com", "main_image": "https://si.wsj.net/public/resources/images/BN-WV673_3jwY1_TOP_20180104080243.jpg", "site_section": "http://www.wsj.com/xml/rss/3_7455.xml", "section_title": "WSJ.com: WSJD", "url": "https://www.wsj.com/articles/tech-giants-race-to-address-widespread-chip-flaws-1515070427", "country": "US", "domain_rank": 387, "title": "Tech Giants Race to Address Widespread Chip Flaws", "performance_score": 0, "site": "wsj.com", "participants_count": 1, "title_full": "", "spam_score": 0.0, "site_type": "news", "published": "2018-01-04T16:08:00.000+02:00", "replies_count": 0, "uuid": "db6c81f61d0bb316618a561abaa3ed02959f88ea"}, "author": "Sam Schechner", "url": "https://www.wsj.com/articles/tech-giants-race-to-address-widespread-chip-flaws-1515070427", "ord_in_thread": 0, "title": "Tech Giants Race to Address Widespread Chip Flaws", "locations": [], "entities": {"persons": [{"name": "tanya rivero", "sentiment": "none"}, {"name": "kevin mitnick", "sentiment": "none"}], "locations": [], "organizations": [{"name": "fbi", "sentiment": "none"}]}, "highlightText": "", "language": "english", "persons": [], "text": "The world’s computer-chip and software makers scrambled to respond to the disclosure of two widespread hardware vulnerabilities found by cybersecurity experts that could affect most of the world’s modern computing devices.\nTech manufacturers and researchers described the two vulnerabilities as design flaws, long present in most modern chips. The bugs, dubbed Spectre and Meltdown, make data stored in the working memory of shared servers and individual devices—including personal computers, tablets and smartphones—vulnerable... RELATED VIDEO Former Convicted Hacker on How to Protect Your Data Kevin Mitnick, who spent time on the FBI's Most Wanted List for hacking 40 corporations, discusses his new book, \"The Art of Invisibility,\" on Lunch Break with Tanya Rivero. He also explains why hackers breach data with relative ease, and why we should never link our devices. Photo: iStock ", "external_links": [], "published": "2018-01-04T16:08:00.000+02:00", "crawled": "2018-01-04T17:09:06.008+02:00", "highlightTitle": ""}