{"organizations": [], "uuid": "18b97d0afe99933d1e19a5bd7875033e5aa9541d", "thread": {"social": {"gplus": {"shares": 0}, "pinterest": {"shares": 0}, "vk": {"shares": 0}, "linkedin": {"shares": 0}, "facebook": {"likes": 0, "shares": 0, "comments": 0}, "stumbledupon": {"shares": 0}}, "site_full": "www.cnbc.com", "main_image": "https://fm.cnbc.com/applications/cnbc.com/resources/img/editorial/2018/01/05/104931241-6ED3-OA-B-BLOCK-010518.600x400.jpg", "site_section": "http://www.cnbc.com/id/100004038/device/rss/rss.html", "section_title": "Latest Video", "url": "https://www.cnbc.com/video/2018/01/05/the-3-names-to-watch-at-jpmorgans-health-care-conference.html", "country": "US", "domain_rank": 767, "title": "The 3 names to watch at JPMorgan's health care conference", "performance_score": 0, "site": "cnbc.com", "participants_count": 0, "title_full": "", "spam_score": 0.0, "site_type": "news", "published": "2018-01-06T00:30:00.000+02:00", "replies_count": 0, "uuid": "18b97d0afe99933d1e19a5bd7875033e5aa9541d"}, "author": "", "url": "https://www.cnbc.com/video/2018/01/05/the-3-names-to-watch-at-jpmorgans-health-care-conference.html", "ord_in_thread": 0, "title": "The 3 names to watch at JPMorgan's health care conference", "locations": [], "entities": {"persons": [{"name": "melissa lee", "sentiment": "none"}, {"name": "meg tirrell", "sentiment": "none"}], "locations": [], "organizations": [{"name": "jpmorgan", "sentiment": "negative"}, {"name": "cnbc", "sentiment": "none"}]}, "highlightText": "", "language": "english", "persons": [], "text": "The 3 names to watch at JPMorgan's health care conference 2 Hours Ago It's the Olympics of drugs. 3 health care stocks to watch, with CNBC's Meg Tirrell, Melissa Lee and the Options Action traders.", "external_links": [], "published": "2018-01-06T00:30:00.000+02:00", "crawled": "2018-01-06T01:53:49.009+02:00", "highlightTitle": ""}