{"organizations": [], "uuid": "deb5d98bfd1348bee891ccbe4441ac7c01bd1b02", "thread": {"social": {"gplus": {"shares": 0}, "pinterest": {"shares": 0}, "vk": {"shares": 0}, "linkedin": {"shares": 0}, "facebook": {"likes": 0, "shares": 0, "comments": 0}, "stumbledupon": {"shares": 0}}, "site_full": "www.reuters.com", "main_image": "https://s4.reutersmedia.net/resources_v2/images/rcom-default.png", "site_section": "http://www.reuters.com/resources/archive/us/20180108.html", "section_title": "Archive News &amp; Video for Monday, 08 Jan 2018 | Reuters.com", "url": "https://www.reuters.com/article/brief-reneo-pharmaceuticals-says-it-rais/brief-reneo-pharmaceuticals-says-it-raised-about-22-million-in-equity-financing-idUSFWN1P30UH", "country": "US", "domain_rank": 408, "title": "BRIEF-Reneo Pharmaceuticals Says It Raised About $22 Million In Equity Financing", "performance_score": 0, "site": "reuters.com", "participants_count": 1, "title_full": "", "spam_score": 0.998, "site_type": "news", "published": "2018-01-09T02:48:00.000+02:00", "replies_count": 0, "uuid": "deb5d98bfd1348bee891ccbe4441ac7c01bd1b02"}, "author": "Reuters Editorial", "url": "https://www.reuters.com/article/brief-reneo-pharmaceuticals-says-it-rais/brief-reneo-pharmaceuticals-says-it-raised-about-22-million-in-equity-financing-idUSFWN1P30UH", "ord_in_thread": 0, "title": "BRIEF-Reneo Pharmaceuticals Says It Raised About $22 Million In Equity Financing", "locations": [], "entities": {"persons": [], "locations": [], "organizations": [{"name": "reuters", "sentiment": "negative"}, {"name": "sec", "sentiment": "none"}]}, "highlightText": "", "language": "english", "persons": [], "text": "Jan 8 (Reuters) -\n* RENEO PHARMACEUTICALS INC FILES TO SAY IT RAISED ABOUT $22 MILLION IN EQUITY FINANCING - SEC FILING Source text: ( bit.ly/2D73RVh )\n ", "external_links": ["http://bit.ly/2D73RVh", "http://thomsonreuters.com/en/about-us/trust-principles.html"], "published": "2018-01-09T02:48:00.000+02:00", "crawled": "2018-01-09T16:51:58.019+02:00", "highlightTitle": ""}