{"organizations": [], "uuid": "f672edf5d21f879823bc6ba23ddc72214251b10c", "thread": {"social": {"gplus": {"shares": 0}, "pinterest": {"shares": 0}, "vk": {"shares": 0}, "linkedin": {"shares": 0}, "facebook": {"likes": 0, "shares": 0, "comments": 0}, "stumbledupon": {"shares": 0}}, "site_full": "uk.reuters.com", "main_image": "https://s4.reutersmedia.net/resources_v2/images/rcom-default.png", "site_section": "http://feeds.reuters.com/reuters/UKWorldNews", "section_title": "Reuters: World News", "url": "https://uk.reuters.com/article/uk-usa-japan-helicopter-okinawa/u-s-military-helicopter-makes-emergency-landing-at-japanese-hotel-idUKKBN1EX0SJ", "country": "US", "domain_rank": 408, "title": "U.S. military helicopter makes emergency landing at Japanese hotel", "performance_score": 0, "site": "reuters.com", "participants_count": 0, "title_full": "", "spam_score": 0.0, "site_type": "news", "published": "2018-01-08T12:02:00.000+02:00", "replies_count": 0, "uuid": "f672edf5d21f879823bc6ba23ddc72214251b10c"}, "author": "", "url": "https://uk.reuters.com/article/uk-usa-japan-helicopter-okinawa/u-s-military-helicopter-makes-emergency-landing-at-japanese-hotel-idUKKBN1EX0SJ", "ord_in_thread": 0, "title": "U.S. military helicopter makes emergency landing at Japanese hotel", "locations": [], "entities": {"persons": [], "locations": [{"name": "u.s.", "sentiment": "none"}, {"name": "tokyo", "sentiment": "none"}, {"name": "japan", "sentiment": "none"}, {"name": "okinawa", "sentiment": "none"}], "organizations": [{"name": "nhk", "sentiment": "none"}, {"name": "u.s. marine corps", "sentiment": "none"}, {"name": "reuters", "sentiment": "none"}]}, "highlightText": "", "language": "english", "persons": [], "text": "January 8, 2018 / 10:03 AM / Updated 41 minutes ago U.S. military helicopter makes emergency landing at Japanese hotel Reuters Staff 2 Min Read \nTOKYO (Reuters) - A U.S. attack helicopter made an emergency landing in the grounds of a hotel on Japan’s Okinawa island on Monday, the latest in a string of mishaps involving U.S. military aircraft that has fuelled public opposition to the U.S. presence there. \nThe helicopter crew landed the aircraft because a warning light had come on, according to Japanese public broadcaster NHK, which showed the helicopter resting on its skids on the ground. No injuries were reported. \nRepresentatives of the U.S. Marine Corps (USMC) in Okinawa did not immediately respond to a request for comment. \nResentment has simmered among residents of the southern island who bemoan what they see as an unfair burden in supporting the U.S. military presence in Japan. \nAmong recent incidents, a USMC transport helicopter made an emergency landing on an Okinawan beach on Saturday because of a faulty rotor. Earlier, a window fell from a military aircraft onto a school playground. \nSuch accidents, as well as occasional incidents of crime committed by U.S. service personnel, have fuelled opposition to the U.S. presence on the island. \nLocated strategically at the edge of the East China Sea, Okinawa, which was under U.S. occupation until 1972, hosts some 30,000 military personnel living and working on bases that cover a fifth of the island. Reporting by Tim Kelly; Editing by Robert Birsel", "external_links": [], "published": "2018-01-08T12:02:00.000+02:00", "crawled": "2018-01-08T12:13:59.027+02:00", "highlightTitle": ""}