{"organizations": [], "uuid": "e151e813d200c7a227e98627f6eab74c0ca0ea3a", "thread": {"social": {"gplus": {"shares": 0}, "pinterest": {"shares": 0}, "vk": {"shares": 0}, "linkedin": {"shares": 0}, "facebook": {"likes": 0, "shares": 0, "comments": 0}, "stumbledupon": {"shares": 0}}, "site_full": "www.cnbc.com", "main_image": "//sc.cnbcfm.com/applications/cnbc.com/staticcontent/img/cnbc_logo.gif", "site_section": "http://www.cnbc.com/id/10000027/page/2", "section_title": "Press Releases - CNBC", "url": "http://www.cnbc.com/2018/01/02/globe-newswire-dime-community-bancshares-appoints-kevin-stein-to-its-board-of-directors.html", "country": "US", "domain_rank": 767, "title": "Dime Community Bancshares Appoints Kevin Stein to its Board of Directors", "performance_score": 0, "site": "cnbc.com", "participants_count": 1, "title_full": "", "spam_score": 0.0, "site_type": "news", "published": "2018-01-03T00:23:00.000+02:00", "replies_count": 0, "uuid": "e151e813d200c7a227e98627f6eab74c0ca0ea3a"}, "author": "cnbc.com", "url": "http://www.cnbc.com/2018/01/02/globe-newswire-dime-community-bancshares-appoints-kevin-stein-to-its-board-of-directors.html", "ord_in_thread": 0, "title": "Dime Community Bancshares Appoints Kevin Stein to its Board of Directors", "locations": [], "entities": {"persons": [{"name": "kevin stein", "sentiment": "negative"}, {"name": "kevin", "sentiment": "none"}, {"name": "kenneth j. mahon", "sentiment": "none"}, {"name": "stein", "sentiment": "none"}], "locations": [{"name": "brooklyn", "sentiment": "none"}, {"name": "n.y.", "sentiment": "none"}, {"name": "dcom", "sentiment": "none"}, {"name": "kck-us", "sentiment": "none"}], "organizations": [{"name": "dime community bancshares", "sentiment": "negative"}, {"name": "dime community bancshares, inc.", "sentiment": "neutral"}, {"name": "dime community bank", "sentiment": "none"}, {"name": "inc.", "sentiment": "none"}, {"name": "depository investmen", "sentiment": "none"}, {"name": "financial institutions group of barclays", "sentiment": "none"}, {"name": "fbr capital markets & co.", "sentiment": "none"}]}, "highlightText": "", "language": "english", "persons": [], "text": "BROOKLYN, N.Y., Jan. 02, 2018 (GLOBE NEWSWIRE) -- Dime Community Bancshares, Inc. (NASDAQ:DCOM) (the \"Company\" or \"Dime\"), the parent company of Dime Community Bank (the \"bank\"), announced the appointment of Kevin Stein to its Board of Directors effective as of December 20, 2017. Mr. Stein was also appointed to the Board of Directors of the bank.\n\"We are pleased to welcome Kevin to the Board,\" said Kenneth J. Mahon, President and Chief Executive Officer of Dime. \"Kevin's diverse background in community and investment banking and his knowledge of the regulatory environment will be invaluable to our Board and we look forward to his contributions as we continue to build out our commercial banking platform.\"\nMr. Stein is CEO of Resolution Analytica, a buyer of commercial judgments, and an operating adviser of KCK-US, Inc., a private equity firm. He was previously Managing Director in the Financial Institutions Group of Barclays advising banks, specialty finance companies and financial sponsors, and prior, was partner at FBR Capital Markets & Co. and group head of the Depository Investment Banking practice. Prior to FBR, Kevin was an executive at GreenPoint Financial Corporation where he held a number of senior roles including Director of Strategy and Corporate Development, EVP of Mortgage Banking, Chief Information Officer, and Division Director of Retail Banking. Prior to GreenPoint, Kevin was an Associate Director of the Federal Deposit Insurance Corporation. Mr. Stein is currently on the Board of PHH Corporation. He received his MBA from Carnegie Mellon University and his Bachelor of Science from Syracuse University.\nVincent F. Palagiano, Chairman of both the Company and bank, stated, \"Kevin's deep understanding of the banking industry will allow him to immediately add value to the Board. We are confident that Dime will benefit from his experience and insights.\"\nABOUT DIME COMMUNITY BANCSHARES, INC.\nThe Company had $6.44 billion in consolidated assets as of September 30, 2017, and is the parent company of the bank. The bank was founded in 1864, is headquartered in Brooklyn, New York, and currently has twenty-eight branches located throughout Brooklyn, Queens, the Bronx and Nassau County, New York. More information on the Company and the bank can be found on Dime's website at www.dime.com .\nContact: Anthony Rose, Executive Vice President and Director of Investor Relations. 718-782-6200 extension 5260\nSource:Dime Community Bancshares, Inc.", "external_links": ["https://www.globenewswire.com/NewsRoom/AttachmentNg/62df8943-672c-4844-903e-0d57b8e91cda"], "published": "2018-01-03T00:23:00.000+02:00", "crawled": "2018-01-03T02:21:41.020+02:00", "highlightTitle": ""}