{"organizations": [], "uuid": "59328f9381d567ce14dc4dffb34d6e9d1b4809ec", "thread": {"social": {"gplus": {"shares": 0}, "pinterest": {"shares": 0}, "vk": {"shares": 0}, "linkedin": {"shares": 0}, "facebook": {"likes": 0, "shares": 0, "comments": 0}, "stumbledupon": {"shares": 0}}, "site_full": "www.reuters.com", "main_image": "https://s4.reutersmedia.net/resources_v2/images/rcom-default.png", "site_section": "http://feeds.reuters.com/reuters/companyNews\r", "section_title": "Reuters: Company News", "url": "https://www.reuters.com/article/brief-northern-dynasty-minerals-says-us/brief-northern-dynasty-minerals-says-u-s-army-corps-of-engineers-confirmed-pebble-permit-application-complete-idUSFWN1P011N", "country": "US", "domain_rank": 408, "title": "BRIEF-Northern Dynasty Minerals Says U.S. Army Corps Of Engineers Confirmed Pebble Permit Application Complete", "performance_score": 0, "site": "reuters.com", "participants_count": 0, "title_full": "", "spam_score": 0.0, "site_type": "news", "published": "2018-01-06T02:01:00.000+02:00", "replies_count": 0, "uuid": "59328f9381d567ce14dc4dffb34d6e9d1b4809ec"}, "author": "", "url": "https://www.reuters.com/article/brief-northern-dynasty-minerals-says-us/brief-northern-dynasty-minerals-says-u-s-army-corps-of-engineers-confirmed-pebble-permit-application-complete-idUSFWN1P011N", "ord_in_thread": 0, "title": "BRIEF-Northern Dynasty Minerals Says U.S. Army Corps Of Engineers Confirmed Pebble Permit Application Complete", "locations": [], "entities": {"persons": [], "locations": [{"name": "us", "sentiment": "none"}], "organizations": [{"name": "brief-northern dynasty minerals says u.s. army", "sentiment": "negative"}, {"name": "brief-northern dynasty minerals says u.s. army corps of engineers confirmed pebble", "sentiment": "negative"}, {"name": "northern dynasty minerals ltd", "sentiment": "none"}, {"name": "engineers confirmed pebble permit application complete reuters staff", "sentiment": "none"}, {"name": "reuters", "sentiment": "none"}, {"name": "eikon", "sentiment": "none"}]}, "highlightText": "", "language": "english", "persons": [], "text": "January 6, 2018 / 12:01 AM / Updated 2 hours ago BRIEF-Northern Dynasty Minerals Says U.S. Army Corps Of Engineers Confirmed Pebble Permit Application Complete Reuters Staff 1 Min Read \nJan 5 (Reuters) - Northern Dynasty Minerals Ltd: \n* ‍NORTHERN DYNASTY: US ARMY CORPS OF ENGINEERS CONFIRMS PEBBLE PERMIT APPLICATION COMPLETE​ Source text for Eikon: Further company coverage:", "external_links": [], "published": "2018-01-06T02:01:00.000+02:00", "crawled": "2018-01-06T02:15:29.004+02:00", "highlightTitle": ""}