{"organizations": [], "uuid": "22066eac2ae4c66016c2ba15e37dd43e3814edc3", "thread": {"social": {"gplus": {"shares": 0}, "pinterest": {"shares": 0}, "vk": {"shares": 0}, "linkedin": {"shares": 0}, "facebook": {"likes": 0, "shares": 0, "comments": 0}, "stumbledupon": {"shares": 0}}, "site_full": "www.cnbc.com", "main_image": "https://fm.cnbc.com/applications/cnbc.com/resources/img/editorial/2016/10/27/104056607-20161027-2882-2295.1910x1000.jpg", "site_section": "http://www.cnbc.com/id/19854910/device/rss/rss.html", "section_title": "Tech", "url": "https://www.cnbc.com/2018/01/05/citi-says-amazon-is-its-favorite-internet-stock-raises-price-target-to-1400.html", "country": "US", "domain_rank": 767, "title": "Citi says Amazon is its favorite internet stock, raises price target to $1,400", "performance_score": 0, "site": "cnbc.com", "participants_count": 1, "title_full": "", "spam_score": 0.0, "site_type": "news", "published": "2018-01-05T16:30:00.000+02:00", "replies_count": 0, "uuid": "22066eac2ae4c66016c2ba15e37dd43e3814edc3"}, "author": "Tae Kim", "url": "https://www.cnbc.com/2018/01/05/citi-says-amazon-is-its-favorite-internet-stock-raises-price-target-to-1400.html", "ord_in_thread": 0, "title": "Citi says Amazon is its favorite internet stock, raises price target to $1,400", "locations": [], "entities": {"persons": [{"name": "citi resea", "sentiment": "neutral"}, {"name": "mark may", "sentiment": "none"}], "locations": [], "organizations": [{"name": "amazon", "sentiment": "negative"}, {"name": "citi", "sentiment": "negative"}, {"name": "amazon web service", "sentiment": "none"}]}, "highlightText": "", "language": "english", "persons": [], "text": "It will be another great year for Amazon shareholders, according to one Wall Street firm.\nCiti Research reiterated its buy rating for the internet giant's shares, predicting Amazon will generate strong growth.\n\"We remain bullish on the consumer Internet sector, especially near term considering that a positive, tax reform fueled, business climate should benefit the end-markets of the companies we cover,\" analyst Mark May wrote in a note to clients Friday. \"Amazon moves up a spot to become our top-ranked pick as we see the combination of >30% topline growth, margin expansion, and 20x '19 FCF as a compelling mix.\"\nMay increased his price target for Amazon shares to $1,400 from $1,250, representing 16 percent upside to Thursday's close.\nThe analyst predicts Amazon will be able to raise its operating profit margin to nearly 10 percent in three years from the current 6 percent level due to growth in its Amazon Web Services and advertising businesses.\n\"In 2018 we expect continued expansion in newer categories (e.g., healthcare/pharma) and moves to integrate Whole Foods into the core Prime offering,\" he wrote.\nAmazon shares rose 56 percent in 2017 versus the S&P 500's 19 percent gain.\nThe company's shares are up 0.5 percent in Friday's premarket session after the report.\n— CNBC's Michael Bloom contributed to this story.\nDisclaimer", "external_links": [], "published": "2018-01-05T16:30:00.000+02:00", "crawled": "2018-01-05T16:39:10.002+02:00", "highlightTitle": ""}