{"organizations": [], "uuid": "a79b0eb5b0e79c4e7ebf9db7aeb8fa42d3681751", "thread": {"social": {"gplus": {"shares": 0}, "pinterest": {"shares": 0}, "vk": {"shares": 0}, "linkedin": {"shares": 0}, "facebook": {"likes": 0, "shares": 0, "comments": 0}, "stumbledupon": {"shares": 0}}, "site_full": "www.cnbc.com", "main_image": "//sc.cnbcfm.com/applications/cnbc.com/staticcontent/img/cnbc_logo.gif", "site_section": "http://www.cnbc.com/id/10000027/page/3", "section_title": "Press Releases - CNBC", "url": "http://www.cnbc.com/2018/01/05/business-wire-the-walt-disney-company-executives-to-discuss-fiscal-first-quarter-2018-financial-results-via-webcast.html", "country": "US", "domain_rank": 767, "title": "The Walt Disney Company Executives to Discuss Fiscal First Quarter 2018 Financial Results via Webcast", "performance_score": 0, "site": "cnbc.com", "participants_count": 1, "title_full": "", "spam_score": 0.0, "site_type": "news", "published": "2018-01-05T23:00:00.000+02:00", "replies_count": 0, "uuid": "a79b0eb5b0e79c4e7ebf9db7aeb8fa42d3681751"}, "author": "cnbc.com", "url": "http://www.cnbc.com/2018/01/05/business-wire-the-walt-disney-company-executives-to-discuss-fiscal-first-quarter-2018-financial-results-via-webcast.html", "ord_in_thread": 0, "title": "The Walt Disney Company Executives to Discuss Fiscal First Quarter 2018 Financial Results via Webcast", "locations": [], "entities": {"persons": [], "locations": [{"name": "webcast burbank", "sentiment": "none"}, {"name": "calif.", "sentiment": "none"}], "organizations": [{"name": "walt disney company executives", "sentiment": "negative"}, {"name": "the walt disney company", "sentiment": "negative"}, {"name": "nyse", "sentiment": "negative"}, {"name": "walt disney company lowell", "sentiment": "none"}, {"name": "zenia mucha corporate communications", "sentiment": "none"}]}, "highlightText": "", "language": "english", "persons": [], "text": "BURBANK, Calif.--(BUSINESS WIRE)-- The Walt Disney Company (NYSE: DIS) will discuss fiscal first quarter 2018 financial results via a live audio webcast beginning at 4:30 p.m. EST / 1:30 p.m. PST on Tuesday, February 6, 2018.\nResults will be released after the close of regular trading on February 6, 2018.\nTo listen to the webcast, please visit www.disney.com/investors . The webcast presentation will be archived.\nView source version on businesswire.com : http://www.businesswire.com/news/home/20180105005249/en/\nThe Walt Disney Company\nLowell Singer\nInvestor Relations\n(818) 560-6601\nor\nZenia Mucha\nCorporate Communications\n(818) 560-5300\nSource: The Walt Disney Company", "external_links": ["http://cts.businesswire.com/ct/CT?id=smartlink&url=http%3A%2F%2Fwww.disney.com%2Finvestors&esheet=51738400&newsitemid=20180105005249&lan=en-US&anchor=www.disney.com%2Finvestors&index=1&md5=e82552e3c1ada68a2ea5763b936ad4d6", "http://www.businesswire.com/news/home/20180105005249/en/"], "published": "2018-01-05T23:00:00.000+02:00", "crawled": "2018-01-06T01:02:45.034+02:00", "highlightTitle": ""}