{"organizations": [], "uuid": "5df21ec2a93322c01cafe11c4146f578f7dcb777", "thread": {"social": {"gplus": {"shares": 0}, "pinterest": {"shares": 0}, "vk": {"shares": 0}, "linkedin": {"shares": 0}, "facebook": {"likes": 0, "shares": 0, "comments": 0}, "stumbledupon": {"shares": 0}}, "site_full": "www.reuters.com", "main_image": "https://s4.reutersmedia.net/resources_v2/images/rcom-default.png", "site_section": "http://feeds.reuters.com/reuters/companyNews\r", "section_title": "Reuters: Company News", "url": "https://www.reuters.com/article/brief-cyclacel-pharma-projects-cash-reso/brief-cyclacel-pharma-projects-cash-resources-to-fund-currently-planned-programs-through-end-of-2019-idUSFWN1P40HJ", "country": "US", "domain_rank": 408, "title": "BRIEF-Cyclacel Pharma Projects Cash Resources To Fund Currently Planned Programs Through End Of 2019", "performance_score": 0, "site": "reuters.com", "participants_count": 0, "title_full": "", "spam_score": 0.0, "site_type": "news", "published": "2018-01-09T14:17:00.000+02:00", "replies_count": 0, "uuid": "5df21ec2a93322c01cafe11c4146f578f7dcb777"}, "author": "", "url": "https://www.reuters.com/article/brief-cyclacel-pharma-projects-cash-reso/brief-cyclacel-pharma-projects-cash-resources-to-fund-currently-planned-programs-through-end-of-2019-idUSFWN1P40HJ", "ord_in_thread": 0, "title": "BRIEF-Cyclacel Pharma Projects Cash Resources To Fund Currently Planned Programs Through End Of 2019", "locations": [], "entities": {"persons": [], "locations": [], "organizations": [{"name": "cyclacel pharmaceuticals inc", "sentiment": "none"}, {"name": "reuters", "sentiment": "none"}, {"name": "eikon", "sentiment": "none"}, {"name": "fund currently planned programs through end of 2019 reuters", "sentiment": "none"}]}, "highlightText": "", "language": "english", "persons": [], "text": "January 9, 2018 / 12:17 PM / Updated 14 minutes ago BRIEF-Cyclacel Pharma Projects Cash Resources To Fund Currently Planned Programs Through End Of 2019 Reuters Staff 1 Min Read \nJan 9 (Reuters) - Cyclacel Pharmaceuticals Inc: \n* CYCLACEL PHARMACEUTICALS INC - CO PROJECTS CASH RESOURCES TO FUND CURRENTLY PLANNED PROGRAMS THROUGH END OF 2019 Source text for Eikon: Further company coverage:", "external_links": [], "published": "2018-01-09T14:17:00.000+02:00", "crawled": "2018-01-09T14:41:30.001+02:00", "highlightTitle": ""}