{"organizations": [], "uuid": "a2d375604d3b9337aa333b505e4956c1b28ad403", "thread": {"social": {"gplus": {"shares": 0}, "pinterest": {"shares": 0}, "vk": {"shares": 0}, "linkedin": {"shares": 0}, "facebook": {"likes": 0, "shares": 0, "comments": 0}, "stumbledupon": {"shares": 0}}, "site_full": "www.cnbc.com", "main_image": "//sc.cnbcfm.com/applications/cnbc.com/staticcontent/img/cnbc_logo.gif", "site_section": "http://www.cnbc.com/id/10000027", "section_title": "Press Releases - CNBC", "url": "http://www.cnbc.com/2018/01/04/business-wire-groundtruth-appoints-new-cmo-eric-hadley-and-svp-of-sales-jeff-hackett.html", "country": "US", "domain_rank": 767, "title": "GroundTruth Appoints New CMO Eric Hadley and SVP of Sales Jeff Hackett", "performance_score": 0, "site": "cnbc.com", "participants_count": 1, "title_full": "", "spam_score": 0.831, "site_type": "news", "published": "2018-01-04T17:00:00.000+02:00", "replies_count": 0, "uuid": "a2d375604d3b9337aa333b505e4956c1b28ad403"}, "author": "cnbc.com", "url": "http://www.cnbc.com/2018/01/04/business-wire-groundtruth-appoints-new-cmo-eric-hadley-and-svp-of-sales-jeff-hackett.html", "ord_in_thread": 0, "title": "GroundTruth Appoints New CMO Eric Hadley and SVP of Sales Jeff Hackett", "locations": [], "entities": {"persons": [{"name": "eric hadley", "sentiment": "negative"}, {"name": "jeff hackett", "sentiment": "negative"}], "locations": [{"name": "new york", "sentiment": "none"}, {"name": "north america sales", "sentiment": "none"}, {"name": "north america", "sentiment": "none"}], "organizations": [{"name": "svp", "sentiment": "negative"}, {"name": "microsoft", "sentiment": "none"}, {"name": "mission", "sentiment": "none"}]}, "highlightText": "", "language": "english", "persons": [], "text": "Location technology pioneer strengthens senior leadership as global demand rises for location data and insights in North America and abroad\nNEW YORK--(BUSINESS WIRE)-- GroundTruth , the leading global technology platform driving offline visits and sales by leveraging location as the primary source of intent, today announced the appointment of Chief Marketing Officer, Eric Hadley and Senior Vice President of North America Sales, Jeff Hackett .\nThis press release features multimedia. View the full release here: http://www.businesswire.com/news/home/20180104005692/en/\nGroundTruth appoints new Chief Marketing Officer Eric Hadley, former president of creative agency Mission, to strengthen senior leadership as global demand rises for location data and insights in North America and abroad. | www.groundtruth.com (Photo: Business Wire)\nEric Hadley brings more than 20 years of marketing and sales leadership experience to GroundTruth. As a 15-year veteran of Microsoft, he has a deep understanding on how to grow emerging tech companies and has helped position key brands including The Weather Channel , Pinterest , and Outbrain for strong success. Most recently, he served as president of creative agency, Mission . Hadley has also received industry-wide recognition as an American Advertising Federation Hall of Achievement winner and Ad Age Media Maven.\nIn this role, he will lead GroundTruth’s global marketing strategy, including communications, insights, and demand generation, in order to position the company for its next phase of growth. Hadley replaces former CMO, Monica Ho.\nPreviously with AdColony and comScore, Inc., Jeff Hackett will drive the sales organization’s growth across key agencies and brand categories, including Retail, Restaurant, Auto, and CPG. With an impressive track record growing media and mobile tech companies with brands including Bayer , L’Oréal , Mercedes-Benz , and Reckitt Benckiser Group while at Interpublic Group of Companies (IPG), Hackett will continue to strengthen the company’s expansion into new markets.\nBoth Hadley and Hackett will report in to GroundTruth President Serge Matta and will be headquartered in New York with global reach.\n“Eric has mastered the art and science of marketing backed by data to develop big ideas and long-lasting partnerships for household brands,” said Serge Matta, President, GroundTruth . “His knack for understanding consumer behavior is a skill that will continue to solidify our stance that location is the greatest source of intent. Jeff also joins GroundTruth at a pivotal time for our sales force as we continue to push forward into new vertical categories. Together, the two new executives bring immense experience that will accelerate and guide GroundTruth into 2018 and beyond.”\nThis momentum comes on the heels of GroundTruth’s 'Location for Good' collaboration with Taco Bell and strong H2 revenue growth .\nAbout GroundTruth\nGroundTruth is the leading global technology platform driving in-store visits and sales by leveraging location as the primary source of intent. We believe in the power of place. Build your brand, increase sales and grow your business by building off what real people are doing in the real world, mapped using our proprietary Blueprints technology. Through its data foundation, GroundTruth sees 2 out 3 smartphone users in the U.S. and more than 20 billion physical visits annually across 21 countries globally. Learn more: www.groundtruth.com .\nView source version on businesswire.com : http://www.businesswire.com/news/home/20180104005692/en/\nGroundTruth\nJessica Meyers, 646-634-7547\nJessica.Meyers@groundtruth.com\nor\nHotwire Global on behalf of GroundTruth\nJennifer Sricharoenchaikit, 617-943-1710\nGroundTruthUS@hotwireglobal.com\nSource: GroundTruth", "external_links": ["http://cts.businesswire.com/ct/CT?id=smartlink&url=https%3A%2F%2Fwww.businesswire.com%2Fnews%2Fhome%2F20170928005741%2Fen%2FGroundTruth-Taco-Bell-%25E2%2580%2598Location-Good%25E2%2580%2599-Campaign-Drives&esheet=51737483&newsitemid=20180104005692&lan=en-US&anchor=%27Location+for+Good%27+collaboration+with+Taco+Bell&index=5&md5=fdece1edc871b112b8ab8a9c34423ca1", "http://cts.businesswire.com/ct/CT?id=smartlink&url=https%3A%2F%2Fwww.groundtruth.com%2Fcompany%2F&esheet=51737483&newsitemid=20180104005692&lan=en-US&anchor=Serge+Matta%2C+President%2C+GroundTruth&index=4&md5=995ef51ac2004762c0d4ce348c49f608", "http://cts.businesswire.com/ct/CT?id=smartlink&url=https%3A%2F%2Fwww.linkedin.com%2Fin%2Feric-hadley-444ba941%2F&esheet=51737483&newsitemid=20180104005692&lan=en-US&anchor=Eric+Hadley&index=2&md5=195a4278d974f924d981d94e602e046f", "http://cts.businesswire.com/ct/CT?id=smartlink&url=https%3A%2F%2Fwww.globenewswire.com%2FTracker%3Fdata%3DbKKUDxMT_PG8U_aBFglMh6cfYjr7MUJa-qW1D4Vs_9Se4Ebu4Ko_ZFRzkSPYZ9e2kZlCLOJd_ch6bwRX8sapSFcAKsnLV7RC4R1XS9yW38Y%3D&esheet=51737483&newsitemid=20180104005692&lan=en-US&anchor=www.groundtruth.com&index=7&md5=629acce7e289453d91e0d91990c047b8", "http://cts.businesswire.com/ct/CT?id=smartlink&url=https%3A%2F%2Fwww.linkedin.com%2Fin%2Fjhackett%2F&esheet=51737483&newsitemid=20180104005692&lan=en-US&anchor=Jeff+Hackett&index=3&md5=31b895e0c7fb361be8b3dd89f7907a18", "http://cts.businesswire.com/ct/CT?id=smartlink&url=https%3A%2F%2Fwww.groundtruth.com%2F&esheet=51737483&newsitemid=20180104005692&lan=en-US&anchor=GroundTruth&index=1&md5=3d97006c72a13ce559e183fe4f305813", "http://www.businesswire.com/news/home/20180104005692/en/", "http://cts.businesswire.com/ct/CT?id=smartlink&url=https%3A%2F%2Fwww.businesswire.com%2Fnews%2Fhome%2F20170817005481%2Fen%2FGroundTruth-Reports-Strong-H1-Momentum-35-QoQ&esheet=51737483&newsitemid=20180104005692&lan=en-US&anchor=strong+H2+revenue+growth&index=6&md5=3ccfcab721d579b81804420f9dae50cb"], "published": "2018-01-04T17:00:00.000+02:00", "crawled": "2018-01-04T16:37:27.003+02:00", "highlightTitle": ""}