{"organizations": [], "uuid": "c8f8dfa5b7f4a54f4cec86904ce788c3e0c5a327", "thread": {"social": {"gplus": {"shares": 0}, "pinterest": {"shares": 0}, "vk": {"shares": 0}, "linkedin": {"shares": 0}, "facebook": {"likes": 12, "shares": 12, "comments": 0}, "stumbledupon": {"shares": 0}}, "site_full": "www.wsj.com", "main_image": "https://si.wsj.net/public/resources/images/BN-WV687_MONSAN_SOC_20180104092148.jpg", "site_section": "https://www.wsj.com/europe", "section_title": "The Wall Street Journal &amp; Breaking News, Business, Financial and Economic News, World News and Video", "url": "https://www.wsj.com/articles/monsanto-misses-views-ahead-of-sale-to-bayer-1515076258", "country": "US", "domain_rank": 387, "title": "Monsanto Expects Growth From Flagship Herbicide This Year", "performance_score": 0, "site": "wsj.com", "participants_count": 1, "title_full": "", "spam_score": 0.584, "site_type": "news", "published": "2018-01-04T21:33:00.000+02:00", "replies_count": 0, "uuid": "c8f8dfa5b7f4a54f4cec86904ce788c3e0c5a327"}, "author": "Jacob Bunge", "url": "https://www.wsj.com/articles/monsanto-misses-views-ahead-of-sale-to-bayer-1515076258", "ord_in_thread": 0, "title": "Monsanto Expects Growth From Flagship Herbicide This Year", "locations": [], "entities": {"persons": [], "locations": [], "organizations": [{"name": "monsanto", "sentiment": "negative"}, {"name": "monsanto co.", "sentiment": "negative"}, {"name": "bayer ag", "sentiment": "none"}]}, "highlightText": "", "language": "english", "persons": [], "text": "Monsanto Co. anticipates reaping bigger profits this year from its flagship weed killer.\nThe maker of Roundup herbicide said that higher generic prices for the product’s main chemical, glyphosate, would boost Monsanto’s business over the coming year as the company works to close its planned sale to Bayer AG.\nGlyphosate is the world’s most... To Read the Full Story Subscribe Sign In", "external_links": [], "published": "2018-01-04T21:33:00.000+02:00", "crawled": "2018-01-05T05:07:09.013+02:00", "highlightTitle": ""}