{"organizations": [], "uuid": "304877c929c3b650d8581eb2bb7fa25c85cb3ea3", "thread": {"social": {"gplus": {"shares": 0}, "pinterest": {"shares": 0}, "vk": {"shares": 0}, "linkedin": {"shares": 0}, "facebook": {"likes": 0, "shares": 0, "comments": 0}, "stumbledupon": {"shares": 0}}, "site_full": "www.reuters.com", "main_image": "https://s4.reutersmedia.net/resources_v2/images/rcom-default.png", "site_section": "http://www.reuters.com/resources/archive/us/20180108.html", "section_title": "Archive News &amp; Video for Monday, 08 Jan 2018 | Reuters.com", "url": "https://www.reuters.com/article/brief-givaudan-announces-management-chan/brief-givaudan-announces-management-changes-damico-to-replace-graber-idUSFWN1P3019", "country": "US", "domain_rank": 408, "title": "BRIEF-Givaudan announces management changes, D'Amico to replace Graber", "performance_score": 0, "site": "reuters.com", "participants_count": 1, "title_full": "", "spam_score": 0.0, "site_type": "news", "published": "2018-01-08T13:59:00.000+02:00", "replies_count": 0, "uuid": "304877c929c3b650d8581eb2bb7fa25c85cb3ea3"}, "author": "Reuters Editorial", "url": "https://www.reuters.com/article/brief-givaudan-announces-management-chan/brief-givaudan-announces-management-changes-damico-to-replace-graber-idUSFWN1P3019", "ord_in_thread": 0, "title": "BRIEF-Givaudan announces management changes, D'Amico to replace Graber", "locations": [], "entities": {"persons": [{"name": "d'amico", "sentiment": "negative"}, {"name": "givaudan sa", "sentiment": "negative"}, {"name": "graber", "sentiment": "negative"}], "locations": [{"name": "zurich", "sentiment": "none"}], "organizations": [{"name": "reuters", "sentiment": "negative"}, {"name": "eikon", "sentiment": "none"}]}, "highlightText": "", "language": "english", "persons": [], "text": "Jan 8 (Reuters) - Givaudan Sa:\n* SAYS ANNOUNCED TODAY THE APPOINTMENT OF LOUIE D’AMICO AS PRESIDENT OF THE FLAVOUR DIVISION AND A MEMBER OF THE EXECUTIVE COMMITTEE; D’AMICO WILL SUCCEED MAURICIO GRABER‍​ Source text for Eikon: Further company coverage: (Reporting By Zurich newsroom)\n ", "external_links": ["http://thomsonreuters.com/en/about-us/trust-principles.html"], "published": "2018-01-08T13:59:00.000+02:00", "crawled": "2018-01-09T17:20:23.000+02:00", "highlightTitle": ""}