{"organizations": [], "uuid": "e1b6eb8dfe548062486d06e1d8cbb87721a03b68", "thread": {"social": {"gplus": {"shares": 0}, "pinterest": {"shares": 0}, "vk": {"shares": 0}, "linkedin": {"shares": 0}, "facebook": {"likes": 0, "shares": 0, "comments": 0}, "stumbledupon": {"shares": 0}}, "site_full": "www.reuters.com", "main_image": "https://s4.reutersmedia.net/resources_v2/images/rcom-default.png", "site_section": "http://www.reuters.com/resources/archive/us/20180108.html", "section_title": "Archive News &amp; Video for Monday, 08 Jan 2018 | Reuters.com", "url": "https://www.reuters.com/article/brief-tirupati-industries-to-consider-is/brief-tirupati-industries-to-consider-issue-of-shares-convertible-warrants-on-preferential-basis-idUSFWN1P30EM", "country": "US", "domain_rank": 408, "title": "BRIEF-Tirupati Industries (India) To Consider Issue Of Shares/Convertible Warrants On Preferential Basis", "performance_score": 0, "site": "reuters.com", "participants_count": 1, "title_full": "", "spam_score": 0.005, "site_type": "news", "published": "2018-01-08T17:15:00.000+02:00", "replies_count": 0, "uuid": "e1b6eb8dfe548062486d06e1d8cbb87721a03b68"}, "author": "Reuters Editorial", "url": "https://www.reuters.com/article/brief-tirupati-industries-to-consider-is/brief-tirupati-industries-to-consider-issue-of-shares-convertible-warrants-on-preferential-basis-idUSFWN1P30EM", "ord_in_thread": 0, "title": "BRIEF-Tirupati Industries (India) To Consider Issue Of Shares/Convertible Warrants On Preferential Basis", "locations": [], "entities": {"persons": [], "locations": [{"name": "india", "sentiment": "none"}], "organizations": [{"name": "tirupati industries", "sentiment": "negative"}, {"name": "reuters", "sentiment": "negative"}, {"name": "brief-tirupati industries", "sentiment": "negative"}, {"name": "ltd", "sentiment": "negative"}]}, "highlightText": "", "language": "english", "persons": [], "text": "Jan 8 (Reuters) - Tirupati Industries (India) Ltd:\n* SAYS TO CONSIDER ISSUING SHARES/CONVERTIBLE WARRANTS ON PREFERENTIAL BASIS\n* SAYS TO CONSIDER INCREASING AUTHORIZED SHARE CAPITAL OF CO Source text - bit.ly/2CSGbX6 Further company coverage:\n ", "external_links": ["http://bit.ly/2CSGbX6", "http://thomsonreuters.com/en/about-us/trust-principles.html"], "published": "2018-01-08T17:15:00.000+02:00", "crawled": "2018-01-09T16:51:01.022+02:00", "highlightTitle": ""}