{"organizations": [], "uuid": "5b38865704a61f0af80f128013919666545f68a8", "thread": {"social": {"gplus": {"shares": 0}, "pinterest": {"shares": 0}, "vk": {"shares": 0}, "linkedin": {"shares": 0}, "facebook": {"likes": 0, "shares": 0, "comments": 0}, "stumbledupon": {"shares": 0}}, "site_full": "www.cnbc.com", "main_image": "https://fm.cnbc.com/applications/cnbc.com/resources/img/editorial/2018/01/09/104936735-3ED4-REQ-0109MichaelWolffV5.600x400.jpg", "site_section": "http://www.cnbc.com/id/100004038/device/rss/rss.html", "section_title": "Latest Video", "url": "https://www.cnbc.com/video/2018/01/09/if-russia-probe-goes-near-trumps-finances-hes-sunk-fire-and-fury-author-michael-wolff-says.html", "country": "US", "domain_rank": 767, "title": "If Russia probe goes near Trump's finances, 'he's sunk,' 'Fire and Fury' author Michael Wolff says", "performance_score": 0, "site": "cnbc.com", "participants_count": 0, "title_full": "", "spam_score": 0.0, "site_type": "news", "published": "2018-01-09T21:22:00.000+02:00", "replies_count": 0, "uuid": "5b38865704a61f0af80f128013919666545f68a8"}, "author": "", "url": "https://www.cnbc.com/video/2018/01/09/if-russia-probe-goes-near-trumps-finances-hes-sunk-fire-and-fury-author-michael-wolff-says.html", "ord_in_thread": 0, "title": "If Russia probe goes near Trump's finances, 'he's sunk,' 'Fire and Fury' author Michael Wolff says", "locations": [], "entities": {"persons": [{"name": "trump", "sentiment": "neutral"}, {"name": "michael wolff", "sentiment": "neutral"}], "locations": [{"name": "russia", "sentiment": "none"}], "organizations": []}, "highlightText": "", "language": "english", "persons": [], "text": "× × If Russia probe goes near Trump's finances, 'he's sunk,''Fire and Fury' author Michael Wolff says 1 Hour Ago Author Michael Wolff says people around President Trump think that if the Russia probe looks into the president's finances, it could be perilous for him.", "external_links": [], "published": "2018-01-09T21:22:00.000+02:00", "crawled": "2018-01-09T23:02:41.041+02:00", "highlightTitle": ""}