{"organizations": [], "uuid": "e187c4ed371c76829035a448f228c3b53e24c5ba", "thread": {"social": {"gplus": {"shares": 0}, "pinterest": {"shares": 0}, "vk": {"shares": 0}, "linkedin": {"shares": 0}, "facebook": {"likes": 0, "shares": 0, "comments": 0}, "stumbledupon": {"shares": 0}}, "site_full": "www.cnbc.com", "main_image": "//sc.cnbcfm.com/applications/cnbc.com/staticcontent/img/cnbc_logo.gif", "site_section": "http://www.cnbc.com/id/10000027/page/5", "section_title": "Press Releases - CNBC", "url": "http://www.cnbc.com/2018/01/02/business-wire-equity-alert-levi-korsinsky-llp-reminds-shareholders-of-osi-systems-inc-of-commencement-of-a-class-action-lawsuit-and-a-lead.html", "country": "US", "domain_rank": 767, "title": "EQUITY ALERT: Levi & Korsinsky, LLP Reminds Shareholders of OSI Systems, Inc. of Commencement of a Class Action Lawsuit and a Lead Plaintiff Deadline of February 5, 2018", "performance_score": 0, "site": "cnbc.com", "participants_count": 1, "title_full": "", "spam_score": 0.0, "site_type": "news", "published": "2018-01-02T23:15:00.000+02:00", "replies_count": 0, "uuid": "e187c4ed371c76829035a448f228c3b53e24c5ba"}, "author": "cnbc.com", "url": "http://www.cnbc.com/2018/01/02/business-wire-equity-alert-levi-korsinsky-llp-reminds-shareholders-of-osi-systems-inc-of-commencement-of-a-class-action-lawsuit-and-a-lead.html", "ord_in_thread": 0, "title": "EQUITY ALERT: Levi & Korsinsky, LLP Reminds Shareholders of OSI Systems, Inc. of Commencement of a Class Action Lawsuit and a Lead Plaintiff Deadline of February 5, 2018", "locations": [], "entities": {"persons": [{"name": "joseph e. levi", "sentiment": "none"}], "locations": [{"name": "new york", "sentiment": "none"}, {"name": "united states district court", "sentiment": "none"}, {"name": "albania shpk", "sentiment": "none"}, {"name": "esq.", "sentiment": "none"}, {"name": "albania", "sentiment": "none"}], "organizations": [{"name": "levi & korsinsky", "sentiment": "neutral"}, {"name": "osi systems, inc.", "sentiment": "neutral"}, {"name": "central district of california", "sentiment": "none"}, {"name": "osi systems", "sentiment": "none"}]}, "highlightText": "", "language": "english", "persons": [], "text": "NEW YORK--(BUSINESS WIRE)-- The following statement is being issued by Levi & Korsinsky, LLP:\nTo: All persons or entities who purchased or otherwise acquired securities of OSI Systems, Inc. (\"OSI Systems\") (NASDAQ: OSIS) between August 21, 2013 and December 6, 2017 . You are hereby notified that a securities class action lawsuit has been commenced in the United States District Court for the Central District of California. To get more information go to:\nhttp://www.zlk.com/plsra-c/osi-systems\nor contact Joseph E. Levi, Esq. either via email at jlevi@levikorsinsky.com or by telephone at (212) 363-7500, toll-free: (877) 363-5972. There is no cost or obligation to you.\nThe complaint alleges that throughout the class period Defendants issued materially false and/or misleading statements and/or failed to disclose that: (1) OSI Systems acquired the Albania concession through bribery or other illicit means; (2) OSI Systems transferred 49% of its project company associated with the Albania concession, S2 Albania SHPK, an entity allegedly worth millions, for consideration of less than $5.00; (3) OSI Systems engaged in other illegal acts, including improper sales and cash payments to government officials; (4) these practices caused OSI Systems to be vulnerable to potential civil and criminal liability; and (5) as a result, defendants’ statements about OSI Systems’ business, operations, and prospects, were materially false and/or misleading and/or lacked a reasonable basis.\nIf you suffered a loss in OSI Systems you have until February 5, 2018 to request that the Court appoint you as lead plaintiff. Your ability to share in any recovery doesn’t require that you serve as a lead plaintiff.\nLevi & Korsinsky is a national firm with offices in New York, California, Connecticut, and Washington D.C. The firm’s attorneys have extensive expertise and experience representing investors in securities litigation, and have recovered hundreds of millions of dollars for aggrieved shareholders. Attorney advertising. Prior results do not guarantee similar outcomes.\nView source version on businesswire.com : http://www.businesswire.com/news/home/20180102005651/en/\nLevi & Korsinsky, LLP\nJoseph E. Levi, Esq., 212-363-7500\nToll Free: 877-363-5972\nFax: 212-363-7171\nwww.zlk.com\nSource: Levi & Korsinsky, LLP", "external_links": ["http://cts.businesswire.com/ct/CT?id=smartlink&url=http%3A%2F%2Fwww.zlk.com&esheet=51736751&lan=en-US&anchor=www.zlk.com&index=2&md5=ac7e3972779abd21ec76d6b0c305ce08", "http://www.businesswire.com/news/home/20180102005651/en/", "http://www.zlk.com/plsra-c/osi-systems", "http://cts.businesswire.com/ct/CT?id=smartlink&url=http%3A%2F%2Fwww.zlk.com%2Fplsra-c%2Fosi-systems%3Fwire%3D2&esheet=51736751&newsitemid=20180102005651&lan=en-US&anchor=http%3A%2F%2Fwww.zlk.com%2Fplsra-c%2Fosi-systems&index=1&md5=1fdab0cbd77b48ee1217468d16583618"], "published": "2018-01-02T23:15:00.000+02:00", "crawled": "2018-01-03T00:24:42.044+02:00", "highlightTitle": ""}