{"organizations": [], "uuid": "1d362de9e3d1a66872560c180ff586177decbeb2", "thread": {"social": {"gplus": {"shares": 0}, "pinterest": {"shares": 0}, "vk": {"shares": 0}, "linkedin": {"shares": 0}, "facebook": {"likes": 0, "shares": 0, "comments": 0}, "stumbledupon": {"shares": 0}}, "site_full": "www.reuters.com", "main_image": "https://s4.reutersmedia.net/resources_v2/images/rcom-default.png", "site_section": "http://feeds.reuters.com/reuters/companyNews\r", "section_title": "Reuters: Company News", "url": "https://www.reuters.com/article/brief-mednax-announces-acquisition-of-ne/brief-mednax-announces-acquisition-of-neonatology-practice-in-california-idUSASB0C0HX", "country": "US", "domain_rank": 408, "title": "BRIEF-Mednax Announces Acquisition Of Neonatology Practice In California", "performance_score": 0, "site": "reuters.com", "participants_count": 0, "title_full": "", "spam_score": 0.0, "site_type": "news", "published": "2018-01-10T13:49:00.000+02:00", "replies_count": 0, "uuid": "1d362de9e3d1a66872560c180ff586177decbeb2"}, "author": "", "url": "https://www.reuters.com/article/brief-mednax-announces-acquisition-of-ne/brief-mednax-announces-acquisition-of-neonatology-practice-in-california-idUSASB0C0HX", "ord_in_thread": 0, "title": "BRIEF-Mednax Announces Acquisition Of Neonatology Practice In California", "locations": [], "entities": {"persons": [], "locations": [{"name": "california", "sentiment": "none"}, {"name": "california", "sentiment": "none"}], "organizations": [{"name": "reuters staff", "sentiment": "none"}, {"name": "reuters", "sentiment": "none"}, {"name": "eikon", "sentiment": "none"}, {"name": "mednax inc", "sentiment": "none"}]}, "highlightText": "", "language": "english", "persons": [], "text": "January 10, 2018 / 11:50 AM / in 17 minutes BRIEF-Mednax Announces Acquisition Of Neonatology Practice In California Reuters Staff \nJan 10 (Reuters) - Mednax Inc: \n* MEDNAX INC - ‍NO ADDITIONAL TERMS OF TRANSACTION WERE DISCLOSED​ \n* MEDNAX - DEAL WAS CASH TRANSACTION AND IT IS EXPECTED TO BE IMMEDIATELY ACCRETIVE TO EARNINGS \n* MEDNAX ANNOUNCES ACQUISITION OF NEONATOLOGY PRACTICE IN CALIFORNIA Source text for Eikon: Further company coverage:", "external_links": [], "published": "2018-01-10T13:49:00.000+02:00", "crawled": "2018-01-10T14:11:01.004+02:00", "highlightTitle": ""}