{"organizations": [], "uuid": "2f4da60ecc6f60339aad10f1e8862be262fce372", "thread": {"social": {"gplus": {"shares": 0}, "pinterest": {"shares": 0}, "vk": {"shares": 0}, "linkedin": {"shares": 0}, "facebook": {"likes": 0, "shares": 0, "comments": 0}, "stumbledupon": {"shares": 0}}, "site_full": "www.reuters.com", "main_image": "https://s4.reutersmedia.net/resources_v2/images/rcom-default.png", "site_section": "http://feeds.reuters.com/reuters/companyNews\r", "section_title": "Reuters: Company News", "url": "https://www.reuters.com/article/brief-dhx-brands-grows-teletubbies-in-ch/brief-dhx-brands-grows-teletubbies-in-china-with-new-toy-and-publishing-deals-idUSFWN1OZ0N9", "country": "US", "domain_rank": 408, "title": "BRIEF-DHX Brands Grows Teletubbies In China With New Toy And Publishing Deals", "performance_score": 0, "site": "reuters.com", "participants_count": 0, "title_full": "", "spam_score": 0.0, "site_type": "news", "published": "2018-01-04T15:17:00.000+02:00", "replies_count": 0, "uuid": "2f4da60ecc6f60339aad10f1e8862be262fce372"}, "author": "", "url": "https://www.reuters.com/article/brief-dhx-brands-grows-teletubbies-in-ch/brief-dhx-brands-grows-teletubbies-in-china-with-new-toy-and-publishing-deals-idUSFWN1OZ0N9", "ord_in_thread": 0, "title": "BRIEF-DHX Brands Grows Teletubbies In China With New Toy And Publishing Deals", "locations": [], "entities": {"persons": [], "locations": [{"name": "china", "sentiment": "none"}, {"name": "china", "sentiment": "none"}], "organizations": [{"name": "ew toy and publishing deals reuters", "sentiment": "none"}, {"name": "dhx media ltd", "sentiment": "none"}, {"name": "reuters", "sentiment": "none"}, {"name": "eikon", "sentiment": "none"}]}, "highlightText": "", "language": "english", "persons": [], "text": "Jan 4 (Reuters) - DHX Media Ltd:\n* DHX BRANDS GROWS TELETUBBIES IN CHINA WITH NEW TOY AND PUBLISHING DEALS Source text for Eikon: Further company coverage:\n ", "external_links": [], "published": "2018-01-04T15:17:00.000+02:00", "crawled": "2018-01-04T15:40:07.016+02:00", "highlightTitle": ""}