{"organizations": [], "uuid": "db2e21d1f1ca44a60c8942f470327ee374e035ac", "thread": {"social": {"gplus": {"shares": 0}, "pinterest": {"shares": 0}, "vk": {"shares": 0}, "linkedin": {"shares": 0}, "facebook": {"likes": 0, "shares": 0, "comments": 0}, "stumbledupon": {"shares": 0}}, "site_full": "www.wsj.com", "main_image": "https://si.wsj.net/public/resources/images/BN-WV689_3m2z2_TOP_20180104092319.jpg", "site_section": "https://www.wsj.com/news/business", "section_title": "Business &amp; Finance News - Wall Street Journal", "url": "https://www.wsj.com/articles/disasters-dont-whip-up-insurance-pricing-power-1515076478", "country": "US", "domain_rank": 387, "title": "Disasters Don’t Whip Up Insurance Pricing Power", "performance_score": 0, "site": "wsj.com", "participants_count": 1, "title_full": "", "spam_score": 0.0, "site_type": "news", "published": "2018-01-04T17:34:00.000+02:00", "replies_count": 0, "uuid": "db2e21d1f1ca44a60c8942f470327ee374e035ac"}, "author": "Paul J. Davies", "url": "https://www.wsj.com/articles/disasters-dont-whip-up-insurance-pricing-power-1515076478", "ord_in_thread": 0, "title": "Disasters Don’t Whip Up Insurance Pricing Power", "locations": [], "entities": {"persons": [], "locations": [{"name": "u.s.", "sentiment": "none"}, {"name": "california", "sentiment": "none"}, {"name": "caribbean", "sentiment": "none"}], "organizations": [{"name": "insurance pricing power global", "sentiment": "negative"}]}, "highlightText": "", "language": "english", "persons": [], "text": "Global insurers suffered one of the worst ever years for catastrophe claims in 2017 after three major hurricanes hit the Caribbean and U.S. and terrible wildfires swept California.\nAnd yet the reinsurers that backstop the industry’s worst losses are still struggling to lift prices at all, let alone impose the significant hikes that used to follow severe losses.\nTheir... To Read the Full Story Subscribe Sign In", "external_links": [], "published": "2018-01-04T17:34:00.000+02:00", "crawled": "2018-01-04T20:47:29.011+02:00", "highlightTitle": ""}