{"organizations": [], "uuid": "92cf6787827cddbc67b53ab91aed80b23826ab3c", "thread": {"social": {"gplus": {"shares": 0}, "pinterest": {"shares": 0}, "vk": {"shares": 0}, "linkedin": {"shares": 0}, "facebook": {"likes": 0, "shares": 0, "comments": 0}, "stumbledupon": {"shares": 0}}, "site_full": "www.reuters.com", "main_image": "https://s4.reutersmedia.net/resources_v2/images/rcom-default.png", "site_section": "http://feeds.reuters.com/reuters/companyNews\r", "section_title": "Reuters: Company News", "url": "https://www.reuters.com/article/brief-oncobiologics-files-prospectus-rel/brief-oncobiologics-files-prospectus-relating-to-disposition-of-up-to-37-8-mln-shares-by-selling-stockholder-idUSFWN1OX0O4", "country": "US", "domain_rank": 408, "title": "BRIEF-Oncobiologics Files Prospectus Relating To Disposition Of Up To 37.8 Mln Shares By Selling Stockholder", "performance_score": 0, "site": "reuters.com", "participants_count": 0, "title_full": "", "spam_score": 0.0, "site_type": "news", "published": "2018-01-02T23:57:00.000+02:00", "replies_count": 0, "uuid": "92cf6787827cddbc67b53ab91aed80b23826ab3c"}, "author": "", "url": "https://www.reuters.com/article/brief-oncobiologics-files-prospectus-rel/brief-oncobiologics-files-prospectus-relating-to-disposition-of-up-to-37-8-mln-shares-by-selling-stockholder-idUSFWN1OX0O4", "ord_in_thread": 0, "title": "BRIEF-Oncobiologics Files Prospectus Relating To Disposition Of Up To 37.8 Mln Shares By Selling Stockholder", "locations": [], "entities": {"persons": [], "locations": [], "organizations": [{"name": "sec", "sentiment": "none"}, {"name": "selling stockholder reuters staff", "sentiment": "none"}, {"name": "reuters", "sentiment": "none"}, {"name": "eikon", "sentiment": "none"}, {"name": "oncobiologics inc", "sentiment": "none"}]}, "highlightText": "", "language": "english", "persons": [], "text": "January 2, 2018 / 9:58 PM / Updated 17 minutes ago BRIEF-Oncobiologics Files Prospectus Relating To Disposition Of Up To 37.8 Mln Shares By Selling Stockholder Reuters Staff 1 Min Read \nJan 2 (Reuters) - Oncobiologics Inc: \n* ONCOBIOLOGICS FILES PROSPECTUS RELATING TO DISPOSITION OF UP TO 37.8 MILLION SHARES OF COMMON STOCK BY SELLING STOCKHOLDER - SEC FILING Source text for Eikon: ( bit.ly/2Csiaql ) Further company coverage:", "external_links": [], "published": "2018-01-02T23:57:00.000+02:00", "crawled": "2018-01-03T00:34:15.004+02:00", "highlightTitle": ""}