{"organizations": [], "uuid": "deac0d2cdf673087415afc779b36ceb7b0d3ab37", "thread": {"social": {"gplus": {"shares": 0}, "pinterest": {"shares": 0}, "vk": {"shares": 0}, "linkedin": {"shares": 0}, "facebook": {"likes": 0, "shares": 0, "comments": 0}, "stumbledupon": {"shares": 0}}, "site_full": "www.reuters.com", "main_image": "https://s4.reutersmedia.net/resources_v2/images/rcom-default.png", "site_section": "http://feeds.reuters.com/reuters/companyNews\r", "section_title": "Reuters: Company News", "url": "https://www.reuters.com/article/britain-stocks-factors/uk-stocks-factors-to-watch-on-jan-3-idUSL4N1OY1MT", "country": "US", "domain_rank": 408, "title": "UK Stocks-Factors to watch on Jan 3", "performance_score": 0, "site": "reuters.com", "participants_count": 0, "title_full": "", "spam_score": 0.0, "site_type": "news", "published": "2018-01-03T07:12:00.000+02:00", "replies_count": 0, "uuid": "deac0d2cdf673087415afc779b36ceb7b0d3ab37"}, "author": "", "url": "https://www.reuters.com/article/britain-stocks-factors/uk-stocks-factors-to-watch-on-jan-3-idUSL4N1OY1MT", "ord_in_thread": 0, "title": "UK Stocks-Factors to watch on Jan 3", "locations": [], "entities": {"persons": [{"name": "brexit", "sentiment": "none"}, {"name": "niki", "sentiment": "none"}], "locations": [{"name": "uk", "sentiment": "none"}, {"name": "air berlin", "sentiment": "none"}, {"name": "austria", "sentiment": "none"}, {"name": "london", "sentiment": "none"}, {"name": "britain", "sentiment": "none"}, {"name": "germany", "sentiment": "none"}], "organizations": [{"name": "reuters", "sentiment": "negative"}, {"name": "jan", "sentiment": "negative"}, {"name": "ryanair", "sentiment": "none"}, {"name": "ubs", "sentiment": "none"}, {"name": "iag", "sentiment": "none"}]}, "highlightText": "", "language": "english", "persons": [], "text": "January 3, 2018 / 5:13 AM / Updated 9 minutes ago UK Stocks-Factors to watch on Jan 3 Reuters Staff 2 Min Read \nJan 3 (Reuters) - Britain's FTSE 100 index is seen opening up 2 points at 7,649.6 on Wednesday, according to financial bookmakers. * ICAG: A group representing airline passengers has taken legal action to shift insolvency proceedings for budget airline Niki to Austria from Germany, in a move that could endanger the sale of the Air Berlin unit to Britain's IAG. * RYANAIR: Ryanair recently applied for a British air operating licence in a move it said on Tuesday may be required to keep its small domestic UK service operating in the event of a hard Brexit. * UBS/FCA: A former junior UBS trader, who is challenging a plan by Britain's regulator to ban him from financial services over Libor-related conduct, is alleging in a London court this week that his actions were sanctioned and mandated by managers. * The UK blue chip index ended the session 0.5 percent lower at 7,648.10 points on Tuesday, slightly underperforming European peers, with dollar-earning exporters hit hardest as sterling rose. * For more on the factors affecting European stocks, please click on: cpurl://apps.cp./cms/?pageId=livemarkets * UK CORPORATE DIARY: Next Plc Christmas Trading Update TODAY'S UK PAPERS > Financial Times > Other business headlines Multimedia versions of Reuters Top News are now available for: * 3000 Xtra : visit topnews.session.rservices.com * For Top News : topnews.reuters.com (Reporting by Rahul B in Bengaluru)", "external_links": [], "published": "2018-01-03T07:12:00.000+02:00", "crawled": "2018-01-03T07:29:20.000+02:00", "highlightTitle": ""}