{"organizations": [], "uuid": "ff0cbbaddaf36540bf2ee66188899b62f992ac77", "thread": {"social": {"gplus": {"shares": 0}, "pinterest": {"shares": 0}, "vk": {"shares": 0}, "linkedin": {"shares": 0}, "facebook": {"likes": 0, "shares": 0, "comments": 0}, "stumbledupon": {"shares": 0}}, "site_full": "www.wsj.com", "main_image": "https://si.wsj.net/public/resources/images/MN-AQ431_FENWIC_SOC_20180103172637.jpg", "site_section": "http://www.wsj.com/xml/rss/3_7201.xml", "section_title": "WSJ.com: Lifestyle", "url": "https://www.wsj.com/articles/one-of-silicon-valleys-biggest-properties-asks-30-million-1515077791", "country": "US", "domain_rank": 387, "title": "One of Silicon Valley’s Biggest Properties Asks $30 Million", "performance_score": 0, "site": "wsj.com", "participants_count": 1, "title_full": "", "spam_score": 0.0, "site_type": "news", "published": "2018-01-04T16:56:00.000+02:00", "replies_count": 0, "uuid": "ff0cbbaddaf36540bf2ee66188899b62f992ac77"}, "author": "Katherine Clarke", "url": "https://www.wsj.com/articles/one-of-silicon-valleys-biggest-properties-asks-30-million-1515077791", "ord_in_thread": 0, "title": "One of Silicon Valley’s Biggest Properties Asks $30 Million", "locations": [], "entities": {"persons": [{"name": "bob fenwick", "sentiment": "none"}], "locations": [{"name": "silicon valley", "sentiment": "none"}, {"name": "calif.", "sentiment": "none"}, {"name": "los altos hills", "sentiment": "none"}], "organizations": [{"name": "br communications", "sentiment": "none"}]}, "highlightText": "", "language": "english", "persons": [], "text": "A 48-acre hilltop estate in Los Altos Hills, Calif.—believed to be one of the largest properties in Silicon Valley—will list for $30 million.\nPurchased in 1983 for $2.45 million, the property previously had been used as a dairy farm, said seller Bob Fenwick, retired co-founder of BR Communications, a designer, manufacturer and seller of military-communications equipment, and his wife Jan.\n\n“My...  ", "external_links": [], "published": "2018-01-04T16:56:00.000+02:00", "crawled": "2018-01-04T17:44:22.050+02:00", "highlightTitle": ""}