{"organizations": [], "uuid": "a9eecc40b4248ca94b6c10fd36d98efcda72b444", "thread": {"social": {"gplus": {"shares": 0}, "pinterest": {"shares": 0}, "vk": {"shares": 0}, "linkedin": {"shares": 0}, "facebook": {"likes": 0, "shares": 0, "comments": 0}, "stumbledupon": {"shares": 0}}, "site_full": "www.reuters.com", "main_image": "https://s4.reutersmedia.net/resources_v2/images/rcom-default.png", "site_section": "http://feeds.reuters.com/reuters/companyNews\r", "section_title": "Reuters: Company News", "url": "https://www.reuters.com/article/us-canada-airport-crash/airliners-collide-at-torontos-pearson-airport-passengers-safe-idUSKBN1EV01G", "country": "US", "domain_rank": 408, "title": "Airliners collide at Toronto's Pearson Airport, passengers safe", "performance_score": 0, "site": "reuters.com", "participants_count": 0, "title_full": "", "spam_score": 0.0, "site_type": "news", "published": "2018-01-06T03:02:00.000+02:00", "replies_count": 0, "uuid": "a9eecc40b4248ca94b6c10fd36d98efcda72b444"}, "author": "", "url": "https://www.reuters.com/article/us-canada-airport-crash/airliners-collide-at-torontos-pearson-airport-passengers-safe-idUSKBN1EV01G", "ord_in_thread": 0, "title": "Airliners collide at Toronto's Pearson Airport, passengers safe", "locations": [], "entities": {"persons": [{"name": "julie gordon", "sentiment": "none"}, {"name": "jim finkle", "sentiment": "none"}, {"name": "sandra maler", "sentiment": "none"}], "locations": [{"name": "pearson airport", "sentiment": "none"}, {"name": "toronto", "sentiment": "none"}, {"name": "vancouver", "sentiment": "none"}, {"name": "toronto", "sentiment": "none"}], "organizations": [{"name": "airliners", "sentiment": "negative"}, {"name": "westjet airlines", "sentiment": "none"}, {"name": "reuters staff", "sentiment": "none"}, {"name": "pearson airport", "sentiment": "none"}, {"name": "sunwing airlines", "sentiment": "none"}, {"name": "westjet airlines", "sentiment": "none"}, {"name": "reuters", "sentiment": "none"}]}, "highlightText": "", "language": "english", "persons": [], "text": "January 6, 2018 / 1:08 AM / Updated 7 hours ago Planes collide at Toronto's Pearson Airport; passengers safe Julie Gordon 2 Min Read \n(Reuters) - Dozens of passengers were evacuated from an aircraft at Toronto’s Pearson Airport late on Friday after a plane under tow struck an arriving jet that was waiting to park, sparking a small fire, the airport authority said. \nFire and emergency services responded to the collision between the two planes from Sunwing Airlines and Westjet Airlines ( WJA.TO ), which happened at 6:19 p.m. (2319 GMT), the Greater Toronto Airport Authority said in a statement. \nCalgary-based Westjet said it had unconfirmed reports of “minor injuries” in the incident, but that all 168 passengers and six crew members on board its plane were safe and accounted for. \nThe jet, a Boeing 737-800, had just arrived in Toronto from the resort of Cancun, Mexico, and was waiting to proceed to the gate at the time of the collision, Westjet said. \nSunwing, part of the privately held Sunwing Travel Group, said there were no passengers or crew onboard its plane at the time of the collision and that the aircraft was being towed by ground handler Swissport International Ltd. \nA spokesman for the Transportation Safety Board, Canada’s transportation regulator, said a team was headed to the airport to investigate. \nSwissport, a provider of ground and cargo handling services for the aviation industry, confirmed late on Friday that one of its employees was involved in the collision and said it would cooperate in the investigation. \n“The incident occurred when our employee was pushing back the plane from the gate,” Pierre Payette, Swissport Canada Handling Inc vice president of operations for Toronto, said in a statement emailed to Reuters. “The impact caused a small fire in the empty aircraft’s exterior generator, which was quickly extinguished by the Fire Department.” Reporting by Julie Gordon in Vancouver and Jim Finkle in Toronto; Editing by Sandra Maler and Lisa Von Ahn", "external_links": [], "published": "2018-01-06T03:02:00.000+02:00", "crawled": "2018-01-06T03:17:09.056+02:00", "highlightTitle": ""}