{"organizations": [], "uuid": "45dcbbe62bfc950abf4942232e9800b930a98f1a", "thread": {"social": {"gplus": {"shares": 0}, "pinterest": {"shares": 0}, "vk": {"shares": 0}, "linkedin": {"shares": 0}, "facebook": {"likes": 0, "shares": 0, "comments": 0}, "stumbledupon": {"shares": 0}}, "site_full": "www.reuters.com", "main_image": "https://s4.reutersmedia.net/resources_v2/images/rcom-default.png", "site_section": "http://feeds.reuters.com/reuters/companyNews\r", "section_title": "Reuters: Company News", "url": "https://www.reuters.com/article/britain-press-ft/press-digest-financial-times-jan-5-idUSL4N1P005W", "country": "US", "domain_rank": 408, "title": "PRESS DIGEST- Financial Times - Jan 5", "performance_score": 0, "site": "reuters.com", "participants_count": 0, "title_full": "", "spam_score": 0.0, "site_type": "news", "published": "2018-01-05T02:50:00.000+02:00", "replies_count": 0, "uuid": "45dcbbe62bfc950abf4942232e9800b930a98f1a"}, "author": "", "url": "https://www.reuters.com/article/britain-press-ft/press-digest-financial-times-jan-5-idUSL4N1P005W", "ord_in_thread": 0, "title": "PRESS DIGEST- Financial Times - Jan 5", "locations": [], "entities": {"persons": [{"name": "- spotify", "sentiment": "none"}, {"name": "steinhoff", "sentiment": "none"}, {"name": "ben la grange", "sentiment": "none"}], "locations": [{"name": "uk", "sentiment": "none"}, {"name": "britain", "sentiment": "none"}], "organizations": [{"name": "financial times", "sentiment": "negative"}, {"name": "reuters", "sentiment": "negative"}, {"name": "steinhoff international holdings", "sentiment": "none"}, {"name": "society of motor manufacturers and traders", "sentiment": "none"}]}, "highlightText": "", "language": "english", "persons": [], "text": "January 5, 2018 / 12:54 AM / Updated an hour ago PRESS DIGEST- Financial Times - Jan 5 Reuters Staff 2 Min Read \nJan 5 (Reuters) - The following are the top stories in the Financial Times. Reuters has not verified these stories and does not vouch for their accuracy. \nHeadlines \n* Steinhoff CFO steps down amid probe into accounting irregularities on.ft.com/2AsaPBb \n* Spotify touts 70m subscribers as it prepares for public listing on.ft.com/2Aqs59U \n* MPs call for 25p 'latte levy' to combat UK disposable cup waste on.ft.com/2ArDiH6 \n* UK car sales tipped to shift down a gear on.ft.com/2AraIWw \nOverview \n- South African furniture retailer Steinhoff International Holdings’ CFO Ben la Grange, stepped down from his role on Thursday. \n- Spotify, in a tweet, said that it now has 70 million subscribers on its music streaming platform. \n- MPs in the UK have called for a “latte levy” of 25p to be added to a takeaway coffee’s price in order to cut back disposable cups thrown away each year. \n- The Society of Motor Manufacturers and Traders predicted said that Britain’s car market is set to weaken further this year. (Compiled by Bengaluru newsroom; Editing by Sandra Maler)", "external_links": [], "published": "2018-01-05T02:50:00.000+02:00", "crawled": "2018-01-05T03:23:04.002+02:00", "highlightTitle": ""}