{"organizations": [], "uuid": "c0a8338d2cbef41815d4a8f1a7ebf746817e6510", "thread": {"social": {"gplus": {"shares": 0}, "pinterest": {"shares": 0}, "vk": {"shares": 0}, "linkedin": {"shares": 0}, "facebook": {"likes": 0, "shares": 0, "comments": 0}, "stumbledupon": {"shares": 0}}, "site_full": "www.wsj.com", "main_image": "https://si.wsj.net/public/resources/images/BN-WX591_DOMINO_SOC_20180109175033.jpg", "site_section": "https://www.wsj.com/europe", "section_title": "The Wall Street Journal &amp; Breaking News, Business, Financial and Economic News, World News and Video", "url": "https://www.wsj.com/articles/dominos-ceo-j-patrick-doyle-to-step-down-in-june-1515538220", "country": "US", "domain_rank": 387, "title": "Domino’s CEO J. Patrick Doyle to Step Down in June", "performance_score": 0, "site": "wsj.com", "participants_count": 1, "title_full": "", "spam_score": 0.0, "site_type": "news", "published": "2018-01-10T05:50:00.000+02:00", "replies_count": 0, "uuid": "c0a8338d2cbef41815d4a8f1a7ebf746817e6510"}, "author": "Annie Gasparro", "url": "https://www.wsj.com/articles/dominos-ceo-j-patrick-doyle-to-step-down-in-june-1515538220", "ord_in_thread": 0, "title": "Domino’s CEO J. Patrick Doyle to Step Down in June", "locations": [], "entities": {"persons": [{"name": "j. patrick doyle", "sentiment": "negative"}, {"name": "doyle", "sentiment": "none"}], "locations": [{"name": "u.s.", "sentiment": "none"}], "organizations": [{"name": "pizza inc", "sentiment": "negative"}]}, "highlightText": "", "language": "english", "persons": [], "text": "Domino’s Pizza Inc. Chief Executive J. Patrick Doyle will step down at the end of June, after boosting the chain’s sales in recent years while rivals and other restaurant chains struggled.\n\nMr. Doyle, 54 years old, led Domino’s for eight years, during a tumultuous period for many U.S. food companies. Domino’s has fared better than most, posting rising quarterly same-store sales for more than six years. While public restaurant chains on average reported same-store sales declines for most of last year, Domino’s logged an average...  ", "external_links": [], "published": "2018-01-10T05:50:00.000+02:00", "crawled": "2018-01-10T08:14:00.011+02:00", "highlightTitle": ""}