{"organizations": [], "uuid": "b3ff944bee0cf6d0371c4eef9a2c4ffb70512c5d", "thread": {"social": {"gplus": {"shares": 0}, "pinterest": {"shares": 0}, "vk": {"shares": 0}, "linkedin": {"shares": 0}, "facebook": {"likes": 0, "shares": 0, "comments": 0}, "stumbledupon": {"shares": 0}}, "site_full": "www.reuters.com", "main_image": "https://s4.reutersmedia.net/resources_v2/images/rcom-default.png", "site_section": "http://www.newslookup.com/rss/newslookup-usnp.rss", "section_title": "US Newspapers: National", "url": "https://www.reuters.com/article/brief-lionhub-group-receives-notice-of-t/brief-lionhub-group-receives-notice-of-termination-of-investment-agreement-idUSFWN1P30Y8", "country": "US", "domain_rank": 408, "title": "BRIEF-Lionhub Group Receives Notice Of Termination Of Investment Agreement", "performance_score": 0, "site": "reuters.com", "participants_count": 0, "title_full": "", "spam_score": 0.0, "site_type": "news", "published": "2018-01-09T00:59:00.000+02:00", "replies_count": 0, "uuid": "b3ff944bee0cf6d0371c4eef9a2c4ffb70512c5d"}, "author": "", "url": "https://www.reuters.com/article/brief-lionhub-group-receives-notice-of-t/brief-lionhub-group-receives-notice-of-termination-of-investment-agreement-idUSFWN1P30Y8", "ord_in_thread": 0, "title": "BRIEF-Lionhub Group Receives Notice Of Termination Of Investment Agreement", "locations": [], "entities": {"persons": [], "locations": [], "organizations": []}, "highlightText": "", "language": "english", "persons": [], "text": "Jan 9 (Reuters) - Lionhub Group Ltd:\n* RECEIVED NOTICE FROM LU‘AN DEVELOPMENT ZONE MANAGEMENT COMMITTEE TO TERMINATE CO‘S INVESTMENT AGREEMENT WITH LU‘AN CITY PEOPLE‘S GOVERNMENT Source text for Eikon: Further company coverage:\n ", "external_links": [], "published": "2018-01-09T00:59:00.000+02:00", "crawled": "2018-01-09T09:40:14.572+02:00", "highlightTitle": ""}