{"organizations": [], "uuid": "3457313297bad8d2d9da3de83425d82073376ecb", "thread": {"social": {"gplus": {"shares": 0}, "pinterest": {"shares": 0}, "vk": {"shares": 0}, "linkedin": {"shares": 0}, "facebook": {"likes": 0, "shares": 0, "comments": 0}, "stumbledupon": {"shares": 0}}, "site_full": "www.reuters.com", "main_image": "https://s4.reutersmedia.net/resources_v2/images/rcom-default.png", "site_section": "http://feeds.reuters.com/reuters/companyNews\r", "section_title": "Reuters: Company News", "url": "https://www.reuters.com/article/allstate-corp-moves-mario-rizzo/moves-insurer-allstate-names-mario-rizzo-as-new-cfo-idUSL4N1OZ4PS", "country": "US", "domain_rank": 408, "title": "MOVES-Insurer Allstate names Mario Rizzo as new CFO", "performance_score": 0, "site": "reuters.com", "participants_count": 0, "title_full": "", "spam_score": 0.0, "site_type": "news", "published": "2018-01-04T23:40:00.000+02:00", "replies_count": 0, "uuid": "3457313297bad8d2d9da3de83425d82073376ecb"}, "author": "", "url": "https://www.reuters.com/article/allstate-corp-moves-mario-rizzo/moves-insurer-allstate-names-mario-rizzo-as-new-cfo-idUSL4N1OZ4PS", "ord_in_thread": 0, "title": "MOVES-Insurer Allstate names Mario Rizzo as new CFO", "locations": [], "entities": {"persons": [{"name": "mario rizzo", "sentiment": "negative"}, {"name": "thomas wilson", "sentiment": "none"}, {"name": "glenn shapiro", "sentiment": "none"}, {"name": "nikhil subba", "sentiment": "none"}, {"name": "wilson", "sentiment": "none"}, {"name": "suzanne barlyn", "sentiment": "none"}, {"name": "matthew winter", "sentiment": "none"}, {"name": "steven shebik", "sentiment": "none"}, {"name": "rizzo", "sentiment": "none"}, {"name": "shebik", "sentiment": "none"}, {"name": "shounak dasgupta", "sentiment": "none"}], "locations": [{"name": "northbrook", "sentiment": "none"}, {"name": "new york", "sentiment": "none"}, {"name": "bengaluru", "sentiment": "none"}], "organizations": [{"name": "reuters", "sentiment": "negative"}, {"name": "allstate", "sentiment": "negative"}, {"name": "allstate corp", "sentiment": "none"}]}, "highlightText": "", "language": "english", "persons": [], "text": "January 4, 2018 / 9:44 PM / in 7 minutes MOVES-Insurer Allstate names Mario Rizzo as new CFO Reuters Staff 1 Min Read \nJan 4 (Reuters) - Property & casualty insurer Allstate Corp named Mario Rizzo as its new chief financial officer replacing Steven Shebik. \nRizzo has been the senior vice president and chief financial officer of Allstate’s personal lines business since June 2014. \nThe insurer also promoted Shebik as vice chairman. ( bit.ly/2qpn7uh ) \nThe company said Chief Executive Thomas Wilson will take on the additional role of president following Matthew Winter’s plan to retire on Feb. 23. \nAllstate had been preparing for Winter’s departure for about a year by shifting around its executive ranks, Wilson told Reuters. \nIn addition, the Northbrook, Illinois-based company also named Glenn Shapiro as president of Allstate personal lines. (Reporting by Nikhil Subba in Bengaluru and Suzanne Barlyn in New York; Editing by Shounak Dasgupta)", "external_links": [], "published": "2018-01-04T23:40:00.000+02:00", "crawled": "2018-01-04T23:53:21.010+02:00", "highlightTitle": ""}