{"organizations": [], "uuid": "ceef38f7a96804e9e2c465477ef39b3e7619c915", "thread": {"social": {"gplus": {"shares": 0}, "pinterest": {"shares": 0}, "vk": {"shares": 0}, "linkedin": {"shares": 0}, "facebook": {"likes": 0, "shares": 0, "comments": 0}, "stumbledupon": {"shares": 0}}, "site_full": "www.cnbc.com", "main_image": "https://fm.cnbc.com/applications/cnbc.com/resources/img/editorial/2018/01/10/104938104-4ED3-WEX-011018-DavidBloom.600x400.jpg", "site_section": "http://www.cnbc.com/id/100004038/device/rss/rss.html", "section_title": "Latest Video", "url": "https://www.cnbc.com/video/2018/01/10/hsbcs-bloom-choose-wisely-in-currencies-theres-a-lot-on-the-table.html", "country": "US", "domain_rank": 767, "title": "HSBC's Bloom: Choose wisely in currencies, there's a lot on the table", "performance_score": 0, "site": "cnbc.com", "participants_count": 0, "title_full": "", "spam_score": 0.0, "site_type": "news", "published": "2018-01-10T13:38:00.000+02:00", "replies_count": 0, "uuid": "ceef38f7a96804e9e2c465477ef39b3e7619c915"}, "author": "", "url": "https://www.cnbc.com/video/2018/01/10/hsbcs-bloom-choose-wisely-in-currencies-theres-a-lot-on-the-table.html", "ord_in_thread": 0, "title": "HSBC's Bloom: Choose wisely in currencies, there's a lot on the table", "locations": [], "entities": {"persons": [{"name": "david bloom of hsb", "sentiment": "negative"}], "locations": [], "organizations": [{"name": "hsbc", "sentiment": "negative"}]}, "highlightText": "", "language": "english", "persons": [], "text": "HSBC's Bloom: Choose wisely in currencies, there's a lot on the table 8 Hours Ago David Bloom of HSBC says he's still bearish on sterling this year, and the dollar is benign, which is great for emerging market currencies.", "external_links": [], "published": "2018-01-10T13:38:00.000+02:00", "crawled": "2018-01-10T15:41:19.004+02:00", "highlightTitle": ""}