{"organizations": [], "uuid": "e670e65e35bb7d70f1c0485a4bfce45a421b6c11", "thread": {"social": {"gplus": {"shares": 0}, "pinterest": {"shares": 0}, "vk": {"shares": 0}, "linkedin": {"shares": 0}, "facebook": {"likes": 0, "shares": 0, "comments": 0}, "stumbledupon": {"shares": 0}}, "site_full": "www.cnbc.com", "main_image": "https://fm.cnbc.com/applications/cnbc.com/resources/img/editorial/2017/11/03/104818450-GettyImages-869498952-donald-trump.1910x1000.jpg", "site_section": "", "section_title": "", "url": "https://www.cnbc.com/2018/01/03/trump-signs-order-disbanding-voter-fraud-commission.html", "country": "US", "domain_rank": 767, "title": "Trump signs order disbanding voter fraud commission", "performance_score": 0, "site": "cnbc.com", "participants_count": 0, "title_full": "", "spam_score": 0.241, "site_type": "news", "published": "2018-01-04T03:16:00.000+02:00", "replies_count": 0, "uuid": "e670e65e35bb7d70f1c0485a4bfce45a421b6c11"}, "author": "Getty Images", "url": "https://www.cnbc.com/2018/01/03/trump-signs-order-disbanding-voter-fraud-commission.html", "ord_in_thread": 0, "title": "Trump signs order disbanding voter fraud commission", "locations": [], "entities": {"persons": [{"name": "trump", "sentiment": "neutral"}, {"name": "donald trump", "sentiment": "neutral"}, {"name": "sarah huckabee sanders", "sentiment": "none"}], "locations": [], "organizations": [{"name": "associated press donald trump", "sentiment": "none"}, {"name": "department of homeland security", "sentiment": "none"}, {"name": "presidential advisory commission on election integrity", "sentiment": "none"}, {"name": "white house", "sentiment": "none"}]}, "highlightText": "", "language": "english", "persons": [], "text": "Trump signs order disbanding voter fraud commission President Donald Trump signed an executive order disbanding his voter fraud commission A White House statement blamed the decision on some states that refused to provide voter information Past studies have found voter fraud to be exceptionally rare Published 10 Hours Ago Donald Trump \nPresident Donald Trump has signed an executive order disbanding his voter fraud commission. \nA White House statement is blaming the decision on numerous states that have refused to provide voter information to the Presidential Advisory Commission on Election Integrity. \nWhite House spokeswoman Sarah Huckabee Sanders says that, \"Rather than engage in endless legal battles at taxpayer expense,\" Trump has signed an order to dissolve the commission and asked the Department of Homeland Security to determine the administration's next steps. \nCritics saw the commission as part of a conservative campaign to strip minority voters and poor people from the voter rolls, and to justify unfounded claims made by Trump that voter fraud cost him the popular vote in 2016. \nPast studies have found voter fraud to be exceptionally rare. ", "external_links": [], "published": "2018-01-04T03:16:00.000+02:00", "crawled": "2018-01-04T03:16:33.002+02:00", "highlightTitle": ""}