{"organizations": [], "uuid": "50893f7d0459244d125fd53f1f52c5b7992aa29b", "thread": {"social": {"gplus": {"shares": 0}, "pinterest": {"shares": 0}, "vk": {"shares": 0}, "linkedin": {"shares": 0}, "facebook": {"likes": 0, "shares": 0, "comments": 0}, "stumbledupon": {"shares": 0}}, "site_full": "www.cnbc.com", "main_image": "//sc.cnbcfm.com/applications/cnbc.com/staticcontent/img/cnbc_logo.gif", "site_section": "http://www.cnbc.com/id/10000027/page/4", "section_title": "Press Releases - CNBC", "url": "http://www.cnbc.com/2018/01/09/globe-newswire-independent-bank-group-inc-announces-q4-and-year-end-2017-earnings-call.html", "country": "US", "domain_rank": 767, "title": "Independent Bank Group, Inc. Announces Q4 and Year End 2017 Earnings Call", "performance_score": 0, "site": "cnbc.com", "participants_count": 1, "title_full": "", "spam_score": 0.0, "site_type": "news", "published": "2018-01-10T00:09:00.000+02:00", "replies_count": 0, "uuid": "50893f7d0459244d125fd53f1f52c5b7992aa29b"}, "author": "cnbc.com", "url": "http://www.cnbc.com/2018/01/09/globe-newswire-independent-bank-group-inc-announces-q4-and-year-end-2017-earnings-call.html", "ord_in_thread": 0, "title": "Independent Bank Group, Inc. Announces Q4 and Year End 2017 Earnings Call", "locations": [], "entities": {"persons": [], "locations": [{"name": "texas", "sentiment": "none"}, {"name": "mckinney", "sentiment": "none"}], "organizations": [{"name": "independent bank group, inc.", "sentiment": "neutral"}, {"name": "independent bank group, inc", "sentiment": "neutral"}, {"name": "about independent bank group independent bank group", "sentiment": "none"}, {"name": "independent bank group", "sentiment": "none"}, {"name": "independent bank", "sentiment": "none"}]}, "highlightText": "", "language": "english", "persons": [], "text": "MCKINNEY, Texas, Jan. 09, 2018 (GLOBE NEWSWIRE) -- Independent Bank Group, Inc. (NASDAQ:IBTX), the holding company for Independent Bank, will hold a conference call to discuss 2017 fourth quarter and year end results on Tuesday, January 30, 2018 at 8:30 am EST. The related press release will be issued Monday, January 29, 2018 at 5:00 pm EST.\nConference Call Details\nThe call can be accessed by calling 1-877-303-7611 and by identifying the conference ID number 1591029 or by identifying \"Independent Bank Group Fourth Quarter 2017 Earnings Conference Call\". The conference materials will also be available by accessing the Investor Relations page of our website, www.ibtx.com . A recording of the conference call and the conference materials will be available from January 30, 2018 through February 6, 2018 on our website.\nAbout Independent Bank Group\nIndependent Bank Group, through its wholly owned subsidiary, Independent Bank, provides a wide range of relationship-driven commercial banking products and services tailored to meet the needs of businesses, professionals and individuals. Independent Bank Group operates 70 banking offices in four market regions located in the Dallas/Fort Worth, Austin and Houston, Texas and the Colorado Front Range areas.\nContacts:\nAnalysts/Investors:\nMichelle Hickox\nExecutive Vice President and Chief Financial Officer\n(972) 562-9004\nmhickox@ibtx.com\nMedia:\nPeggy Smolen\nMarketing and Communications Director\n(972) 562-9004\npsmolen@ibtx.com\nSource:Independent Bank Group, Inc", "external_links": ["https://www.globenewswire.com/Tracker?data=Gw1Ig_seESxxguzN9x_97tm6fQeFzbpgKPF_OiilBs23ALJMCJo2YTPsHlL3lSPii_AHBZi875oBuxtRrpiwag=="], "published": "2018-01-10T00:09:00.000+02:00", "crawled": "2018-01-10T02:08:26.002+02:00", "highlightTitle": ""}