{"organizations": [], "uuid": "e6166f741945f435947ce5c16ddd05abfc4a8d6c", "thread": {"social": {"gplus": {"shares": 0}, "pinterest": {"shares": 0}, "vk": {"shares": 0}, "linkedin": {"shares": 0}, "facebook": {"likes": 0, "shares": 0, "comments": 0}, "stumbledupon": {"shares": 0}}, "site_full": "www.reuters.com", "main_image": "https://s4.reutersmedia.net/resources_v2/images/rcom-default.png", "site_section": "http://feeds.reuters.com/reuters/companyNews\r", "section_title": "Reuters: Company News", "url": "https://www.reuters.com/article/brief-reven-housing-reit-announces-acqui/brief-reven-housing-reit-announces-acquisition-of-48-homes-in-birmingham-al-idUSASB0BZI1", "country": "US", "domain_rank": 408, "title": "BRIEF-Reven Housing REIT Announces Acquisition Of 48 Homes In Birmingham, AL", "performance_score": 0, "site": "reuters.com", "participants_count": 0, "title_full": "", "spam_score": 0.0, "site_type": "news", "published": "2018-01-02T23:16:00.000+02:00", "replies_count": 0, "uuid": "e6166f741945f435947ce5c16ddd05abfc4a8d6c"}, "author": "", "url": "https://www.reuters.com/article/brief-reven-housing-reit-announces-acqui/brief-reven-housing-reit-announces-acquisition-of-48-homes-in-birmingham-al-idUSASB0BZI1", "ord_in_thread": 0, "title": "BRIEF-Reven Housing REIT Announces Acquisition Of 48 Homes In Birmingham, AL", "locations": [], "entities": {"persons": [], "locations": [{"name": "birming", "sentiment": "none"}, {"name": "birmingham", "sentiment": "none"}, {"name": "birmingham", "sentiment": "none"}], "organizations": [{"name": "brief-reven housing", "sentiment": "negative"}, {"name": "al reuters staff", "sentiment": "none"}, {"name": "reuters", "sentiment": "none"}, {"name": "eikon", "sentiment": "none"}, {"name": "reven housing reit inc", "sentiment": "none"}]}, "highlightText": "", "language": "english", "persons": [], "text": " 16 PM / Updated 5 minutes ago BRIEF-Reven Housing REIT Announces Acquisition Of 48 Homes In Birmingham, AL Reuters Staff 1 Min Read \nJan 2 (Reuters) - Reven Housing Reit Inc: \n* REVEN HOUSING REIT, INC. ANNOUNCES ACQUISITION OF 48 HOMES IN BIRMINGHAM, AL Source text for Eikon: Further company coverage:", "external_links": [], "published": "2018-01-02T23:16:00.000+02:00", "crawled": "2018-01-02T23:25:04.002+02:00", "highlightTitle": ""}