{"organizations": [], "uuid": "490eb881d6659e9d8c0a0f6c722845b5b9c62c84", "thread": {"social": {"gplus": {"shares": 0}, "pinterest": {"shares": 0}, "vk": {"shares": 0}, "linkedin": {"shares": 0}, "facebook": {"likes": 0, "shares": 0, "comments": 0}, "stumbledupon": {"shares": 0}}, "site_full": "uk.reuters.com", "main_image": "https://yospace-cds1.reuters.com/u/resize~ad1~1200cce51a257e0-1515195257964?width=640&location=LANDSCAPE&videoId=RCV004BM8", "site_section": "http://feeds.reuters.com/reuters/UKVideoLatest", "section_title": "Reuters Video: Latest Videos UK", "url": "https://uk.reuters.com/video/2018/01/06/budget-battle-in-congress-risks-us-readi?videoId=379353143", "country": "US", "domain_rank": 408, "title": "Budget battle in Congress risks U.S. readiness", "performance_score": 0, "site": "reuters.com", "participants_count": 0, "title_full": "", "spam_score": 0.0, "site_type": "news", "published": "2018-01-06T18:24:00.000+02:00", "replies_count": 0, "uuid": "490eb881d6659e9d8c0a0f6c722845b5b9c62c84"}, "author": "", "url": "https://uk.reuters.com/video/2018/01/06/budget-battle-in-congress-risks-us-readi?videoId=379353143", "ord_in_thread": 0, "title": "Budget battle in Congress risks U.S. readiness", "locations": [], "entities": {"persons": [], "locations": [{"name": "u.s.", "sentiment": "none"}], "organizations": [{"name": "congress", "sentiment": "negative"}, {"name": "pentagon", "sentiment": "negative"}]}, "highlightText": "", "language": "english", "persons": [], "text": "Budget battle in Congress risks U.S. readiness 4:24pm GMT - 02:01 \nPentagon planners warn a series of short-term budget deals and delays are having a real impact on national defense.. Everything from shipbuilding to live fire exercises are getting pushed back or put on hold. The end result, military leaders worry, is a fighting force that's less ready and less well-equipped.   \nPentagon planners warn a series of short-term budget deals and delays are having a real impact on national defense.. Everything from shipbuilding to live fire exercises are getting pushed back or put on hold. The end result, military leaders worry, is a fighting force that's less ready and less well-equipped.  //uk.reuters.com/video/2018/01/06/budget-battle-in-congress-risks-us-readi?videoId=379353143&videoChannel=1", "external_links": [], "published": "2018-01-06T18:24:00.000+02:00", "crawled": "2018-01-06T18:56:01.068+02:00", "highlightTitle": ""}