{"organizations": [], "uuid": "b2f3545e84cd6e6d55aa3fc41a87271b363d3e43", "thread": {"social": {"gplus": {"shares": 0}, "pinterest": {"shares": 0}, "vk": {"shares": 0}, "linkedin": {"shares": 0}, "facebook": {"likes": 0, "shares": 0, "comments": 0}, "stumbledupon": {"shares": 0}}, "site_full": "www.cnbc.com", "main_image": "//sc.cnbcfm.com/applications/cnbc.com/staticcontent/img/cnbc_logo.gif", "site_section": "http://www.cnbc.com/id/10000027", "section_title": "Press Releases - CNBC", "url": "http://www.cnbc.com/2018/01/05/globe-newswire-novan-announces-pricing-of-38-point-0-million-offering-of-common-stock-and-warrants.html", "country": "US", "domain_rank": 767, "title": "Novan Announces Pricing of $38.0 Million Offering of Common Stock and Warrants", "performance_score": 0, "site": "cnbc.com", "participants_count": 1, "title_full": "", "spam_score": 0.0, "site_type": "news", "published": "2018-01-05T17:00:00.000+02:00", "replies_count": 0, "uuid": "b2f3545e84cd6e6d55aa3fc41a87271b363d3e43"}, "author": "cnbc.com", "url": "http://www.cnbc.com/2018/01/05/globe-newswire-novan-announces-pricing-of-38-point-0-million-offering-of-common-stock-and-warrants.html", "ord_in_thread": 0, "title": "Novan Announces Pricing of $38.0 Million Offering of Common Stock and Warrants", "locations": [], "entities": {"persons": [{"name": "novan", "sentiment": "none"}], "locations": [{"name": "morrisville", "sentiment": "none"}, {"name": "n.c.", "sentiment": "none"}, {"name": "novan", "sentiment": "none"}], "organizations": [{"name": "novan, inc.", "sentiment": "neutral"}, {"name": "securities and exchange commission", "sentiment": "none"}, {"name": "sec", "sentiment": "none"}, {"name": "novn", "sentiment": "none"}, {"name": "piper jaffray & co.", "sentiment": "none"}]}, "highlightText": "", "language": "english", "persons": [], "text": "MORRISVILLE, N.C., Jan. 05, 2018 (GLOBE NEWSWIRE) -- Novan, Inc. (\"the Company\" or \"Novan\") (NASDAQ:NOVN) today announced the pricing of the Company's underwritten offering of 10 million shares of its common stock and accompanying warrants to purchase up to 10 million shares of common stock with an exercise price of $4.66. The shares and warrants are being sold at a public offering price of $3.80 per share and accompanying warrant. The gross proceeds from this offering to Novan are expected to be approximately $38.0 million, before deducting underwriting discounts and commissions and other estimated offering expenses payable by Novan, and excluding the exercise of any warrants. The offering is expected to close on or about January 9, 2018, subject to customary closing conditions.\nPiper Jaffray & Co. is acting as the sole manager for the offering.\nThe securities described above are being offered by Novan pursuant to a shelf registration statement filed by Novan Commission (\"SEC\") that became effective on October 10, 2017. A preliminary prospectus supplement related to the offering was filed with the SEC and is available on, and a final prospectus supplement will be filed with the SEC and available on, the SEC's website located at http://www.sec.gov . Copies of the final prospectus supplement and the accompanying prospectus related to this offering, when available, may be obtained from Piper Jaffray & Co., by mail at Attention: Prospectus Department, 800 Nicollet Mall, J12S03, Minneapolis, MN 55402, by telephone at (800) 747-3924 or by email at prospectus@pjc.com .\nThis press release shall not constitute an offer to sell or the solicitation of an offer to buy these securities, nor shall there be any sale of these securities in any state or other jurisdiction in which such offer, solicitation or sale would be unlawful prior to the registration or qualification under the securities laws of any such state or other jurisdiction.\nAbout Novan\nNovan, Inc. is a clinical-stage biotechnology company focused on leveraging nitric oxide’s natural antiviral and immunomodulatory mechanisms of action to treat dermatological and oncovirus-mediated diseases. We believe that our ability to conveniently deploy nitric oxide in a solid form, on demand and in localized formulations allows us the potential to significantly improve patient outcomes in a variety of diseases.\nForward-Looking Statements\nThis press release contains including, but not limited to, statements related to expectations about the completion of and proceeds from a public offering. Forward-looking statements are subject to a number of risks and uncertainties that could cause actual results to our expectations, including, but not limited to, risks and uncertainties related to the satisfaction of customary closing conditions for the offering and other risks and uncertainties described in our annual report filed with the SEC on Form 10-K for the twelve months ended Dec. 31, 2016, and in our subsequent filings with the SEC. These speak only as of the date of this press release, and Novan disclaims any intent or obligation to update these to reflect events or circumstances after the date of such statements, except as may be required by law.\nCONTACT:\n(Investors)\nNovan, Inc.\ninvestors@novan.com\n(Media)\nCari Green\nDirector, Corporate Communications and Administration\ncgreen@novan.com\nSource:Novan, Inc.", "external_links": ["https://www.globenewswire.com/NewsRoom/AttachmentNg/9134c44c-aaac-4e8d-9684-bac539e22d55", "https://www.globenewswire.com/Tracker?data=WqFFZHY2pj_nJuC00MEIkLyfR-Ci95KNpgtO90rp7MbCccY1UZpDuPk5Vqa9n58hlI7KB9-UWoVFEXm7BMenCTrbvJq2efojR3IsPljbico=", "https://www.globenewswire.com/Tracker?data=XWPZ47LvCmgWrBwjn7eHf43yiWIKq8CyB6V4bvEd1q9hDCWZaFjAHE2f1AbCZuNXtvot9EzyD5Qj0s_f1yejPg=="], "published": "2018-01-05T17:00:00.000+02:00", "crawled": "2018-01-05T17:52:58.001+02:00", "highlightTitle": ""}