{"organizations": [], "uuid": "fa4c0988b845b82775a52a6c157e776f34cde458", "thread": {"social": {"gplus": {"shares": 0}, "pinterest": {"shares": 0}, "vk": {"shares": 1}, "linkedin": {"shares": 19}, "facebook": {"likes": 348, "shares": 348, "comments": 0}, "stumbledupon": {"shares": 0}}, "site_full": "www.reuters.com", "main_image": "https://s4.reutersmedia.net/resources_v2/images/rcom-default.png", "site_section": "http://feeds.reuters.com/Reuters/domesticNews\r", "section_title": "Reuters: U.S.", "url": "https://www.reuters.com/article/us-usa-satellite/u-s-spy-satellite-believed-destroyed-after-failing-to-reach-orbit-officials-idUSKBN1EY087", "country": "US", "domain_rank": 408, "title": "U.S. spy satellite believed destroyed after failing to reach orbit: officials", "performance_score": 3, "site": "reuters.com", "participants_count": 0, "title_full": "", "spam_score": 0.0, "site_type": "news", "published": "2018-01-09T05:03:00.000+02:00", "replies_count": 0, "uuid": "fa4c0988b845b82775a52a6c157e776f34cde458"}, "author": "", "url": "https://www.reuters.com/article/us-usa-satellite/u-s-spy-satellite-believed-destroyed-after-failing-to-reach-orbit-officials-idUSKBN1EY087", "ord_in_thread": 0, "title": "U.S. spy satellite believed destroyed after failing to reach orbit: officials", "locations": [], "entities": {"persons": [], "locations": [], "organizations": []}, "highlightText": "", "language": "english", "persons": [], "text": "January 9, 2018 / 2:54 AM / in 16 hours U.S. spy satellite believed destroyed after failing to reach orbit: officials Reuters Staff 2 Min Read \nWASHINGTON (Reuters) - A U.S. spy satellite that was launched from Cape Canaveral, Florida, aboard a SpaceX rocket on Sunday failed to reach orbit and is assumed to be a total loss, two U.S. officials briefed on the mission said on Monday. \nThe classified intelligence satellite, built by Northrop Grumman Corp, failed to separate from the second stage of the Falcon 9 rocket and is assumed to have broken up or plunged into the sea, said the two officials, who spoke on condition of anonymity. \nThe satellite is assumed to be “a write-off,” one of the officials said. \nThe presumed loss of the satellite was first reported by the Wall Street Journal. \nNorthrop Grumman built the multibillion-dollar satellite, code-named Zuma, and was responsible for choosing the SpaceX Falcon 9 launch vehicle, both officials said. \nAn investigation is under way, but there is no initial indication of sabotage or other interference, they said. \nSpaceX spokesman James Gleeson said: “We do not comment on missions of this nature; but as of right now reviews of the data indicate Falcon 9 performed nominally.” \nSpace Exploration Technologies Corp, led by entrepreneur Elon Musk, launched its first satellite for the U.S. military with its Falcon 9 rocket in May of last year. Reporting by John Walcott; Writing by Eric Beech; Editing by Eric Walsh and Sandra Maler", "external_links": [], "published": "2018-01-09T05:03:00.000+02:00", "crawled": "2018-01-09T10:05:27.000+02:00", "highlightTitle": ""}