{"organizations": [], "uuid": "bd66a71a8dd59973a0e5432190d601ad3de4e121", "thread": {"social": {"gplus": {"shares": 0}, "pinterest": {"shares": 0}, "vk": {"shares": 0}, "linkedin": {"shares": 0}, "facebook": {"likes": 0, "shares": 0, "comments": 0}, "stumbledupon": {"shares": 0}}, "site_full": "www.cnbc.com", "main_image": "//sc.cnbcfm.com/applications/cnbc.com/staticcontent/img/cnbc_logo.gif", "site_section": "http://www.cnbc.com/id/10000027/page/4", "section_title": "Press Releases - CNBC", "url": "http://www.cnbc.com/2018/01/04/business-wire-keppler-speakers-names-warren-jones-as-new-ceo.html", "country": "US", "domain_rank": 767, "title": "Keppler Speakers Names Warren Jones as New CEO", "performance_score": 0, "site": "cnbc.com", "participants_count": 1, "title_full": "", "spam_score": 0.0, "site_type": "news", "published": "2018-01-04T16:00:00.000+02:00", "replies_count": 0, "uuid": "bd66a71a8dd59973a0e5432190d601ad3de4e121"}, "author": "cnbc.com", "url": "http://www.cnbc.com/2018/01/04/business-wire-keppler-speakers-names-warren-jones-as-new-ceo.html", "ord_in_thread": 0, "title": "Keppler Speakers Names Warren Jones as New CEO", "locations": [], "entities": {"persons": [{"name": "jim keppler assumes chairmanship", "sentiment": "negative"}, {"name": "warren jones", "sentiment": "negative"}, {"name": "keppler", "sentiment": "negative"}, {"name": "jones", "sentiment": "none"}, {"name": "warren", "sentiment": "none"}, {"name": "jim keppler", "sentiment": "none"}], "locations": [{"name": "va.", "sentiment": "none"}, {"name": "arlington", "sentiment": "none"}], "organizations": [{"name": "keppler speakers names", "sentiment": "negative"}, {"name": "keppler speakers", "sentiment": "none"}, {"name": "business wire", "sentiment": "none"}]}, "highlightText": "", "language": "english", "persons": [], "text": "Company Founder Jim Keppler Assumes Chairmanship\nARLINGTON, Va.--(BUSINESS WIRE)-- Keppler Speakers Founder Jim Keppler has named Warren Jones as CEO of Keppler Speakers. Keppler will assume the role of Chairman of the company he founded in 1983 and grew into the country’s largest privately-held speakers bureau. In his new role, Jones will oversee all sales, marketing, operations and administration, and will be responsible for accelerating the company’s growth through transformation, innovation and strategic long-term priorities.\nThis press release features multimedia. View the full release here: http://www.businesswire.com/news/home/20180104005237/en/\nWarren Jones, CEO of Keppler Speakers (Photo: Business Wire)\n“Warren Jones is a fantastic addition to our team of veteran agents and executives. He is a proven leader with CEO experience who brings a track record of strategic vision while driving both revenue and growth. I’m looking forward to working closely with Warren, continuing my work with our speakers, and exploring new ways to bring added value to our customers,” said Keppler.\nJones’ background in both the technology and entertainment industries includes a successful two-year turnaround as president and CEO of Enterworks, Inc. As a chief marketing officer, he earlier guided transformations of companies ranging in size from $15 million to $200 million.\nJones founded Comedy Hosting LLC, a successful comedy booking agency providing comedy hosts and comedians for corporate clients, and worked earlier as a booking agent for musical and other touring entertainment acts. He also directed client representation for PRO International, an agency managing entertainers, professional athletes and business innovators.\n“I’ve always been impressed by the leadership of Keppler Speakers in live event experiences, and I admire the innovation the company has shown at every step of its growth,” said Warren Jones. “I’m eager to work with all the talented people at Keppler to explore exciting new directions for the company.”\nA graduate of Syracuse University and the University of Richmond School of Law, Jones began his management career with American Broadcasting Companies, Inc.\nAbout Keppler Speakers\nBased in the Washington, D.C. area, Keppler Speakers represents many of the most prestigious and celebrated speakers from the worlds of business, world affairs, politics, entertainment, education, literature, sports and leadership. The company’s expanding customer base includes Fortune 500 companies across a wide swath of industry sectors, national trade associations representing over 75 million members, colleges and universities, performing arts centers and international audiences across the globe.\nFor more information about Keppler Speakers, go to kepplerspeakers.com .\nView source version on businesswire.com : http://www.businesswire.com/news/home/20180104005237/en/\nKeppler Speakers\nBob Mitchell, 703-516-4000\nbmitchell@kepplerspeakers.com\nSource: Keppler Speakers", "external_links": ["http://cts.businesswire.com/ct/CT?id=smartlink&url=http%3A%2F%2Fwww.kepplerspeakers.com%2F&esheet=51736473&newsitemid=20180104005237&lan=en-US&anchor=kepplerspeakers.com&index=1&md5=bcf1ba3152122e54a62cddafd930fd7e", "http://www.businesswire.com/news/home/20180104005237/en/"], "published": "2018-01-04T16:00:00.000+02:00", "crawled": "2018-01-04T16:36:01.013+02:00", "highlightTitle": ""}