{"organizations": [], "uuid": "d32944df26d4c579f545111d46017080a5c39bcd", "thread": {"social": {"gplus": {"shares": 0}, "pinterest": {"shares": 0}, "vk": {"shares": 0}, "linkedin": {"shares": 0}, "facebook": {"likes": 0, "shares": 0, "comments": 0}, "stumbledupon": {"shares": 0}}, "site_full": "www.reuters.com", "main_image": "https://s4.reutersmedia.net/resources_v2/images/rcom-default.png", "site_section": "http://feeds.reuters.com/reuters/UKbankingFinancial/", "section_title": "Reuters: Financial Services and Real Estate", "url": "https://www.reuters.com/article/kenya-banking-chase/mauritiuss-sbm-makes-offer-for-some-assets-of-kenyas-chase-bank-idUSL8N1P01BN", "country": "US", "domain_rank": 408, "title": "Mauritius's SBM makes offer for some assets of Kenya's Chase Bank", "performance_score": 0, "site": "reuters.com", "participants_count": 0, "title_full": "", "spam_score": 0.0, "site_type": "news", "published": "2018-01-05T11:45:00.000+02:00", "replies_count": 0, "uuid": "d32944df26d4c579f545111d46017080a5c39bcd"}, "author": "", "url": "https://www.reuters.com/article/kenya-banking-chase/mauritiuss-sbm-makes-offer-for-some-assets-of-kenyas-chase-bank-idUSL8N1P01BN", "ord_in_thread": 0, "title": "Mauritius's SBM makes offer for some assets of Kenya's Chase Bank", "locations": [], "entities": {"persons": [], "locations": [{"name": "kenya", "sentiment": "none"}, {"name": "mauritius", "sentiment": "none"}, {"name": "nairobi", "sentiment": "none"}], "organizations": [{"name": "chase bank", "sentiment": "negative"}, {"name": "sbm", "sentiment": "negative"}, {"name": "central bank of kenya", "sentiment": "none"}, {"name": "cblr", "sentiment": "none"}, {"name": "reuters", "sentiment": "none"}, {"name": "cbk", "sentiment": "none"}, {"name": "kenya deposit insurance corporation", "sentiment": "none"}, {"name": "chase bank reuters staff", "sentiment": "none"}]}, "highlightText": "", "language": "english", "persons": [], "text": "January 5, 2018 / 9:45 AM / Updated 30 minutes ago Mauritius's SBM makes offer for some assets of Kenya's Chase Bank Reuters Staff 2 Min Read \nNAIROBI, Jan 5 (Reuters) - Mauritius’s SBM Holdings has made a binding offer for some of the assets and liabilities of Kenya’s Chase Bank, the Kenyan central bank said on Friday. \nThe Central Bank of Kenya (CBK) has been seeking a strategic investor for Chase, which has been under receivership since April 2016 after failing to meet its financial obligations. \nCBK has not specified the size of the stake it plans to sell. \n“The binding offer, accepted on 4 January 2018, includes the acquisition of certain assets and matched liabilities from CBLR,” the central bank said in a statement. \n“It is expected that this transaction will inter alia ensure the transfer of 75 percent of the value of deposits currently under moratorium and the transfer of staff and branches of the existing CBLR operations.” \nChase is in the hands of the Kenya Deposit Insurance Corporation, a state body that protects depositors in case of bank failure. \nLast year, CBK said 12 parties - including local and foreign banks - had shown interest in the bank, which has no relations with JP Morgan Chase & Co. \nFinancial services group SBM Holdings said last year that it was bidding to buy a stake in Chase Bank, which would expand its presence in Kenya. \nIn November 2016, it acquired Kenya’s Fidelity Bank for a token payment of 100 shillings ($0.97) and said it would inject 1.45 billion shillings of fresh capital into it. ($1=103.1500 Kenyan shillings) (Reporting by George Obulutsa; Editing by Susan Fenton)", "external_links": [], "published": "2018-01-05T11:45:00.000+02:00", "crawled": "2018-01-05T12:25:33.047+02:00", "highlightTitle": ""}