{"organizations": [], "uuid": "87322f0730c1d1d10fbdb50d87e634948d2ff608", "thread": {"social": {"gplus": {"shares": 0}, "pinterest": {"shares": 0}, "vk": {"shares": 0}, "linkedin": {"shares": 0}, "facebook": {"likes": 0, "shares": 0, "comments": 0}, "stumbledupon": {"shares": 0}}, "site_full": "www.reuters.com", "main_image": "https://s4.reutersmedia.net/resources_v2/images/rcom-default.png", "site_section": "http://www.reuters.com/resources/archive/us/20180108.html", "section_title": "Archive News &amp; Video for Monday, 08 Jan 2018 | Reuters.com", "url": "https://www.reuters.com/article/lg-electronics-results/lg-electronics-tips-q4-profit-of-about-344-mln-vs-yr-ago-periods-loss-idUSS6N1MV017", "country": "US", "domain_rank": 408, "title": "LG Electronics tips Q4 profit of about $344 mln vs yr-ago period's loss", "performance_score": 0, "site": "reuters.com", "participants_count": 1, "title_full": "", "spam_score": 0.0, "site_type": "news", "published": "2018-01-08T14:13:00.000+02:00", "replies_count": 0, "uuid": "87322f0730c1d1d10fbdb50d87e634948d2ff608"}, "author": "Reuters Editorial", "url": "https://www.reuters.com/article/lg-electronics-results/lg-electronics-tips-q4-profit-of-about-344-mln-vs-yr-ago-periods-loss-idUSS6N1MV017", "ord_in_thread": 0, "title": "LG Electronics tips Q4 profit of about $344 mln vs yr-ago period's loss", "locations": [], "entities": {"persons": [{"name": "joyce lee", "sentiment": "none"}, {"name": "muralikumar anantharaman", "sentiment": "none"}], "locations": [{"name": "south korea", "sentiment": "none"}, {"name": "seoul", "sentiment": "none"}], "organizations": [{"name": "lg electronics", "sentiment": "negative"}, {"name": "reuters", "sentiment": "negative"}, {"name": "lg electronics inc", "sentiment": "negative"}, {"name": "thomson reuters", "sentiment": "none"}, {"name": "lg", "sentiment": "none"}]}, "highlightText": "", "language": "english", "persons": [], "text": "SEOUL, Jan 8 (Reuters) - South Korea’s LG Electronics Inc said on Monday it likely made a fourth-quarter operating profit, compared to an operating loss a year earlier but falling short of market expectations.\nLG, in a regulatory filing, estimated its October-December profit to be 367 billion won ($343.60 million) versus a Thomson Reuters StarMine SmartEstimate of 485 billion won from a poll of 14 analysts, and compared to a 35.2 billion won operating loss in the same quarter in 2016.\nRevenue likely rose 14.8 percent to 17 trillion won, compared to the 16.3 trillion won SmartEstimate.\nThe firm did not disclose further details of October-December operations, and will disclose full results at the end of January. ($1 = 1,068.1000 won) (Reporting by Joyce Lee; Editing by Muralikumar Anantharaman)\n ", "external_links": ["http://thomsonreuters.com/en/about-us/trust-principles.html"], "published": "2018-01-08T14:13:00.000+02:00", "crawled": "2018-01-09T16:54:52.000+02:00", "highlightTitle": ""}