{"organizations": [], "uuid": "91888d34dc228958abf48fbf4c6c5ab5f401c61d", "thread": {"social": {"gplus": {"shares": 0}, "pinterest": {"shares": 0}, "vk": {"shares": 0}, "linkedin": {"shares": 0}, "facebook": {"likes": 0, "shares": 0, "comments": 0}, "stumbledupon": {"shares": 0}}, "site_full": "www.cnbc.com", "main_image": "//sc.cnbcfm.com/applications/cnbc.com/staticcontent/img/cnbc_logo.gif", "site_section": "http://www.cnbc.com/id/10000027/page/4", "section_title": "Press Releases - CNBC", "url": "http://www.cnbc.com/2018/01/02/business-wire-national-instruments-announces-upcoming-schedule-of-events-with-the-financial-community.html", "country": "US", "domain_rank": 767, "title": "National Instruments Announces Upcoming Schedule of Events with the Financial Community", "performance_score": 0, "site": "cnbc.com", "participants_count": 1, "title_full": "", "spam_score": 0.002, "site_type": "news", "published": "2018-01-03T00:05:00.000+02:00", "replies_count": 0, "uuid": "91888d34dc228958abf48fbf4c6c5ab5f401c61d"}, "author": "cnbc.com", "url": "http://www.cnbc.com/2018/01/02/business-wire-national-instruments-announces-upcoming-schedule-of-events-with-the-financial-community.html", "ord_in_thread": 0, "title": "National Instruments Announces Upcoming Schedule of Events with the Financial Community", "locations": [], "entities": {"persons": [], "locations": [{"name": "financial community austin", "sentiment": "none"}, {"name": "texas", "sentiment": "none"}, {"name": "new york", "sentiment": "none"}], "organizations": [{"name": "national instruments", "sentiment": "negative"}, {"name": "nati", "sentiment": "negative"}]}, "highlightText": "", "language": "english", "persons": [], "text": "AUSTIN, Texas--(BUSINESS WIRE)-- National Instruments (Nasdaq: NATI) today announced participation in the following upcoming events with the financial community.\nNational Instruments Q4 2017 Earnings Call\nJanuary 30, 2018 at 4:00 p.m. CT\nA live webcast will be available at http://investor.ni.com/events.cfm\n20 th Annual Needham Growth Conference\nJanuary 17, 2018\nNew York, NY\nA live webcast will be available at http://investor.ni.com/events.cfm\nFor general investor-related information about National Instruments, please visit ni.com/nati .\nAbout NI\nNI ( ni.com ) empowers engineers and scientists with a software-centric platform that incorporates modular hardware and an expansive ecosystem. This proven approach puts users firmly in control of defining what they need to accelerate their system design within test, measurement and control. NI’s solution helps build high-performance systems that exceed requirements, quickly adapt to change and ultimately improve the world. (NATI-F)\nNational Instruments, NI, and ni.com are trademarks of National Instruments. Other product and company names listed are trademarks or trade names of their respective companies\nView source version on businesswire.com : http://www.businesswire.com/news/home/20180102005822/en/\nNational Instruments\nAmanda Roberson, 512-683-8092\nSr. Investor Relations Analyst\namanda.roberson@ni.com\nSource: National Instruments", "external_links": ["http://ni.com/nati", "http://cts.businesswire.com/ct/CT?id=smartlink&url=http%3A%2F%2Finvestor.ni.com%2Fevents.cfm&esheet=51736845&newsitemid=20180102005822&lan=en-US&anchor=http%3A%2F%2Finvestor.ni.com%2Fevents.cfm&index=1&md5=bee3afa5e27b77b38656171af022e6fe", "http://www.businesswire.com/news/home/20180102005822/en/", "http://cts.businesswire.com/ct/CT?id=smartlink&url=http%3A%2F%2Finvestor.ni.com%2Fevents.cfm&esheet=51736845&newsitemid=20180102005822&lan=en-US&anchor=http%3A%2F%2Finvestor.ni.com%2Fevents.cfm&index=2&md5=d353c9398214b4faa3045df52be7ea4c", "http://investor.ni.com/events.cfm"], "published": "2018-01-03T00:05:00.000+02:00", "crawled": "2018-01-03T02:06:54.018+02:00", "highlightTitle": ""}