{"organizations": [], "uuid": "73bee1a203efb3573450e235c5d99d6c5be70e69", "thread": {"social": {"gplus": {"shares": 0}, "pinterest": {"shares": 0}, "vk": {"shares": 0}, "linkedin": {"shares": 0}, "facebook": {"likes": 0, "shares": 0, "comments": 0}, "stumbledupon": {"shares": 0}}, "site_full": "www.reuters.com", "main_image": "https://s4.reutersmedia.net/resources_v2/images/rcom-default.png", "site_section": "http://feeds.reuters.com/reuters/companyNews", "section_title": "Reuters: Company News", "url": "https://www.reuters.com/article/brief-bengal-energy-announces-executive/brief-bengal-energy-announces-executive-appointment-idUSASB0BZFM", "country": "US", "domain_rank": 408, "title": "BRIEF-Bengal Energy Announces Executive Appointment", "performance_score": 0, "site": "reuters.com", "participants_count": 0, "title_full": "", "spam_score": 0.0, "site_type": "news", "published": "2018-01-02T15:36:00.000+02:00", "replies_count": 0, "uuid": "73bee1a203efb3573450e235c5d99d6c5be70e69"}, "author": "", "url": "https://www.reuters.com/article/brief-bengal-energy-announces-executive/brief-bengal-energy-announces-executive-appointment-idUSASB0BZFM", "ord_in_thread": 0, "title": "BRIEF-Bengal Energy Announces Executive Appointment", "locations": [], "entities": {"persons": [{"name": "matthew moorman", "sentiment": "none"}], "locations": [], "organizations": [{"name": "brief-bengal energy announces executive appointme", "sentiment": "negative"}, {"name": "bengal energy ltd", "sentiment": "none"}, {"name": "reuters", "sentiment": "none"}, {"name": "eikon", "sentiment": "none"}]}, "highlightText": "", "language": "english", "persons": [], "text": "January 2, 2018 / 1:41 PM / Updated 24 minutes ago BRIEF-Bengal Energy Announces Executive Appointment Reuters Staff \nJan 2 (Reuters) - Bengal Energy Ltd: * BENGAL ENERGY ANNOUNCES EXECUTIVE APPOINTMENT \n* MATTHEW MOORMAN ‍APPOINTED CFO EFFECTIVE JAN 2, 2018​ Source text for Eikon: Further company coverage:", "external_links": [], "published": "2018-01-02T15:36:00.000+02:00", "crawled": "2018-01-02T16:12:19.001+02:00", "highlightTitle": ""}