{"organizations": [], "uuid": "f9c8b83e83e2a632fcfd6b1123e593a81a2070f2", "thread": {"social": {"gplus": {"shares": 0}, "pinterest": {"shares": 0}, "vk": {"shares": 0}, "linkedin": {"shares": 0}, "facebook": {"likes": 0, "shares": 0, "comments": 0}, "stumbledupon": {"shares": 0}}, "site_full": "www.reuters.com", "main_image": "https://s4.reutersmedia.net/resources_v2/images/rcom-default.png", "site_section": "http://www.reuters.com/resources/archive/us/20180108.html", "section_title": "Archive News &amp; Video for Monday, 08 Jan 2018 | Reuters.com", "url": "https://www.reuters.com/article/brief-mybet-holding-says-convertible-bon/brief-mybet-holding-says-convertible-bond-2015-2020-will-be-bought-back-almost-completely-idUSFWN1P30H7", "country": "US", "domain_rank": 408, "title": "BRIEF-Mybet Holding Says Convertible Bond 2015/2020 Will Be Bought Back Almost Completely", "performance_score": 0, "site": "reuters.com", "participants_count": 1, "title_full": "", "spam_score": 0.0, "site_type": "news", "published": "2018-01-08T18:38:00.000+02:00", "replies_count": 0, "uuid": "f9c8b83e83e2a632fcfd6b1123e593a81a2070f2"}, "author": "Reuters Editorial", "url": "https://www.reuters.com/article/brief-mybet-holding-says-convertible-bon/brief-mybet-holding-says-convertible-bond-2015-2020-will-be-bought-back-almost-completely-idUSFWN1P30H7", "ord_in_thread": 0, "title": "BRIEF-Mybet Holding Says Convertible Bond 2015/2020 Will Be Bought Back Almost Completely", "locations": [], "entities": {"persons": [], "locations": [], "organizations": [{"name": "reuters", "sentiment": "negative"}, {"name": "eikon", "sentiment": "none"}, {"name": "gdynia newsroom", "sentiment": "none"}]}, "highlightText": "", "language": "english", "persons": [], "text": "Jan 8 (Reuters) - MYBET HOLDING SE:\n* DGAP-NEWS: MYBET HOLDING SE: CONVERTIBLE BOND 2015/2020 WILL BE BOUGHT BACK ALMOST COMPLETELY\n* CONVERTIBLE BOND 2015/2020 IS COLLATERALIZED WITH CASH DEPOSIT OF EUR 1,768,000 ACTING AS COLLATERAL\n* ONLY DEBENTURES OF CONVERTIBLE BOND 2015/2020 WITH NOMINAL VALUE OF EUR 111,000 TO BE OUTSTANDING Source text for Eikon: Further company coverage: (Gdynia Newsroom)\n ", "external_links": ["http://thomsonreuters.com/en/about-us/trust-principles.html"], "published": "2018-01-08T18:38:00.000+02:00", "crawled": "2018-01-09T17:18:09.000+02:00", "highlightTitle": ""}