{"organizations": [], "uuid": "274697b969f1a96be8b733da46ccca7565f341be", "thread": {"social": {"gplus": {"shares": 0}, "pinterest": {"shares": 0}, "vk": {"shares": 0}, "linkedin": {"shares": 0}, "facebook": {"likes": 0, "shares": 0, "comments": 0}, "stumbledupon": {"shares": 0}}, "site_full": "www.reuters.com", "main_image": "https://s4.reutersmedia.net/resources_v2/images/rcom-default.png", "site_section": "http://feeds.reuters.com/reuters/companyNews\r", "section_title": "Reuters: Company News", "url": "https://www.reuters.com/article/brief-euronet-worldwide-issues-statement/brief-euronet-worldwide-issues-statement-regarding-termination-of-moneygram-and-ant-financial-merger-agreement-idUSFWN1OX0PN", "country": "US", "domain_rank": 408, "title": "BRIEF-Euronet Worldwide Issues Statement Regarding Termination Of MoneyGram And Ant Financial Merger Agreement", "performance_score": 0, "site": "reuters.com", "participants_count": 0, "title_full": "", "spam_score": 0.0, "site_type": "news", "published": "2018-01-03T03:10:00.000+02:00", "replies_count": 0, "uuid": "274697b969f1a96be8b733da46ccca7565f341be"}, "author": "", "url": "https://www.reuters.com/article/brief-euronet-worldwide-issues-statement/brief-euronet-worldwide-issues-statement-regarding-termination-of-moneygram-and-ant-financial-merger-agreement-idUSFWN1OX0PN", "ord_in_thread": 0, "title": "BRIEF-Euronet Worldwide Issues Statement Regarding Termination Of MoneyGram And Ant Financial Merger Agreement", "locations": [], "entities": {"persons": [], "locations": [], "organizations": [{"name": "moneygram", "sentiment": "negative"}, {"name": "euronet", "sentiment": "none"}, {"name": "euronet worldwide inc", "sentiment": "none"}, {"name": "reuters", "sentiment": "none"}, {"name": "eikon", "sentiment": "none"}]}, "highlightText": "", "language": "english", "persons": [], "text": "Jan 2 (Reuters) - Euronet Worldwide Inc:\n* EURONET WORLDWIDE STATEMENT REGARDING THE TERMINATION OF THE MONEYGRAM AND ANT FINANCIAL MERGER AGREEMENT\n* BELIEVE THERE IS “COMPELLING COMMERCIAL LOGIC TO A COMBINATION BETWEEN EURONET AND MONEYGRAM​”\n* EURONET WORLDWIDE - NO GUARANTEE ANY OFFER WILL BE MADE OR ANY TRANSACTION WILL ULTIMATELY OCCUR​\n* EURONET - “‍SIGNIFICANT DEVELOPMENTS” HAVE BEEN DISCLOSED BY MONEYGRAM SINCE CO‘S OFFER; CO HAS NOT CONDUCTED ANY EVALUATION OF BUSINESS IN THAT TIME​ Source text for Eikon: Further company coverage:\n ", "external_links": [], "published": "2018-01-03T03:10:00.000+02:00", "crawled": "2018-01-03T03:24:43.008+02:00", "highlightTitle": ""}