{"organizations": [], "uuid": "6b2eb80e73e1bc0a3a097d943e25f676f9be314c", "thread": {"social": {"gplus": {"shares": 0}, "pinterest": {"shares": 1}, "vk": {"shares": 0}, "linkedin": {"shares": 271}, "facebook": {"likes": 148, "shares": 148, "comments": 0}, "stumbledupon": {"shares": 0}}, "site_full": "www.wsj.com", "main_image": "https://si.wsj.net/public/resources/images/BN-WW805_0108HU_SOC_20180108115520.jpg", "site_section": "http://www.wsj.com/xml/rss/3_7014.xml", "section_title": "WSJ.com: US Business", "url": "https://www.wsj.com/articles/huawei-long-seen-as-spy-threat-rolled-over-u-s-road-bumps-1515453829", "country": "US", "domain_rank": 387, "title": "Huawei, Long Seen as Spy Threat, Rolled Over U.S. Road Bumps", "performance_score": 1, "site": "wsj.com", "participants_count": 1, "title_full": "", "spam_score": 0.0, "site_type": "news", "published": "2018-01-09T01:37:00.000+02:00", "replies_count": 0, "uuid": "6b2eb80e73e1bc0a3a097d943e25f676f9be314c"}, "author": "Stu Woo", "url": "https://www.wsj.com/articles/huawei-long-seen-as-spy-threat-rolled-over-u-s-road-bumps-1515453829", "ord_in_thread": 0, "title": "Huawei, Long Seen as Spy Threat, Rolled Over U.S. Road Bumps", "locations": [], "entities": {"persons": [], "locations": [], "organizations": []}, "highlightText": "", "language": "english", "persons": [], "text": "SHENZHEN, China—Huawei Technologies Co. may be considered the bogeyman of the global telecom equipment industry in some Washington circles, but in Mountain View, Wyo., it’s a hero.\nThat’s where Union Wireless, a 103-year-old carrier that provides telephone and wireless service to 50,000 customers in five Western states, is singing its praises. Four years ago, Union turned to Huawei after its previous equipment vendor fell behind schedule on a critical network upgrade, says Brian Woody, customer relations chief.\n...  ", "external_links": [], "published": "2018-01-09T01:37:00.000+02:00", "crawled": "2018-01-09T09:40:26.746+02:00", "highlightTitle": ""}