{"organizations": [], "uuid": "ef8f436a1f01c8518201c4baea41764d2936f05f", "thread": {"social": {"gplus": {"shares": 0}, "pinterest": {"shares": 0}, "vk": {"shares": 0}, "linkedin": {"shares": 0}, "facebook": {"likes": 0, "shares": 0, "comments": 0}, "stumbledupon": {"shares": 0}}, "site_full": "www.reuters.com", "main_image": "https://s4.reutersmedia.net/resources_v2/images/rcom-default.png", "site_section": "http://feeds.reuters.com/reuters/UKbankingFinancial/", "section_title": "Reuters: Financial Services and Real Estate", "url": "https://www.reuters.com/article/china-stocks-hongkong-close/hong-kong-shares-rise-for-7th-day-in-a-row-hit-10-year-high-idUSZZN2N7500", "country": "US", "domain_rank": 408, "title": "Hong Kong shares rise for 7th day in a row, hit 10-year high", "performance_score": 0, "site": "reuters.com", "participants_count": 0, "title_full": "", "spam_score": 0.0, "site_type": "news", "published": "2018-01-04T10:31:00.000+02:00", "replies_count": 0, "uuid": "ef8f436a1f01c8518201c4baea41764d2936f05f"}, "author": "", "url": "https://www.reuters.com/article/china-stocks-hongkong-close/hong-kong-shares-rise-for-7th-day-in-a-row-hit-10-year-high-idUSZZN2N7500", "ord_in_thread": 0, "title": "Hong Kong shares rise for 7th day in a row, hit 10-year high", "locations": [], "entities": {"persons": [], "locations": [{"name": "hong kong", "sentiment": "none"}, {"name": "shanghai", "sentiment": "none"}, {"name": "united states", "sentiment": "none"}, {"name": "shanghai", "sentiment": "none"}, {"name": "asia", "sentiment": "none"}, {"name": "china", "sentiment": "none"}], "organizations": [{"name": "reuters staff", "sentiment": "none"}, {"name": "hang seng china enterprises", "sentiment": "none"}, {"name": "msci", "sentiment": "none"}, {"name": "reuters", "sentiment": "none"}, {"name": "wharf holdings ltd", "sentiment": "none"}, {"name": "china mengniu dairy co ltd", "sentiment": "none"}]}, "highlightText": "", "language": "english", "persons": [], "text": "SHANGHAI, Jan 4 (Reuters) - Hong Kong’s benchmark stock index rose for the seventh straight session on Thursday, hitting a fresh 10-year high and pacing gains in Asian markets as solid United States and German economic data boosted sentiment. ** At the close of trade, the Hang Seng index was up 175.53 points or 0.57 percent at 30,736.48. The Hang Seng China Enterprises index rose 0.95 percent to 12,203.55. **The sub-index of the Hang Seng tracking energy shares rose 3.1 percent while the IT sector rose 1.87 percent, the financial sector was 0.47 percent higher and property sector rose 0.48 percent. ** The top gainer on Hang Seng was Wharf Holdings Ltd up 8.7 percent, while the biggest loser was China Mengniu Dairy Co Ltd, down 4.06 percent. ** China’s main Shanghai Composite index closed up 0.52 percent at 3,386.5043 points while its blue-chip CSI300 index ended up 0.44 percent. ** Around 0.32 percent while Japan’s Nikkei index closed up 3.26 percent. ** The yuan was Quote: d at 6.4973 per U.S. dollar at 08:14 GMT, 0.05 percent firmer than the previous close of 6.5005. ** The top gainers among H-shares were PetroChina Co Ltd up 4.91 percent, followed by China Petroleum & Chemical Corp gaining 4.41 percent and China Construction Bank Corp up by 2.43 percent. ** The three biggest H-shares percentage decliners were Guangzhou Automobile Group Co Ltd which was down 2.26 percent, China Shenhua Energy Co Ltd which fell 1.6 percent and China Life Insurance Co Ltd down by 1.6 percent. ** About 3.09 billion Hang Seng index shares were traded, roughly 182.6 1.69 billion shares a day. The volume traded in the previous trading session was 2.38 billion. ** At close, 27.43 price-to-earnings ratio of the Hang Seng index was 13.93 2.8 percent. ** So far this week, the market capitalisation of the Hang Seng index has risen by 2.16 percent to HK$20.01 trillion. ** The short and one-factor leveraged Hang Seng index, which is designed to replicate the payoff of a short or leveraged portfolio and is linked to the movements of the Hang Seng Index, was lower by 0.57 percent on the day at 4,801.92 points. (Reporting by the Shanghai Newsroom; Editing by Richard Borsuk)\n ", "external_links": [], "published": "2018-01-04T10:31:00.000+02:00", "crawled": "2018-01-04T11:37:49.048+02:00", "highlightTitle": ""}