{"organizations": [], "uuid": "a2439a17ef93561647a2b01584f6e25b4d9f5f5a", "thread": {"social": {"gplus": {"shares": 0}, "pinterest": {"shares": 0}, "vk": {"shares": 0}, "linkedin": {"shares": 0}, "facebook": {"likes": 0, "shares": 0, "comments": 0}, "stumbledupon": {"shares": 0}}, "site_full": "www.reuters.com", "main_image": "https://s4.reutersmedia.net/resources_v2/images/rcom-default.png", "site_section": "http://feeds.reuters.com/reuters/UKBankingFinancial", "section_title": "Reuters: Financial Services and Real Estate", "url": "https://www.reuters.com/article/iag-niki/passenger-rights-group-takes-legal-action-that-could-block-niki-sale-to-iag-idUSL8N1OX38E", "country": "US", "domain_rank": 408, "title": "Passenger rights group takes legal action that could block Niki sale to IAG", "performance_score": 0, "site": "reuters.com", "participants_count": 0, "title_full": "", "spam_score": 0.0, "site_type": "news", "published": "2018-01-02T21:51:00.000+02:00", "replies_count": 0, "uuid": "a2439a17ef93561647a2b01584f6e25b4d9f5f5a"}, "author": "", "url": "https://www.reuters.com/article/iag-niki/passenger-rights-group-takes-legal-action-that-could-block-niki-sale-to-iag-idUSL8N1OX38E", "ord_in_thread": 0, "title": "Passenger rights group takes legal action that could block Niki sale to IAG", "locations": [], "entities": {"persons": [{"name": "niki", "sentiment": "negative"}, {"name": "nik", "sentiment": "none"}, {"name": "lucas floether", "sentiment": "none"}], "locations": [{"name": "air berlin", "sentiment": "none"}, {"name": "austria", "sentiment": "none"}, {"name": "frankfurt", "sentiment": "none"}, {"name": "berlin", "sentiment": "none"}, {"name": "britain", "sentiment": "none"}, {"name": "germany", "sentiment": "none"}], "organizations": [{"name": "iag", "sentiment": "negative"}, {"name": "charlottenburg court", "sentiment": "none"}, {"name": "reuters", "sentiment": "none"}, {"name": "iag reuters staff", "sentiment": "none"}, {"name": "british airways", "sentiment": "none"}]}, "highlightText": "", "language": "english", "persons": [], "text": "January 2, 2018 / 7:51 PM / Updated 29 minutes ago Passenger rights group takes legal action that could block Niki sale to IAG Reuters Staff 3 Min Read \nFRANKFURT, Jan 2 (Reuters) - A group representing airline passengers has taken legal action to shift insolvency proceedings for budget airline Niki to Austria from Germany, in a move that could endanger the sale of the Air Berlin unit to Britain’s IAG. \nFairplane, seeking to recover more than 1 million euros ($1.2 million) it says Niki owes to passengers, filed separate legal cases on Tuesday to block insolvency proceedings in Berlin and to open them instead in Austria. \nAlthough the sum sought is relatively small, a spokesman for Air Berlin liquidator Lucas Floether said the complaint could derail the sale of Niki to IAG’s low-cost Vueling operation that was agreed last week. \n“If the complaint before the Charlottenburg Court (in Berlin) succeeds, the sale of Niki to IAG would be greatly endangered,” the spokesman said. A ruling by the court on the case was due this week. \nBritish Airways’ owner IAG said last Friday it would buy Niki for 20 million euros ($24 million) and provide up to 16.5 million euros in additional liquidity to the company. \nThe sale to IAG, which had been in exclusive talks to acquire the airline, appeared to mark the final chapter in the demise of Air Berlin, the former No.2 German air carrier that earlier owned Niki. \nFairplane argues however that Niki, which is registered in as a company in Austria, had been profitable but had lost access to bridge financing when insolvency proceedings were opened in Germany in December, grounding planes and stranding passengers. \nSpokesman Ronald Schmid said that dragging Niki into the German insolvency process was wrong, and that passengers stood a better chance of getting their money back in the Austrian courts. \n“We want to ensure that the insolvency is carried out in Austria - where it belongs - so that there are no conflicts of interest,” Schmid told Reuters. \nAn IAG spokesman could not immediately be reached for comment. \nIn appointing Floether to liquidate Air Berlin in December, a German insolvency judge was of the opinion that, although Niki was registered as a company in Austria, its centre of main interest was in fact in Germany. ($1 = 0.8301 euros) (Reporting by Douglas Busvine and Thomas Seythal; additional reporting by Sangameswaran S in Bengaluru; Editing by Adrian Croft)", "external_links": [], "published": "2018-01-02T21:51:00.000+02:00", "crawled": "2018-01-02T22:25:20.039+02:00", "highlightTitle": ""}