{"organizations": [], "uuid": "f8617d58edb1fd0c5326446cba7884f8ab81921f", "thread": {"social": {"gplus": {"shares": 0}, "pinterest": {"shares": 0}, "vk": {"shares": 0}, "linkedin": {"shares": 0}, "facebook": {"likes": 0, "shares": 0, "comments": 0}, "stumbledupon": {"shares": 0}}, "site_full": "www.cnbc.com", "main_image": "//sc.cnbcfm.com/applications/cnbc.com/staticcontent/img/cnbc_logo.gif", "site_section": "http://www.cnbc.com/id/10000551/device/rss", "section_title": "California", "url": "https://www.cnbc.com/2018/01/06/the-associated-press-the-latest-san-francisco-begins-selling-recreational-pot.html", "country": "US", "domain_rank": 767, "title": "The Latest: San Francisco begins selling recreational pot", "performance_score": 0, "site": "cnbc.com", "participants_count": 1, "title_full": "", "spam_score": 0.0, "site_type": "news", "published": "2018-01-06T20:29:00.000+02:00", "replies_count": 0, "uuid": "f8617d58edb1fd0c5326446cba7884f8ab81921f"}, "author": "cnbc.com", "url": "https://www.cnbc.com/2018/01/06/the-associated-press-the-latest-san-francisco-begins-selling-recreational-pot.html", "ord_in_thread": 0, "title": "The Latest: San Francisco begins selling recreational pot", "locations": [], "entities": {"persons": [{"name": "eliot dobris", "sentiment": "none"}], "locations": [{"name": "san francisco", "sentiment": "none"}, {"name": "san francisco", "sentiment": "none"}, {"name": "california", "sentiment": "none"}, {"name": "apothecarium", "sentiment": "none"}], "organizations": [{"name": "ap", "sentiment": "negative"}, {"name": "u.s. department of justice", "sentiment": "none"}]}, "highlightText": "", "language": "english", "persons": [], "text": "SAN FRANCISCO (AP) — The Latest on California's legalization of recreational marijuana (all times local):(all times local):\n10:25 a.m.\nMarijuana dispensaries in San Francisco have begun selling recreational pot for the first time.\nSix dispensaries confirmed Saturday that they're selling recreational marijuana. They all received their state licenses to sell on Friday.\nOne of them, Apothecarium, held a ribbon-cutting ceremony with local politicians and even offered a 20 percent discount for people who brought their mothers.\nEliot Dobris, head of community outreach at Apothecarium, says the business wanted to show that dispensaries are \"respectable places that you can be proud to bring your mom to.\"\nRecreational marijuana became legal in California on Monday, but some municipalities hadn't authorized shops in time for them to sell right away.\n8:45 a.m.\nThis week's announcement that the U.S. Department of Justice would lift its hands-off approach to states that legalized marijuana shocked many in the industry who have been trying to go legit.\nMarijuana stocks plunged and investors fretted in the hours immediately after U.S. Attorney General Jeff Sessions made the move.\nBy the weekend, though, cooler heads prevailed and many in the industry say they are waiting for the smoke to clear before determining if significant changes are coming.\nLongtime marijuana operators say Sessions' action was merely symbolic and they expect it to be business as usual.\nSessions provided no details other than saying individual U.S. attorneys are authorized to prosecute marijuana operators as they choose.", "external_links": [], "published": "2018-01-06T20:29:00.000+02:00", "crawled": "2018-01-07T03:41:21.000+02:00", "highlightTitle": ""}