{"organizations": [], "uuid": "4b553dae97f67b09314be1329f124145d356d6a1", "thread": {"social": {"gplus": {"shares": 0}, "pinterest": {"shares": 0}, "vk": {"shares": 0}, "linkedin": {"shares": 0}, "facebook": {"likes": 0, "shares": 0, "comments": 0}, "stumbledupon": {"shares": 0}}, "site_full": "www.reuters.com", "main_image": "https://s4.reutersmedia.net/resources_v2/images/rcom-default.png", "site_section": "http://www.reuters.com/resources/archive/us/20180108.html", "section_title": "Archive News &amp; Video for Monday, 08 Jan 2018 | Reuters.com", "url": "https://www.reuters.com/article/brief-sika-ag-says-sales-increase-of-mor/brief-sika-ag-says-sales-increase-of-more-than-10-pct-expected-in-2018-idUSFWN1P400A", "country": "US", "domain_rank": 408, "title": "BRIEF-Sika AG says sales increase of more than 10 pct expected in 2018​", "performance_score": 0, "site": "reuters.com", "participants_count": 1, "title_full": "", "spam_score": 0.0, "site_type": "news", "published": "2018-01-09T12:06:00.000+02:00", "replies_count": 0, "uuid": "4b553dae97f67b09314be1329f124145d356d6a1"}, "author": "Reuters Editorial", "url": "https://www.reuters.com/article/brief-sika-ag-says-sales-increase-of-mor/brief-sika-ag-says-sales-increase-of-more-than-10-pct-expected-in-2018-idUSFWN1P400A", "ord_in_thread": 0, "title": "BRIEF-Sika AG says sales increase of more than 10 pct expected in 2018​", "locations": [], "entities": {"persons": [], "locations": [], "organizations": [{"name": "reuters", "sentiment": "negative"}, {"name": "sika ag", "sentiment": "negative"}, {"name": "brief-sika ag", "sentiment": "negative"}, {"name": "eikon", "sentiment": "none"}]}, "highlightText": "", "language": "english", "persons": [], "text": "Jan 8 (Reuters) - Sika AG:\n* ‍A RECORD NET PROFIT FIGURE IS EXPECTED FOR 2017 FINANCIAL YEAR.​\n* ‍SALES GROWTH OF 8.9% IN LOCAL CURRENCIES TO CHF 6.25 BILLION IN 2017​\n* ‍ACCELERATED FOURTH-QUARTER GROWTH OF 12.0 PERCENT​ * - ‍FOR BUSINESS YEAR 2017, OPERATING PROFIT (EBIT) EXPECTED TO INCREASE AT HIGH RATE, REACHING BETWEEN CHF 880 MILLION AND 900 MILLION​\n* ‍VOLATILE AND RISING COMMODITY PRICES WILL CONTINUE TO PRESENT A CHALLENGE IN CURRENT YEAR​\n* IN ‍OUTLOOK 2018, SALES INCREASE OF MORE THAN 10% EXPECTED​ Source text for Eikon: Further company coverage:\n ", "external_links": ["http://thomsonreuters.com/en/about-us/trust-principles.html"], "published": "2018-01-09T12:06:00.000+02:00", "crawled": "2018-01-09T17:09:17.000+02:00", "highlightTitle": ""}