{"organizations": [], "uuid": "272571d5d2e42857bb7619dcb8e0db2f9c42a065", "thread": {"social": {"gplus": {"shares": 0}, "pinterest": {"shares": 0}, "vk": {"shares": 0}, "linkedin": {"shares": 0}, "facebook": {"likes": 0, "shares": 0, "comments": 0}, "stumbledupon": {"shares": 0}}, "site_full": "www.wsj.com", "main_image": "https://asset.wsj.net/images/im-1285/social", "site_section": "https://www.wsj.com/news/us", "section_title": "US News, Breaking News and Headlines - Wall Street Journal", "url": "https://www.wsj.com/articles/trump-administration-seeks-18-billion-over-decade-to-expand-border-wall-1515148381", "country": "US", "domain_rank": 387, "title": "Trump Administration Seeks $18 Billion Over Decade to Expand Border Wall", "performance_score": 0, "site": "wsj.com", "participants_count": 1, "title_full": "", "spam_score": 0.0, "site_type": "news", "published": "2018-01-05T13:33:00.000+02:00", "replies_count": 0, "uuid": "272571d5d2e42857bb7619dcb8e0db2f9c42a065"}, "author": "Laura Meckler", "url": "https://www.wsj.com/articles/trump-administration-seeks-18-billion-over-decade-to-expand-border-wall-1515148381", "ord_in_thread": 0, "title": "Trump Administration Seeks $18 Billion Over Decade to Expand Border Wall", "locations": [], "entities": {"persons": [{"name": "trump", "sentiment": "negative"}], "locations": [{"name": "washington", "sentiment": "none"}, {"name": "mexico", "sentiment": "none"}], "organizations": [{"name": "congress", "sentiment": "negative"}, {"name": "trump administration", "sentiment": "negative"}]}, "highlightText": "", "language": "english", "persons": [], "text": "WASHINGTON—The Trump administration is asking Congress for nearly $18 billion to construct more than 700 miles of new and replacement barriers along the southwest border, offering its most detailed description yet of the president’s vision for a border wall with Mexico.\n... RELATED VIDEO Arizona Border Ranchers Torn in Support for Trump's Wall Despite enthusiastic backing for President Donald Trump and pleas for a stronger border, Arizona ranchers are conflicted in their support for Trump’s promise to build a wall along the border with Mexico. Photo/Video: Jake Nicol/The Wall Street Journal (Originally published March 15, 2017) ", "external_links": [], "published": "2018-01-05T13:33:00.000+02:00", "crawled": "2018-01-05T14:12:59.029+02:00", "highlightTitle": ""}