{"organizations": [], "uuid": "be4b2fce199f5e6dddb45371e3052051df1de707", "thread": {"social": {"gplus": {"shares": 0}, "pinterest": {"shares": 0}, "vk": {"shares": 0}, "linkedin": {"shares": 0}, "facebook": {"likes": 0, "shares": 0, "comments": 0}, "stumbledupon": {"shares": 0}}, "site_full": "www.cnbc.com", "main_image": "//sc.cnbcfm.com/applications/cnbc.com/staticcontent/img/cnbc_logo.gif", "site_section": "http://www.cnbc.com/id/10000027/page/3", "section_title": "Press Releases - CNBC", "url": "http://www.cnbc.com/2018/01/02/business-wire-aimco-announces-dates-for-fourth-quarter-2017-earnings-release-and-conference-call.html", "country": "US", "domain_rank": 767, "title": "Aimco Announces Dates for Fourth Quarter 2017 Earnings Release and Conference Call", "performance_score": 0, "site": "cnbc.com", "participants_count": 1, "title_full": "", "spam_score": 0.003, "site_type": "news", "published": "2018-01-03T00:15:00.000+02:00", "replies_count": 0, "uuid": "be4b2fce199f5e6dddb45371e3052051df1de707"}, "author": "cnbc.com", "url": "http://www.cnbc.com/2018/01/02/business-wire-aimco-announces-dates-for-fourth-quarter-2017-earnings-release-and-conference-call.html", "ord_in_thread": 0, "title": "Aimco Announces Dates for Fourth Quarter 2017 Earnings Release and Conference Call", "locations": [], "entities": {"persons": [], "locations": [{"name": "district of columbia", "sentiment": "none"}, {"name": "united states", "sentiment": "none"}], "organizations": [{"name": "apartment investment and management company", "sentiment": "negative"}, {"name": "aimco", "sentiment": "negative"}, {"name": "new york stock exchange", "sentiment": "none"}]}, "highlightText": "", "language": "english", "persons": [], "text": "DENVER--(BUSINESS WIRE)-- Apartment Investment and Management Company (“Aimco”) (NYSE: AIV) will release Fourth Quarter 2017 earnings on Thursday, February 1, 2018, after the market closes. The Fourth Quarter 2017 earnings conference call will be conducted on Friday, February 2, 2018 at 1:00 p.m. Eastern time.\nLive Conference Call\nDomestic Dial-In Number: 1-888-317-6003\nInternational Dial-In Number: 1-412-317-6061\nPasscode: 8442076\nWebcast: http://www.aimco.com/investors\nConference Call Replay\nDomestic Dial-In Number: 1-877-344-7529\nInternational Dial-In Number: 1-412-317-0088\nPasscode: 10115141\nThe conference call replay will be available until May 2, 2018.\nWebcast Replay: http://www.aimco.com/investors\nAimco is a real estate investment trust that is focused on the ownership and management of quality apartment communities located in the largest markets in the United States. Aimco is one of the country's largest owners and operators of apartments, with 187 communities in 22 states and the District of Columbia. Aimco common shares are traded on the New York Stock Exchange under the ticker symbol AIV, and are included in the S&P 500. For more information about Aimco, please visit our website at www.aimco.com .\nView source version on businesswire.com : http://www.businesswire.com/news/home/20180102005619/en/\nApartment Investment and Management Company\nLynn Stanfield\nSenior Vice President - Finance\nInvestor Relations, 303-793-4661\nInvestor@aimco.com\nSource: Apartment Investment and Management Company", "external_links": ["http://www.businesswire.com/news/home/20180102005619/en/", "http://cts.businesswire.com/ct/CT?id=smartlink&url=http%3A%2F%2Fwww.aimco.com%2Finvestors&esheet=51736626&newsitemid=20180102005619&lan=en-US&anchor=http%3A%2F%2Fwww.aimco.com%2Finvestors&index=1&md5=f86bc014943b0a022a0794fe1236c260", "http://cts.businesswire.com/ct/CT?id=smartlink&url=http%3A%2F%2Fwww.aimco.com%2Finvestors&esheet=51736626&newsitemid=20180102005619&lan=en-US&anchor=http%3A%2F%2Fwww.aimco.com%2Finvestors&index=2&md5=510d439abfede6b92efe626a45b74726", "http://cts.businesswire.com/ct/CT?id=smartlink&url=http%3A%2F%2Fwww.aimco.com&esheet=51736626&newsitemid=20180102005619&lan=en-US&anchor=www.aimco.com&index=3&md5=27343144da9c36b89c9d9607ca31df45", "http://www.aimco.com/investors"], "published": "2018-01-03T00:15:00.000+02:00", "crawled": "2018-01-03T02:19:44.047+02:00", "highlightTitle": ""}