{"organizations": [], "uuid": "5db75a7f996566eac866f078333ac4573b9d67ee", "thread": {"social": {"gplus": {"shares": 0}, "pinterest": {"shares": 0}, "vk": {"shares": 0}, "linkedin": {"shares": 0}, "facebook": {"likes": 0, "shares": 0, "comments": 0}, "stumbledupon": {"shares": 0}}, "site_full": "www.cnbc.com", "main_image": "//sc.cnbcfm.com/applications/cnbc.com/staticcontent/img/cnbc_logo.gif", "site_section": "http://www.cnbc.com/id/10000027", "section_title": "Press Releases - CNBC", "url": "http://www.cnbc.com/2018/01/01/business-wire-novan-24-hour-deadline-alert-approximately-24-hours-remain-claimsfiler-reminds-investors-of-deadline-in-class-action-lawsuit.html", "country": "US", "domain_rank": 767, "title": "NOVAN 24 HOUR DEADLINE ALERT: Approximately 24 Hours Remain; ClaimsFiler Reminds Investors of Deadline in Class Action Lawsuit Against Novan, Inc. - (NOVN)", "performance_score": 0, "site": "cnbc.com", "participants_count": 1, "title_full": "", "spam_score": 0.0, "site_type": "news", "published": "2018-01-02T06:50:00.000+02:00", "replies_count": 0, "uuid": "5db75a7f996566eac866f078333ac4573b9d67ee"}, "author": "cnbc.com", "url": "http://www.cnbc.com/2018/01/01/business-wire-novan-24-hour-deadline-alert-approximately-24-hours-remain-claimsfiler-reminds-investors-of-deadline-in-class-action-lawsuit.html", "ord_in_thread": 0, "title": "NOVAN 24 HOUR DEADLINE ALERT: Approximately 24 Hours Remain; ClaimsFiler Reminds Investors of Deadline in Class Action Lawsuit Against Novan, Inc. - (NOVN)", "locations": [], "entities": {"persons": [{"name": "claimsfiler claimsfiler", "sentiment": "none"}], "locations": [{"name": "new orleans", "sentiment": "none"}], "organizations": [{"name": "novan", "sentiment": "neutral"}, {"name": "class action lawsuit against novan, inc.", "sentiment": "neutral"}, {"name": "novn", "sentiment": "neutral"}, {"name": "united states district court for the middle district of north carolina", "sentiment": "none"}, {"name": "novan, inc.", "sentiment": "none"}]}, "highlightText": "", "language": "english", "persons": [], "text": "NEW ORLEANS--(BUSINESS WIRE)-- ClaimsFiler, a FREE shareholder information service, reminds investors that they have only until January 2, 2018 to file lead plaintiff applications in a securities class action lawsuit against Novan, Inc. (NasdaqGM: NOVN). Investor losses must relate to purchases of the Company’s shares between the expanded period of September 26, 2016 and August 1, 2017 (the “Class Period”) and/or pursuant to its September 26, 2016 initial public offering (“IPO”). This action is pending in the United States District Court for the Middle District of North Carolina.\nGet Help\nNovan investors should visit us at https://www.claimsfiler.com/cases/view-novan-inc-securities-litigation or call to speak to our claim center toll-free at (844) 367-9658.\nAbout ClaimsFiler\nClaimsFiler has a single mission: to serve as the information source to help retail investors recover their share of billions of dollars from securities class action settlements. ClaimsFiler's team of experts monitor the securities class action landscape and cull information from a variety of sources to ensure comprehensive coverage across a broad range of financial instruments.\nTo learn more about ClaimsFiler, visit www.claimsfiler.com .\nView source version on businesswire.com : http://www.businesswire.com/news/home/20180101005032/en/\nClaimsFiler\nJerry Gallo, 844-367-9658\nhttps://www.claimsfiler.com\nSource: ClaimsFiler", "external_links": ["http://cts.businesswire.com/ct/CT?id=smartlink&url=https%3A%2F%2Fwww.claimsfiler.com%2Fcases%2Fview-novan-inc-securities-litigation&esheet=51736159&newsitemid=20180101005032&lan=en-US&anchor=https%3A%2F%2Fwww.claimsfiler.com%2Fcases%2Fview-novan-inc-securities-litigation&index=1&md5=3a4a139fe74d38f55d4a12727e304049", "http://www.businesswire.com/news/home/20180101005032/en/", "https://www.claimsfiler.com/cases/view-novan-inc-securities-litigation", "http://cts.businesswire.com/ct/CT?id=smartlink&url=https%3A%2F%2Fwww.claimsfiler.com&esheet=51736159&lan=en-US&anchor=https%3A%2F%2Fwww.claimsfiler.com&index=3&md5=aff2cf8b43918a209c3387caea0ab48e", "http://cts.businesswire.com/ct/CT?id=smartlink&url=http%3A%2F%2Fwww.claimsfiler.com&esheet=51736159&newsitemid=20180101005032&lan=en-US&anchor=www.claimsfiler.com&index=2&md5=bf7488bc49609cfc46eeb6c99f7764dc"], "published": "2018-01-02T06:50:00.000+02:00", "crawled": "2018-01-02T08:43:55.004+02:00", "highlightTitle": ""}