{"organizations": [], "uuid": "477814e6795e17151255cb6457db39ff4da2bd68", "thread": {"social": {"gplus": {"shares": 0}, "pinterest": {"shares": 0}, "vk": {"shares": 0}, "linkedin": {"shares": 0}, "facebook": {"likes": 0, "shares": 0, "comments": 0}, "stumbledupon": {"shares": 0}}, "site_full": "www.wsj.com", "main_image": "https://si.wsj.net/public/resources/images/BN-WV300_Exerci_SOC_20180103135719.jpg", "site_section": "http://www.wsj.com/xml/rss/3_7455.xml", "section_title": "WSJ.com: WSJD", "url": "https://www.wsj.com/articles/new-years-fitness-resolutions-the-smartest-way-to-keep-them-1515006084", "country": "US", "domain_rank": 387, "title": "New Year’s Fitness Resolutions: The Smartest Way to Keep Them", "performance_score": 0, "site": "wsj.com", "participants_count": 1, "title_full": "", "spam_score": 0.0, "site_type": "news", "published": "2018-01-03T21:50:00.000+02:00", "replies_count": 0, "uuid": "477814e6795e17151255cb6457db39ff4da2bd68"}, "author": "Emily Abbate", "url": "https://www.wsj.com/articles/new-years-fitness-resolutions-the-smartest-way-to-keep-them-1515006084", "ord_in_thread": 0, "title": "New Year’s Fitness Resolutions: The Smartest Way to Keep Them", "locations": [], "entities": {"persons": [{"name": "andrew feigelman", "sentiment": "negative"}, {"name": "feigelman", "sentiment": "none"}, {"name": "schwarzenegger", "sentiment": "none"}], "locations": [{"name": "new york", "sentiment": "none"}, {"name": "midtown manhattan", "sentiment": "none"}], "organizations": [{"name": "ferris bueller", "sentiment": "none"}]}, "highlightText": "", "language": "english", "persons": [], "text": "IMPATIENT TO ESCAPE a mundane exercise routine of running, Andrew Feigelman stepped into Throwback Fitness in Midtown Manhattan, a retro gym that aims to make workouts a game—and felt like he was stepping back through time. Beneath a poster of Schwarzenegger hulking out in his ’80s action-star prime and Ferris Bueller in full recline, the New York native was greeted by a trainer decked out like a junior high Phys Ed. coach: crew cut, high socks, varsity tee, whistle around his neck. Pop music blared as Mr. Feigelman, 31, was introduced to intense variations on relay races, basketball and dodgeball inspired by the days...  ", "external_links": [], "published": "2018-01-03T21:50:00.000+02:00", "crawled": "2018-01-03T22:34:48.033+02:00", "highlightTitle": ""}