{"organizations": [], "uuid": "4799f12b7348bac9d79f3f908626bf35a138a5c9", "thread": {"social": {"gplus": {"shares": 0}, "pinterest": {"shares": 0}, "vk": {"shares": 0}, "linkedin": {"shares": 0}, "facebook": {"likes": 0, "shares": 0, "comments": 0}, "stumbledupon": {"shares": 0}}, "site_full": "www.reuters.com", "main_image": "https://s4.reutersmedia.net/resources_v2/images/rcom-default.png", "site_section": "http://www.reuters.com/resources/archive/us/20180108.html", "section_title": "Archive News &amp; Video for Monday, 08 Jan 2018 | Reuters.com", "url": "https://www.reuters.com/article/brief-sanochemia-pharmazeutika-receives/brief-sanochemia-pharmazeutika-receives-liability-notice-for-eur-276500-from-the-tax-authority-idUSFWN1P30R9", "country": "US", "domain_rank": 408, "title": "BRIEF-Sanochemia Pharmazeutika Receives Liability Notice For EUR 276,500 From The Tax Authority", "performance_score": 0, "site": "reuters.com", "participants_count": 1, "title_full": "", "spam_score": 0.0, "site_type": "news", "published": "2018-01-08T22:28:00.000+02:00", "replies_count": 0, "uuid": "4799f12b7348bac9d79f3f908626bf35a138a5c9"}, "author": "Reuters Editorial", "url": "https://www.reuters.com/article/brief-sanochemia-pharmazeutika-receives/brief-sanochemia-pharmazeutika-receives-liability-notice-for-eur-276500-from-the-tax-authority-idUSFWN1P30R9", "ord_in_thread": 0, "title": "BRIEF-Sanochemia Pharmazeutika Receives Liability Notice For EUR 276,500 From The Tax Authority", "locations": [], "entities": {"persons": [], "locations": [{"name": "sanochemia", "sentiment": "none"}], "organizations": [{"name": "reuters", "sentiment": "negative"}, {"name": "pharmazeutika ag", "sentiment": "negative"}, {"name": "tax authority", "sentiment": "negative"}, {"name": "eikon", "sentiment": "none"}, {"name": "gdynia newsroom", "sentiment": "none"}]}, "highlightText": "", "language": "english", "persons": [], "text": "Jan 8 (Reuters) - SANOCHEMIA PHARMAZEUTIKA AG:\n* RECEIPT OF A LIABILITY NOTICE FOR EUR 276,500 FROM THE TAX AUTHORITY\n* FIRST-INSTANCE DECISION, WILL BE OPPOSED BY COMPANY WITH ALL AVAILABLE LEGAL MEANS Source text for Eikon: Further company coverage: (Gdynia Newsroom)\n ", "external_links": ["http://thomsonreuters.com/en/about-us/trust-principles.html"], "published": "2018-01-08T22:28:00.000+02:00", "crawled": "2018-01-09T17:12:11.014+02:00", "highlightTitle": ""}