{"organizations": [], "uuid": "bef767712fb60b2f19651ae449a372afa9966431", "thread": {"social": {"gplus": {"shares": 0}, "pinterest": {"shares": 0}, "vk": {"shares": 0}, "linkedin": {"shares": 0}, "facebook": {"likes": 0, "shares": 0, "comments": 0}, "stumbledupon": {"shares": 0}}, "site_full": "www.reuters.com", "main_image": "https://s4.reutersmedia.net/resources_v2/images/rcom-default.png", "site_section": "http://www.reuters.com/resources/archive/us/20180108.html", "section_title": "Archive News &amp; Video for Monday, 08 Jan 2018 | Reuters.com", "url": "https://www.reuters.com/article/brief-prodware-says-chosen-by-six-compan/brief-prodware-says-chosen-by-six-companies-in-four-sectors-idUSFWN1P30VX", "country": "US", "domain_rank": 408, "title": "BRIEF-Prodware Says ‍Chosen By Six Companies In Four Sectors", "performance_score": 0, "site": "reuters.com", "participants_count": 1, "title_full": "", "spam_score": 0.016, "site_type": "news", "published": "2018-01-09T01:37:00.000+02:00", "replies_count": 0, "uuid": "bef767712fb60b2f19651ae449a372afa9966431"}, "author": "Reuters Editorial", "url": "https://www.reuters.com/article/brief-prodware-says-chosen-by-six-compan/brief-prodware-says-chosen-by-six-companies-in-four-sectors-idUSFWN1P30VX", "ord_in_thread": 0, "title": "BRIEF-Prodware Says ‍Chosen By Six Companies In Four Sectors", "locations": [], "entities": {"persons": [{"name": "prodware", "sentiment": "negative"}], "locations": [{"name": "nstitutions", "sentiment": "none"}], "organizations": [{"name": "reuters", "sentiment": "negative"}, {"name": "unesco", "sentiment": "none"}, {"name": "eikon", "sentiment": "none"}, {"name": "gdynia newsroom", "sentiment": "none"}]}, "highlightText": "", "language": "english", "persons": [], "text": "Jan 8 (Reuters) - PRODWARE SA:\n* ‍CHOSEN BY SIX COMPANIES IN FOUR SECTORS: FINANCE, MANUFACTURING, INSTITUTIONS, AND SERVICES FOR PROFESSIONALS​\n* ‍IN FINANCE: ALLIANCE BOKIAU CHOSE PRODWARE TO CARRY OUT ITS ENTIRE DIGITAL TRANSFORMATION​\n* ‍IN FINANCE: ONE OF LARGEST WORLDWIDE INSURANCE GROUPS CHOSE TO MIGRATE IT SYSTEM TO DYNAMICS 365 PLATFORM​\n* ‍IN MANUFACTURING: NORMACORC CHOSE PRODWARE IN ORDER TO ADOPT DYNAMICS 365 ONLINE PLATFORM​\n* ‍IN REALM OF INSTITUTIONS, UNESCO AND SANTHEA BOTH CHOSE PRODWARE​\n* TIAMA CHOSE PRODWARE TO MIGRATE TO DYNAMICS 365 ONLINE PLATFORM SOLUTION Source text for Eikon: Further company coverage: (Gdynia Newsroom)\n ", "external_links": ["http://thomsonreuters.com/en/about-us/trust-principles.html"], "published": "2018-01-09T01:37:00.000+02:00", "crawled": "2018-01-09T17:00:44.004+02:00", "highlightTitle": ""}