{"organizations": [], "uuid": "c18708491d5b9d6f4e0ad906824792bc18581f6c", "thread": {"social": {"gplus": {"shares": 0}, "pinterest": {"shares": 0}, "vk": {"shares": 0}, "linkedin": {"shares": 0}, "facebook": {"likes": 0, "shares": 0, "comments": 0}, "stumbledupon": {"shares": 0}}, "site_full": "www.cnbc.com", "main_image": "//sc.cnbcfm.com/applications/cnbc.com/staticcontent/img/cnbc_logo.gif", "site_section": "http://www.cnbc.com/id/10000027", "section_title": "Press Releases - CNBC", "url": "http://www.cnbc.com/2018/01/03/globe-newswire-franklin-electric-acquires-u-s-groundwater-distribution-company.html", "country": "US", "domain_rank": 767, "title": "Franklin Electric Acquires U.S. Groundwater Distribution Company", "performance_score": 0, "site": "cnbc.com", "participants_count": 1, "title_full": "", "spam_score": 0.0, "site_type": "news", "published": "2018-01-04T00:30:00.000+02:00", "replies_count": 0, "uuid": "c18708491d5b9d6f4e0ad906824792bc18581f6c"}, "author": "cnbc.com", "url": "http://www.cnbc.com/2018/01/03/globe-newswire-franklin-electric-acquires-u-s-groundwater-distribution-company.html", "ord_in_thread": 0, "title": "Franklin Electric Acquires U.S. Groundwater Distribution Company", "locations": [], "entities": {"persons": [{"name": "delancey davis", "sentiment": "none"}], "locations": [{"name": "fort wayne", "sentiment": "none"}, {"name": "ind.", "sentiment": "none"}, {"name": "u.s.", "sentiment": "none"}, {"name": "indiana", "sentiment": "none"}, {"name": "lansing", "sentiment": "none"}, {"name": "michigan", "sentiment": "none"}], "organizations": [{"name": "franklin electric acquires u.s. groundwater distribution company", "sentiment": "neutral"}, {"name": "franklin electric co., inc.", "sentiment": "neutral"}, {"name": "headwater companies", "sentiment": "none"}, {"name": "llc", "sentiment": "none"}, {"name": "franklin electric", "sentiment": "none"}, {"name": "headwater", "sentiment": "none"}, {"name": "valley farms", "sentiment": "none"}, {"name": "valley farms supply, inc.", "sentiment": "none"}]}, "highlightText": "", "language": "english", "persons": [], "text": "FORT WAYNE, Ind., Jan. 03, 2018 (GLOBE NEWSWIRE) -- Franklin Electric Co., Inc. (NASDAQ:FELE) announced today that it has acquired Valley Farms Supply, Inc. of Lansing, Michigan for $9.0 million. Valley Farms is a professional groundwater distributor operating three locations in the State of Michigan and one in the State of Indiana. Valley Farms has approximately $28.0 million of consolidated annual sales.\nDeLancey Davis, President of Headwater Companies, the wholly owned Distribution Segment of Franklin Electric, commented:\n“We are pleased to add Valley Farms to the Headwater family. The team at Valley Farms has built the largest groundwater distribution entity in Michigan by providing contractors with outstanding service and support. Valley Farms gives Headwater a leading market position in the important Michigan groundwater market and further fulfills our objective of being the leading source in groundwater systems distribution in the U.S.”\nHeadwater Companies, LLC is a collection of leading groundwater distributors. This collective and vested group ensures a focused groundwater distribution organization that delivers quality products and leading brands to the industry, providing contractors with the availability and service they demand to meet their application challenges.\nFranklin Electric is a global leader in the production and marketing of systems and components for the movement of water and fuel. Recognized as a technical leader in its products and services, Franklin Electric serves customers around the world in residential, commercial, agricultural, industrial, municipal, and fueling applications.\n“Safe Harbor” Statement under the Private Securities Litigation Reform Act of 1995. Any forward-looking statements contained herein, including those relating to market conditions or the Company’s financial results, costs, expenses or expense reductions, profit margins, inventory levels, foreign currency translation rates, liquidity expectations, business goals and sales growth, involve risks and uncertainties, including but not limited to, risks and uncertainties with respect to general economic and currency conditions, various conditions specific to the Company’s business and industry, weather conditions, new housing starts, market demand, competitive factors, changes in distribution channels, supply constraints, effect of price increases, raw material costs, technology factors, integration of acquisitions, litigation, government and regulatory actions, the Company’s accounting policies, future trends, and other risks which are detailed in the Company’s Securities and Exchange Commission filings, included in Item 1A of Part I of the Company’s Annual Report on Form 10-K for the fiscal year ending December 31, 2016, Exhibit 99.1 attached thereto and in Item 1A of Part II of the Company’s Quarterly Reports on Form 10-Q. These risks and uncertainties may cause actual results to differ materially from those indicated by the forward-looking statements. All forward-looking statements made herein are based on information currently available, and the Company assumes no obligation to update any forward-looking statement\nContact:\nJohn J. Haines\nFranklin Electric Co., Inc.\n260-824-2900\nSource:Franklin Electric Co., Inc.", "external_links": ["https://www.globenewswire.com/NewsRoom/AttachmentNg/e713ab98-415f-458c-b484-cf3e678c0198"], "published": "2018-01-04T00:30:00.000+02:00", "crawled": "2018-01-04T00:24:44.021+02:00", "highlightTitle": ""}