{"organizations": [], "uuid": "d33c04b6d76dbbd657ef2b3767927432af572434", "thread": {"social": {"gplus": {"shares": 0}, "pinterest": {"shares": 0}, "vk": {"shares": 0}, "linkedin": {"shares": 0}, "facebook": {"likes": 0, "shares": 0, "comments": 0}, "stumbledupon": {"shares": 0}}, "site_full": "www.reuters.com", "main_image": "https://s4.reutersmedia.net/resources_v2/images/rcom-default.png", "site_section": "http://feeds.reuters.com/reuters/companyNews\r", "section_title": "Reuters: Company News", "url": "https://www.reuters.com/article/brief-trimble-partners-with-calamp-to-de/brief-trimble-partners-with-calamp-to-deliver-fleet-and-asset-management-solutions-idUSFWN1OY0BG", "country": "US", "domain_rank": 408, "title": "BRIEF-Trimble Partners With Calamp To Deliver Fleet And Asset Management Solutions", "performance_score": 0, "site": "reuters.com", "participants_count": 0, "title_full": "", "spam_score": 0.0, "site_type": "news", "published": "2018-01-03T13:38:00.000+02:00", "replies_count": 0, "uuid": "d33c04b6d76dbbd657ef2b3767927432af572434"}, "author": "", "url": "https://www.reuters.com/article/brief-trimble-partners-with-calamp-to-de/brief-trimble-partners-with-calamp-to-deliver-fleet-and-asset-management-solutions-idUSFWN1OY0BG", "ord_in_thread": 0, "title": "BRIEF-Trimble Partners With Calamp To Deliver Fleet And Asset Management Solutions", "locations": [], "entities": {"persons": [], "locations": [], "organizations": [{"name": "calamp to deliver fleet and asset management solutions", "sentiment": "negative"}, {"name": "brief-trimble partners with calamp", "sentiment": "negative"}, {"name": "solutions reuters staff", "sentiment": "none"}, {"name": "calamp", "sentiment": "none"}, {"name": "reuters", "sentiment": "none"}, {"name": "eikon", "sentiment": "none"}, {"name": "calamp corp", "sentiment": "none"}]}, "highlightText": "", "language": "english", "persons": [], "text": " 39 AM / Updated 10 minutes ago BRIEF-Trimble Partners With Calamp To Deliver Fleet And Asset Management Solutions Reuters Staff 1 Min Read \nJan 3 (Reuters) - Calamp Corp: \n* TRIMBLE PARTNERS WITH CALAMP TO DELIVER FLEET AND ASSET MANAGEMENT SOLUTIONS Source text for Eikon: Further company coverage:", "external_links": [], "published": "2018-01-03T13:38:00.000+02:00", "crawled": "2018-01-03T13:57:16.011+02:00", "highlightTitle": ""}