{"organizations": [], "uuid": "8fba81854b208d40cb8042351b42797f6fc7fd40", "thread": {"social": {"gplus": {"shares": 0}, "pinterest": {"shares": 0}, "vk": {"shares": 0}, "linkedin": {"shares": 0}, "facebook": {"likes": 0, "shares": 0, "comments": 0}, "stumbledupon": {"shares": 0}}, "site_full": "www.cnbc.com", "main_image": "https://fm.cnbc.com/applications/cnbc.com/resources/img/editorial/2017/10/25/104794792-GettyImages-823198710.600x400.jpg", "site_section": "http://www.cnbc.com/id/100004038/device/rss/rss.html", "section_title": "Latest Video", "url": "https://www.cnbc.com/video/2018/01/02/the-looming-risk-that-could-sidetrack-stock-markets-animal-spirits.html", "country": "US", "domain_rank": 767, "title": "The looming risk that could sidetrack stock market’s ‘animal spirits’", "performance_score": 0, "site": "cnbc.com", "participants_count": 0, "title_full": "", "spam_score": 0.0, "site_type": "news", "published": "2018-01-02T22:21:00.000+02:00", "replies_count": 0, "uuid": "8fba81854b208d40cb8042351b42797f6fc7fd40"}, "author": "", "url": "https://www.cnbc.com/video/2018/01/02/the-looming-risk-that-could-sidetrack-stock-markets-animal-spirits.html", "ord_in_thread": 0, "title": "The looming risk that could sidetrack stock market’s ‘animal spirits’", "locations": [], "entities": {"persons": [], "locations": [], "organizations": []}, "highlightText": "", "language": "english", "persons": [], "text": "The looming risk that could sidetrack stock market’s ‘animal spirits’ 1 Hour Ago", "external_links": [], "published": "2018-01-02T22:21:00.000+02:00", "crawled": "2018-01-03T00:10:40.004+02:00", "highlightTitle": ""}