{"organizations": [], "uuid": "0f32bec3004bbc6f597a9bbf84d34daae5300dca", "thread": {"social": {"gplus": {"shares": 0}, "pinterest": {"shares": 0}, "vk": {"shares": 0}, "linkedin": {"shares": 0}, "facebook": {"likes": 0, "shares": 0, "comments": 0}, "stumbledupon": {"shares": 0}}, "site_full": "uk.reuters.com", "main_image": "https://yospace-cds1.reuters.com/u/resize~ad1~1200ce65e85c688-1515275233359?width=640&location=LANDSCAPE&videoId=RCV004BOT", "site_section": "http://feeds.reuters.com/reuters/UKVideoWorldNews", "section_title": "Reuters Video: World News", "url": "https://uk.reuters.com/video/2018/01/06/11-saudi-princes-arrested-after-protest?videoId=379648762", "country": "US", "domain_rank": 408, "title": "11 Saudi princes arrested after protest", "performance_score": 0, "site": "reuters.com", "participants_count": 0, "title_full": "", "spam_score": 0.0, "site_type": "news", "published": "2018-01-07T01:25:00.000+02:00", "replies_count": 0, "uuid": "0f32bec3004bbc6f597a9bbf84d34daae5300dca"}, "author": "", "url": "https://uk.reuters.com/video/2018/01/06/11-saudi-princes-arrested-after-protest?videoId=379648762", "ord_in_thread": 0, "title": "11 Saudi princes arrested after protest", "locations": [], "entities": {"persons": [{"name": "sau", "sentiment": "negative"}], "locations": [{"name": "riyadh", "sentiment": "none"}], "organizations": []}, "highlightText": "", "language": "english", "persons": [], "text": "11 Saudi princes arrested after protest   01:05 \nSaudi officials Saturday confirmed the arrest of 11 Saudi princes for staging a sit-in at a royal palace in Riyadh.   \nSaudi officials Saturday confirmed the arrest of 11 Saudi princes for staging a sit-in at a royal palace in Riyadh.  //reut.rs/2AANrBw", "external_links": [], "published": "2018-01-07T01:25:00.000+02:00", "crawled": "2018-01-07T02:35:40.024+02:00", "highlightTitle": ""}