{"organizations": [], "uuid": "2221011194e6d1d0560415a9ccd3dd57d8680044", "thread": {"social": {"gplus": {"shares": 0}, "pinterest": {"shares": 0}, "vk": {"shares": 0}, "linkedin": {"shares": 0}, "facebook": {"likes": 0, "shares": 0, "comments": 0}, "stumbledupon": {"shares": 0}}, "site_full": "uk.reuters.com", "main_image": "https://yospace-cds1.reuters.com/u/resize~ad1~1200ce65e85c73a-1515429379336?width=640&location=LANDSCAPE&videoId=RCV004BUA", "site_section": "http://feeds.reuters.com/reuters/UKVideoLatest", "section_title": "Reuters Video: Latest Videos UK", "url": "https://uk.reuters.com/video/2018/01/08/winfreys-rousing-globes-speech-sparks-20?videoId=381249031", "country": "US", "domain_rank": 408, "title": "Winfrey's rousing Globes speech sparks 2020 talk", "performance_score": 0, "site": "reuters.com", "participants_count": 0, "title_full": "", "spam_score": 0.0, "site_type": "news", "published": "2018-01-08T21:56:00.000+02:00", "replies_count": 0, "uuid": "2221011194e6d1d0560415a9ccd3dd57d8680044"}, "author": "", "url": "https://uk.reuters.com/video/2018/01/08/winfreys-rousing-globes-speech-sparks-20?videoId=381249031", "ord_in_thread": 0, "title": "Winfrey's rousing Globes speech sparks 2020 talk", "locations": [], "entities": {"persons": [{"name": "oprah winfrey", "sentiment": "negative"}, {"name": "twitt", "sentiment": "negative"}, {"name": "winfrey", "sentiment": "negative"}], "locations": [{"name": "hollywood", "sentiment": "none"}, {"name": "u.s.", "sentiment": "none"}, {"name": "twitter", "sentiment": "none"}], "organizations": []}, "highlightText": "", "language": "english", "persons": [], "text": "Winfrey's rousing Globes speech sparks 2020 talk 7:56pm GMT - 01:40 \nOprah Winfrey fans lit up Twitter on Monday with calls for her to run for U.S. president after the entertainment star gave an inspiring “new day” speech at an awards show in support of those who have exposed sexual misconduct in Hollywood and beyond.   \nOprah Winfrey fans lit up Twitter on Monday with calls for her to run for U.S. president after the entertainment star gave an inspiring “new day” speech at an awards show in support of those who have exposed sexual misconduct in Hollywood and beyond.  //uk.reuters.com/video/2018/01/08/winfreys-rousing-globes-speech-sparks-20?videoId=381249031&videoChannel=13422", "external_links": [], "published": "2018-01-08T21:56:00.000+02:00", "crawled": "2018-01-08T22:39:13.009+02:00", "highlightTitle": ""}