{"organizations": [], "uuid": "b91dc3f200506c4e62af1f151411729f3228572e", "thread": {"social": {"gplus": {"shares": 0}, "pinterest": {"shares": 0}, "vk": {"shares": 0}, "linkedin": {"shares": 0}, "facebook": {"likes": 0, "shares": 0, "comments": 0}, "stumbledupon": {"shares": 0}}, "site_full": "www.reuters.com", "main_image": "https://s4.reutersmedia.net/resources_v2/images/rcom-default.png", "site_section": "https://www.reuters.com/legal", "section_title": "Legal News | Reuters", "url": "https://www.reuters.com/article/employment-titlevii/2nd-circuit-revives-pro-se-city-maintenance-workers-title-vii-claims-idUSL1N1PB0FC", "country": "US", "domain_rank": 408, "title": "2nd Circuit revives pro se city maintenance worker's Title VII claims", "performance_score": 0, "site": "reuters.com", "participants_count": 1, "title_full": "", "spam_score": 0.001, "site_type": "news", "published": "2018-01-16T20:36:00.000+02:00", "replies_count": 0, "uuid": "b91dc3f200506c4e62af1f151411729f3228572e"}, "author": "Reuters Editorial", "url": "https://www.reuters.com/article/employment-titlevii/2nd-circuit-revives-pro-se-city-maintenance-workers-title-vii-claims-idUSL1N1PB0FC", "ord_in_thread": 0, "title": "2nd Circuit revives pro se city maintenance worker's Title VII claims", "locations": [], "entities": {"persons": [{"name": "curtis hardaway", "sentiment": "none"}], "locations": [{"name": "u.s.", "sentiment": "none"}, {"name": "connecticut", "sentiment": "none"}, {"name": "hartford", "sentiment": "none"}], "organizations": [{"name": "2nd circuit", "sentiment": "negative"}, {"name": "westlaw", "sentiment": "none"}, {"name": "2nd u.s. circuit court of appeals", "sentiment": "none"}, {"name": "department of public works", "sentiment": "none"}]}, "highlightText": "", "language": "english", "persons": [], "text": "A U.S. appeals court on Friday said plaintiffs who sue for workplace discrimination under federal law are only required to show that they first filed administrative complaints when employers raise the issue as a defense.\nA unanimous three-judge panel of the 2nd U.S. Circuit Court of Appeals revived a lawsuit against the city of Hartford, Connecticut’s Department of Public Works by a former maintenance worker, Curtis Hardaway, who claims he was fired for complaining that he and other black employees were subjected to hazardous conditions.\nTo read the full story on Westlaw Practitioner Insights, click here: bit.ly/2DeG494\n ", "external_links": ["http://thomsonreuters.com/en/about-us/trust-principles.html", "http://bit.ly/2DeG494"], "published": "2018-01-16T20:36:00.000+02:00", "crawled": "2018-01-16T23:20:14.004+02:00", "highlightTitle": ""}