{"organizations": [], "uuid": "e2d40a9afef40ce31c7aaa63f93f7b1f3dfdd087", "thread": {"social": {"gplus": {"shares": 0}, "pinterest": {"shares": 0}, "vk": {"shares": 0}, "linkedin": {"shares": 0}, "facebook": {"likes": 0, "shares": 0, "comments": 0}, "stumbledupon": {"shares": 0}}, "site_full": "www.cnbc.com", "main_image": "//sc.cnbcfm.com/applications/cnbc.com/staticcontent/img/cnbc_logo.gif", "site_section": "http://www.cnbc.com/id/10000027", "section_title": "Press Releases - CNBC", "url": "http://www.cnbc.com/2018/01/03/pr-newswire-obsidian-energy-ltd-announces-board-of-directors-appointment.html", "country": "US", "domain_rank": 767, "title": "Obsidian Energy Ltd. Announces Board of Directors Appointment", "performance_score": 0, "site": "cnbc.com", "participants_count": 1, "title_full": "", "spam_score": 0.0, "site_type": "news", "published": "2018-01-04T01:27:00.000+02:00", "replies_count": 0, "uuid": "e2d40a9afef40ce31c7aaa63f93f7b1f3dfdd087"}, "author": "cnbc.com", "url": "http://www.cnbc.com/2018/01/03/pr-newswire-obsidian-energy-ltd-announces-board-of-directors-appointment.html", "ord_in_thread": 0, "title": "Obsidian Energy Ltd. Announces Board of Directors Appointment", "locations": [], "entities": {"persons": [{"name": "ed kernaghan", "sentiment": "none"}, {"name": "edward", "sentiment": "none"}, {"name": "kernaghan", "sentiment": "none"}, {"name": "h. kernaghan", "sentiment": "none"}, {"name": "george brookman", "sentiment": "none"}], "locations": [{"name": "calgary", "sentiment": "none"}], "organizations": [{"name": "obsidian energy ltd.", "sentiment": "negative"}, {"name": "obsidian energy ltd", "sentiment": "neutral"}, {"name": "obsidian energy", "sentiment": "none"}, {"name": "board", "sentiment": "none"}, {"name": "kernwood limited", "sentiment": "none"}, {"name": "obsidian energy board", "sentiment": "none"}]}, "highlightText": "", "language": "english", "persons": [], "text": "CALGARY, Jan. 3, 2018 /PRNewswire/ - OBSIDIAN ENERGY LTD. (TSX/NYSE – OBE) (\" Obsidian Energy \", the \" Company \", \" we \", \" us \" or \" our \") is pleased to announce that Mr. Edward (Ed) H. Kernaghan has been appointed to the Obsidian Energy Board of Directors (the \" Board \").\nGeorge Brookman, Obsidian Energy's Acting Chairman of the Board commented, \"We are happy to have Ed Kernaghan join our Board. Mr. Kernaghan brings broad financial and capital markets experience and represents a material ownership stake through Kernwood Limited and members of his family. Mr. Kernaghan's addition is part of our ongoing commitment to ensure the right mix of skills and experience needed to steward our existing strategy.\"\nMr. Kernaghan commented, \"As a long-term shareholder, I am excited for what the future holds as Obsidian Energy executes its business plan and am eager to support and advise on Management and the Board's current strategy. I look forward to joining the team.\"\nMr. Kernaghan has over 15 years of experience in the financial services business. He held the position of Executive Vice-President at Kernaghan Securities, a firm he started along with his father, Ted Kernaghan, in 2001. He is currently a partner at Kernaghan & Partners and is President of Kernwood Limited which, together with various family members, owns over 33 million shares outstanding of the Company. Mr. Kernaghan also serves on a number of other boards of TSX listed companies. Mr. Kernaghan is a graduate of the University of Toronto with a Master of Science in Theoretical Physics, and he has a Bachelor of Science, Honors degree from Queens University.\nSOURCE Obsidian Energy Ltd.", "external_links": [], "published": "2018-01-04T01:27:00.000+02:00", "crawled": "2018-01-04T05:27:41.060+02:00", "highlightTitle": ""}