{"organizations": [], "uuid": "e48e480b0833a9ebe8c1602a0989eaa0c87174d5", "thread": {"social": {"gplus": {"shares": 0}, "pinterest": {"shares": 0}, "vk": {"shares": 0}, "linkedin": {"shares": 0}, "facebook": {"likes": 0, "shares": 0, "comments": 0}, "stumbledupon": {"shares": 0}}, "site_full": "www.cnbc.com", "main_image": "//sc.cnbcfm.com/applications/cnbc.com/staticcontent/img/cnbc_logo.gif", "site_section": "http://www.cnbc.com/id/10000027", "section_title": "Press Releases - CNBC", "url": "http://www.cnbc.com/2018/01/02/pr-newswire-laura-b-miller-named-senior-vice-president-chief-human-resources-officer-for-royal-caribbean-cruises-ltd.html", "country": "US", "domain_rank": 767, "title": "Laura B. Miller Named Senior Vice President & Chief Human Resources Officer For Royal Caribbean Cruises Ltd.", "performance_score": 0, "site": "cnbc.com", "participants_count": 1, "title_full": "", "spam_score": 0.0, "site_type": "news", "published": "2018-01-03T02:25:00.000+02:00", "replies_count": 0, "uuid": "e48e480b0833a9ebe8c1602a0989eaa0c87174d5"}, "author": "cnbc.com", "url": "http://www.cnbc.com/2018/01/02/pr-newswire-laura-b-miller-named-senior-vice-president-chief-human-resources-officer-for-royal-caribbean-cruises-ltd.html", "ord_in_thread": 0, "title": "Laura B. Miller Named Senior Vice President & Chief Human Resources Officer For Royal Caribbean Cruises Ltd.", "locations": [], "entities": {"persons": [{"name": "laura b. miller", "sentiment": "negative"}, {"name": "fain", "sentiment": "none"}, {"name": "richard d. fain", "sentiment": "none"}, {"name": "laura", "sentiment": "none"}, {"name": "miller", "sentiment": "none"}, {"name": "b. miller", "sentiment": "none"}], "locations": [{"name": "miami", "sentiment": "none"}, {"name": "royal caribbean", "sentiment": "none"}], "organizations": [{"name": "royal caribbean cruises ltd", "sentiment": "negative"}, {"name": "royal caribbean cruises ltd.", "sentiment": "negative"}, {"name": "rcl", "sentiment": "negative"}, {"name": "coca-cola", "sentiment": "none"}, {"name": "ceo of royal caribbean cruises ltd.", "sentiment": "none"}, {"name": "adt corporation", "sentiment": "none"}, {"name": "raytheon company", "sentiment": "none"}]}, "highlightText": "", "language": "english", "persons": [], "text": "MIAMI, Jan. 2, 2018 /PRNewswire/ -- Royal Caribbean Cruises Ltd. (NYSE: RCL) Laura B. Miller has been named senior vice president and chief human resources officer. Miller joins Royal Caribbean with more than 25 years of experience implementing human resources strategies for leading companies including ADT Corporation, Coca-Cola and Raytheon Company. Miller will report directly to Richard D. Fain, chairman and CEO of Royal Caribbean Cruises Ltd.\n\"At Royal Caribbean, we know it takes all 67,000 of our employees working together to surprise and delight almost 6 million guests each year,\" said Fain. \"Laura understands the importance of teamwork, and her background and skills are ideally suited for the role of leading and managing our HR organization as we strive to identify, hire, develop, motivate and retain the best employees, both shipboard and shoreside, responsible for providing our guests with extraordinary vacations.\"\nMiller most recently served as SVP and chief human resources officer for ADT Corporation, where she was responsible for leading all human resource functions for the $3.6B company with approximately 17,000 employees in over 200 locations. Prior to that, Miller was the chief human resources officer for Coca-Cola Refreshments, a $20B subsidiary of the Coca-Cola Company, where she lead a team of over 650 HR professionals that were responsible for supporting 70,000 employees in over 600 locations.\nMiller graduated from Cornell University with a B.S. in Industry and Labor Relations.\nAs of December 31, 2017, Royal Caribbean's global brands employed over 67,000 employees, including 61,000 shipboard employees as well as 6,000 full-time and 100 part-time employees in our shoreside operations.\nRoyal Caribbean Cruises Ltd. (NYSE: RCL) is a global cruise vacation company that owns and operates three global brands: Royal Caribbean International, Celebrity Cruises and Azamara Club Cruises. We are a 50 percent joint venture owner of the German brand TUI Cruises, a 49 percent shareholder in the Spanish brand Pullmantur and a minority shareholder in the Chinese brand SkySea Cruises. Together, these brands operate a combined total of 49 ships with an additional twelve on order. They operate diverse itineraries around the world that call on approximately 535 destinations on all seven continents. Additional information can be found www.rclcorporate.com .\nView original content: http://www.prnewswire.com/news-releases/laura-b-miller-named-senior-vice-president--chief-human-resources-officer-for-royal-caribbean-cruises-ltd-300576704.html\nSOURCE Royal Caribbean Cruises Ltd.", "external_links": ["http://www.prnewswire.com/news-releases/laura-b-miller-named-senior-vice-president--chief-human-resources-officer-for-royal-caribbean-cruises-ltd-300576704.html", "http://www.rclcorporate.com/"], "published": "2018-01-03T02:25:00.000+02:00", "crawled": "2018-01-03T04:10:12.010+02:00", "highlightTitle": ""}