{"organizations": [], "uuid": "8c9eddc9804e4ada145c42c67975e9af3e58ee6f", "thread": {"social": {"gplus": {"shares": 0}, "pinterest": {"shares": 0}, "vk": {"shares": 0}, "linkedin": {"shares": 0}, "facebook": {"likes": 0, "shares": 0, "comments": 0}, "stumbledupon": {"shares": 0}}, "site_full": "www.reuters.com", "main_image": "https://yospace-cds1.reuters.com/u/resize~ad1~1200ce65e85c352?width=640&location=LANDSCAPE&videoId=OV7WACNL7", "site_section": "http://feeds.reuters.com/reuters/USVideoLatest", "section_title": "Reuters Video: Latest Videos US", "url": "https://www.reuters.com/video/2018/01/01/dont-extinguish-hope-in-migrants-hearts?videoId=377622790", "country": "US", "domain_rank": 408, "title": "Don't extinguish hope in migrants' hearts, Pope says on Day of Peace", "performance_score": 0, "site": "reuters.com", "participants_count": 0, "title_full": "", "spam_score": 0.0, "site_type": "news", "published": "2018-01-02T10:07:00.000+02:00", "replies_count": 0, "uuid": "8c9eddc9804e4ada145c42c67975e9af3e58ee6f"}, "author": "", "url": "https://www.reuters.com/video/2018/01/01/dont-extinguish-hope-in-migrants-hearts?videoId=377622790", "ord_in_thread": 0, "title": "Don't extinguish hope in migrants' hearts, Pope says on Day of Peace", "locations": [], "entities": {"persons": [{"name": "pope", "sentiment": "negative"}, {"name": "francis", "sentiment": "none"}], "locations": [{"name": "vatican", "sentiment": "none"}], "organizations": []}, "highlightText": "", "language": "english", "persons": [], "text": "Don't extinguish hope in migrants' hearts, Pope says on Day of Peace Monday, January 01, 2018 - 01:42 \nPope Francis conducts his weekly Angelus paryer in the Vatican and asks civil institutions to commit themselves to ensure refugees and migrants have a future of peace. Rough cut (no reporter narration).   \nPope Francis conducts his weekly Angelus paryer in the Vatican and asks civil institutions to commit themselves to ensure refugees and migrants have a future of peace. Rough cut (no reporter narration).  //reut.rs/2A49LDd", "external_links": [], "published": "2018-01-02T10:07:00.000+02:00", "crawled": "2018-01-02T10:34:38.014+02:00", "highlightTitle": ""}