{"organizations": [], "uuid": "765f17be0676efa02111445b7cb76e26a610dc04", "thread": {"social": {"gplus": {"shares": 0}, "pinterest": {"shares": 0}, "vk": {"shares": 0}, "linkedin": {"shares": 0}, "facebook": {"likes": 0, "shares": 0, "comments": 0}, "stumbledupon": {"shares": 0}}, "site_full": "in.reuters.com", "main_image": "https://yospace-cds1.reuters.com/u/resize~ad1~1200ce65e85c4a3-1515008637707?width=640&location=LANDSCAPE&videoId=OV7WKCDSV", "site_section": "http://feeds.reuters.com/reuters/INVideoWorldNews", "section_title": "Reuters Video: World News", "url": "https://in.reuters.com/video/2018/01/04/new-book-says-bannon-called-trump-jr-mee?videoId=377995503", "country": "US", "domain_rank": 408, "title": "New book says Bannon called Trump Jr. meeting \"treasonous\"", "performance_score": 0, "site": "reuters.com", "participants_count": 0, "title_full": "", "spam_score": 0.0, "site_type": "news", "published": "2018-01-03T21:45:00.000+02:00", "replies_count": 0, "uuid": "765f17be0676efa02111445b7cb76e26a610dc04"}, "author": "", "url": "https://in.reuters.com/video/2018/01/04/new-book-says-bannon-called-trump-jr-mee?videoId=377995503", "ord_in_thread": 0, "title": "New book says Bannon called Trump Jr. meeting \"treasonous\"", "locations": [], "entities": {"persons": [{"name": "bannon", "sentiment": "negative"}, {"name": "steve bannon", "sentiment": "negative"}, {"name": "donald trump", "sentiment": "none"}, {"name": "jr", "sentiment": "none"}, {"name": "justin mitchell", "sentiment": "none"}], "locations": [], "organizations": [{"name": "trump administration", "sentiment": "none"}]}, "highlightText": "", "language": "english", "persons": [], "text": "New book says Bannon called Trump Jr. meeting \"treasonous\"   01:09 \nSteve Bannon referred to Donald Trump, Jr's June 2016 meeting with a group of Russians as ''treasonous'' and ''unpatriotic,'' according to quotes in a new book on the Trump Administration. Justin Mitchell reports.   \nSteve Bannon referred to Donald Trump, Jr's June 2016 meeting with a group of Russians as \"treasonous\" and \"unpatriotic,\" according to quotes in a new book on the Trump Administration. Justin Mitchell reports.  //reut.rs/2CEPaLU", "external_links": [], "published": "2018-01-03T21:45:00.000+02:00", "crawled": "2018-01-04T08:42:44.000+02:00", "highlightTitle": ""}