{"organizations": [], "uuid": "a96468f0ef20a4bbbfb61cca338d10a0cd343015", "thread": {"social": {"gplus": {"shares": 0}, "pinterest": {"shares": 0}, "vk": {"shares": 0}, "linkedin": {"shares": 0}, "facebook": {"likes": 0, "shares": 0, "comments": 0}, "stumbledupon": {"shares": 0}}, "site_full": "www.cnbc.com", "main_image": "https://fm.cnbc.com/applications/cnbc.com/resources/img/editorial/2018/01/02/104924609-3ED5-TN-Seg2-010218.600x400.jpg", "site_section": "http://www.cnbc.com/id/100004038/device/rss/rss.html", "section_title": "Latest Video", "url": "https://www.cnbc.com/video/2018/01/02/what-the-first-trading-day-of-the-year-means-for-stocks.html", "country": "US", "domain_rank": 767, "title": "What the first trading day of the year means for stocks", "performance_score": 0, "site": "cnbc.com", "participants_count": 0, "title_full": "", "spam_score": 0.0, "site_type": "news", "published": "2018-01-02T22:58:00.000+02:00", "replies_count": 0, "uuid": "a96468f0ef20a4bbbfb61cca338d10a0cd343015"}, "author": "", "url": "https://www.cnbc.com/video/2018/01/02/what-the-first-trading-day-of-the-year-means-for-stocks.html", "ord_in_thread": 0, "title": "What the first trading day of the year means for stocks", "locations": [], "entities": {"persons": [{"name": "chad morganlander", "sentiment": "positive"}, {"name": "craig johnson", "sentiment": "none"}, {"name": "brian sullivan", "sentiment": "none"}], "locations": [{"name": "washington", "sentiment": "none"}], "organizations": [{"name": "piper jaffray", "sentiment": "none"}]}, "highlightText": "", "language": "english", "persons": [], "text": "What the first trading day of the year means for stocks 1 Hour Ago Chad Morganlander with Washington Crossing Advisors and Craig Johnson with Piper Jaffray discuss stocks in January and beyond with Brian Sullivan.", "external_links": [], "published": "2018-01-02T22:58:00.000+02:00", "crawled": "2018-01-03T00:10:34.006+02:00", "highlightTitle": ""}