{"organizations": [], "uuid": "1ba914707de84998d1afb8624dc902fef3c19358", "thread": {"social": {"gplus": {"shares": 0}, "pinterest": {"shares": 0}, "vk": {"shares": 0}, "linkedin": {"shares": 0}, "facebook": {"likes": 0, "shares": 0, "comments": 0}, "stumbledupon": {"shares": 0}}, "site_full": "in.reuters.com", "main_image": "https://yospace-cds1.reuters.com/u/resize~ad1~1200cce51a2562a?width=640&location=LANDSCAPE&videoId=OV7WK4SBF", "site_section": "http://feeds.reuters.com/reuters/INVideoTechnology", "section_title": "Reuters Video: Technology", "url": "https://in.reuters.com/video/2018/01/04/how-alcohol-damages-stem-cell-dna-and-in?videoId=377990992", "country": "US", "domain_rank": 408, "title": "How alcohol damages stem cell DNA and increases cancer risk", "performance_score": 0, "site": "reuters.com", "participants_count": 0, "title_full": "", "spam_score": 0.0, "site_type": "news", "published": "2018-01-04T08:03:00.000+02:00", "replies_count": 0, "uuid": "1ba914707de84998d1afb8624dc902fef3c19358"}, "author": "", "url": "https://in.reuters.com/video/2018/01/04/how-alcohol-damages-stem-cell-dna-and-in?videoId=377990992", "ord_in_thread": 0, "title": "How alcohol damages stem cell DNA and increases cancer risk", "locations": [], "entities": {"persons": [{"name": "stuart mcdill", "sentiment": "none"}], "locations": [], "organizations": []}, "highlightText": "", "language": "english", "persons": [], "text": "How alcohol damages stem cell DNA and increases cancer risk Thursday, January 04, 2018 - 01:46 \nNew research pinpoints how alcohol damages the DNA of stem cells, increasing the risk of developing cancer. Stuart McDill reports.   \nNew research pinpoints how alcohol damages the DNA of stem cells, increasing the risk of developing cancer. Stuart McDill reports.  //reut.rs/2AlYRZC", "external_links": [], "published": "2018-01-04T08:03:00.000+02:00", "crawled": "2018-01-04T08:42:25.020+02:00", "highlightTitle": ""}