{"organizations": [], "uuid": "0a59417e7dcc0591924770085815ebd8a624a084", "thread": {"social": {"gplus": {"shares": 0}, "pinterest": {"shares": 0}, "vk": {"shares": 0}, "linkedin": {"shares": 0}, "facebook": {"likes": 0, "shares": 0, "comments": 0}, "stumbledupon": {"shares": 0}}, "site_full": "www.cnbc.com", "main_image": "//sc.cnbcfm.com/applications/cnbc.com/staticcontent/img/cnbc_logo.gif", "site_section": "http://www.cnbc.com/id/10000027/page/5", "section_title": "Press Releases - CNBC", "url": "http://www.cnbc.com/2018/01/02/pr-newswire-vulcan-materials-closes-acquisition-of-aggregates-usa.html", "country": "US", "domain_rank": 767, "title": "Vulcan Materials Closes Acquisition of Aggregates USA", "performance_score": 0, "site": "cnbc.com", "participants_count": 1, "title_full": "", "spam_score": 0.01, "site_type": "news", "published": "2018-01-02T14:45:00.000+02:00", "replies_count": 0, "uuid": "0a59417e7dcc0591924770085815ebd8a624a084"}, "author": "cnbc.com", "url": "http://www.cnbc.com/2018/01/02/pr-newswire-vulcan-materials-closes-acquisition-of-aggregates-usa.html", "ord_in_thread": 0, "title": "Vulcan Materials Closes Acquisition of Aggregates USA", "locations": [], "entities": {"persons": [{"name": "tom hill", "sentiment": "none"}], "locations": [{"name": "usa birmingham", "sentiment": "none"}, {"name": "ala.", "sentiment": "none"}, {"name": "tennessee", "sentiment": "none"}, {"name": "aggregates usa", "sentiment": "none"}, {"name": "georgia", "sentiment": "none"}, {"name": "florida", "sentiment": "none"}, {"name": "virginia", "sentiment": "none"}, {"name": "south carolina", "sentiment": "none"}], "organizations": [{"name": "vulcan materials closes acquisition of aggregates", "sentiment": "negative"}, {"name": "vmc", "sentiment": "negative"}, {"name": "vulcan materials company", "sentiment": "negative"}, {"name": "llc", "sentiment": "none"}, {"name": "vulcan", "sentiment": "none"}, {"name": "aggregates usa", "sentiment": "none"}, {"name": "united states department of justice", "sentiment": "none"}, {"name": "blue water industries llc", "sentiment": "none"}]}, "highlightText": "", "language": "english", "persons": [], "text": "BIRMINGHAM, Ala., Jan. 2, 2018 /PRNewswire/ -- Vulcan Materials Company (NYSE: VMC), the nation's largest producer of construction aggregates, today announced that it has completed its planned acquisition of Aggregates USA, LLC. The acquisition, which closed on December 29, includes three granite quarries in Georgia and 16 rail distribution yards in Georgia, South Carolina, and Florida. Pursuant to its previously planned and announced agreement with the United States Department of Justice, Vulcan has divested certain former holdings of Aggregates USA, LLC relating to its operations in Tennessee and Virginia to Blue Water Industries LLC, for a sales price of $290 million.\n\"We look forward to bringing the outstanding employees and operations of Aggregates USA into our Company,\" said Vulcan's Chairman and Chief Executive Officer Tom Hill. \"This acquisition complements and expands our footprint in Georgia, South Carolina and Florida, adds to our product offering, expands our distribution network and service areas, and will help us better serve our customers. The Aggregates USA team has developed an outstanding reputation for quality products and efficient, productive and safe operations. We are delighted that they are now part of the Vulcan team.\"\nAbout Vulcan Materials\nVulcan Materials Company, a member of the S&P 500 index with headquarters in Birmingham, Alabama, is the nation's largest producer of construction aggregates—primarily crushed stone, sand and gravel—and a major producer of aggregates-based construction materials, including asphalt and ready-mixed concrete. For additional information about Vulcan, go to www.vulcanmaterials.com .\nView original content with multimedia: http://www.prnewswire.com/news-releases/vulcan-materials-closes-acquisition-of-aggregates-usa-300576309.html\nSOURCE Vulcan Materials Company", "external_links": ["http://www.vulcanmaterials.com/", "http://www.prnewswire.com/news-releases/vulcan-materials-closes-acquisition-of-aggregates-usa-300576309.html"], "published": "2018-01-02T14:45:00.000+02:00", "crawled": "2018-01-02T16:57:25.001+02:00", "highlightTitle": ""}