{"organizations": [], "uuid": "3c3723aac8a95300b1714e8b72d237c31586c83b", "thread": {"social": {"gplus": {"shares": 0}, "pinterest": {"shares": 0}, "vk": {"shares": 0}, "linkedin": {"shares": 0}, "facebook": {"likes": 0, "shares": 0, "comments": 0}, "stumbledupon": {"shares": 0}}, "site_full": "www.reuters.com", "main_image": "https://s4.reutersmedia.net/resources_v2/images/rcom-default.png", "site_section": "http://www.reuters.com/resources/archive/us/20180108.html", "section_title": "Archive News &amp; Video for Monday, 08 Jan 2018 | Reuters.com", "url": "https://www.reuters.com/article/usa-stocks/us-stocks-snapshot-wall-st-rally-eases-up-as-healthcare-banks-weigh-idUSZXN0R792I", "country": "US", "domain_rank": 408, "title": "US STOCKS SNAPSHOT-Wall St rally eases up as healthcare, banks weigh", "performance_score": 0, "site": "reuters.com", "participants_count": 1, "title_full": "", "spam_score": 0.0, "site_type": "news", "published": "2018-01-09T05:05:00.000+02:00", "replies_count": 0, "uuid": "3c3723aac8a95300b1714e8b72d237c31586c83b"}, "author": "Reuters Editorial", "url": "https://www.reuters.com/article/usa-stocks/us-stocks-snapshot-wall-st-rally-eases-up-as-healthcare-banks-weigh-idUSZXN0R792I", "ord_in_thread": 0, "title": "US STOCKS SNAPSHOT-Wall St rally eases up as healthcare, banks weigh", "locations": [], "entities": {"persons": [{"name": "sinead carew", "sentiment": "none"}, {"name": "nick zieminski", "sentiment": "none"}], "locations": [{"name": "new york", "sentiment": "none"}, {"name": "us", "sentiment": "none"}], "organizations": [{"name": "reuters", "sentiment": "negative"}, {"name": "s&p", "sentiment": "none"}]}, "highlightText": "", "language": "english", "persons": [], "text": "NEW YORK, Jan 8 (Reuters) - The S&P 500 barely rose on Monday while the healthcare and financial sectors weighed and investors took a breather ahead of earnings season and after the strong rally that marked the start of 2018.\nThe Dow Jones Industrial Average fell 12.94 points, or 0.05 percent, to 25,282.93, the S&P 500 gained 4.55 points, or 0.17 percent, to 2,747.7 and the Nasdaq Composite added 20.83 points, or 0.29 percent, to 7,157.39. (Reporting by Sinead Carew; Editing by Nick Zieminski)\n ", "external_links": ["http://thomsonreuters.com/en/about-us/trust-principles.html"], "published": "2018-01-09T05:05:00.000+02:00", "crawled": "2018-01-09T17:04:09.002+02:00", "highlightTitle": ""}