{"organizations": [], "uuid": "beaaab75c4cec205d1c4d9bd2cf69d1fa237fa69", "thread": {"social": {"gplus": {"shares": 0}, "pinterest": {"shares": 0}, "vk": {"shares": 0}, "linkedin": {"shares": 0}, "facebook": {"likes": 0, "shares": 0, "comments": 0}, "stumbledupon": {"shares": 0}}, "site_full": "uk.reuters.com", "main_image": "https://yospace-cds1.reuters.com/u/resize~ad1~1200cce51a25553?width=640&location=LANDSCAPE&videoId=OV7WF3XPD", "site_section": "http://feeds.reuters.com/reuters/UKVideoRoughCuts", "section_title": "Reuters Video: Rough Cuts", "url": "https://uk.reuters.com/video/2018/01/02/south-african-grannies-get-fit-and-fight?videoId=377773129", "country": "US", "domain_rank": 408, "title": "South African grannies get fit and fight old age with a mean punch", "performance_score": 0, "site": "reuters.com", "participants_count": 0, "title_full": "", "spam_score": 0.0, "site_type": "news", "published": "2018-01-03T14:01:00.000+02:00", "replies_count": 0, "uuid": "beaaab75c4cec205d1c4d9bd2cf69d1fa237fa69"}, "author": "", "url": "https://uk.reuters.com/video/2018/01/02/south-african-grannies-get-fit-and-fight?videoId=377773129", "ord_in_thread": 0, "title": "South African grannies get fit and fight old age with a mean punch", "locations": [], "entities": {"persons": [], "locations": [{"name": "johannesburg", "sentiment": "none"}], "organizations": []}, "highlightText": "", "language": "english", "persons": [], "text": "South African grannies get fit and fight old age with a mean punch Tuesday, January 02, 2018 - 01:04 \nA group of elderly women in Johannesburg are using their fists to fight the aches and pains of old age. Rough cut (no reporter narration). ▲ Hide Transcript ▶ View Transcript \nA group of elderly women in Johannesburg are using their fists to fight the aches and pains of old age. Rough cut (no reporter narration). Press CTRL+C (Windows), CMD+C (Mac), or long-press the URL below on your mobile device to copy the code https://reut.rs/2Cxrv09", "external_links": [], "published": "2018-01-03T14:01:00.000+02:00", "crawled": "2018-01-03T14:46:54.021+02:00", "highlightTitle": ""}