{"organizations": [], "uuid": "6936846b411c4300c62ded70f7d7b98976987786", "thread": {"social": {"gplus": {"shares": 0}, "pinterest": {"shares": 0}, "vk": {"shares": 0}, "linkedin": {"shares": 0}, "facebook": {"likes": 0, "shares": 0, "comments": 0}, "stumbledupon": {"shares": 0}}, "site_full": "www.cnbc.com", "main_image": "//sc.cnbcfm.com/applications/cnbc.com/staticcontent/img/cnbc_logo.gif", "site_section": "http://www.cnbc.com/id/10000027/page/2", "section_title": "Press Releases - CNBC", "url": "http://www.cnbc.com/2018/01/03/business-wire-bluegreen-vacationstm-announces-executive-team-promotions-and-creation-of-new-leadership-positions.html", "country": "US", "domain_rank": 767, "title": "Bluegreen VacationsTM Announces Executive Team Promotions and Creation of New Leadership Positions", "performance_score": 0, "site": "cnbc.com", "participants_count": 1, "title_full": "", "spam_score": 0.0, "site_type": "news", "published": "2018-01-03T17:00:00.000+02:00", "replies_count": 0, "uuid": "6936846b411c4300c62ded70f7d7b98976987786"}, "author": "cnbc.com", "url": "http://www.cnbc.com/2018/01/03/business-wire-bluegreen-vacationstm-announces-executive-team-promotions-and-creation-of-new-leadership-positions.html", "ord_in_thread": 0, "title": "Bluegreen VacationsTM Announces Executive Team Promotions and Creation of New Leadership Positions", "locations": [], "entities": {"persons": [{"name": "chanse rivera", "sentiment": "none"}, {"name": "tony puleo", "sentiment": "none"}, {"name": "susan", "sentiment": "none"}, {"name": "wardak", "sentiment": "none"}, {"name": "peter menges", "sentiment": "none"}, {"name": "ahmad m. wardak", "sentiment": "none"}], "locations": [{"name": "fla.", "sentiment": "none"}], "organizations": [{"name": "bluegreen vacations corporation", "sentiment": "negative"}, {"name": "bluegreen vacationstm announces executive team promotions", "sentiment": "negative"}, {"name": "bluegreen treasury services", "sentiment": "none"}, {"name": "bluegreen ventures", "sentiment": "none"}]}, "highlightText": "", "language": "english", "persons": [], "text": "BOCA RATON, Fla.--(BUSINESS WIRE)-- Bluegreen Vacations Corporation (“Bluegreen Vacations” or “Bluegreen\"), (NYSE: BXG), a leading vacation ownership company, today announced the appointment of three new Executive Vice Presidents, as well as the creation of two new Corporate Development roles.\nEffective immediately, Tony Puleo, Chief Financial Officer and Treasurer and President, Bluegreen Treasury Services; Chanse Rivera, Chief Information Officer; and Susan Saturday, Chief Human Resources Officer, have each been promoted to Executive Vice President of their respective functions.\nIn addition, Ahmad M. Wardak now transitions into a newly created role of Executive Vice President, Corporate Development and Innovation. Mr. Wardak will focus on identifying new strategic opportunities both internally and across the vacation industry landscape, and will lead acquisition and business partner integrations on behalf of the organization. Peter Menges, formerly Senior Vice President, Bluegreen Ventures, will now be expanding his role as Senior Vice President Customer Acquisition and Alliances. Mr. Menges will be responsible for introducing new customers to Bluegreen through the development and management of Bluegreen’s vacation package sales efforts, owner referral programs, and strategic alliance relationships, including Bass Pro and Choice Hotels.\n“We have completed an exciting 2017, which included expanding our marketing relationships and our successful initial public offering,” said Shawn B. Pearson, CEO and President, Bluegreen Vacations. “These leadership changes, recognizing each individuals’ track record and significant contribution to our success to date, will help position Bluegreen in the vacation ownership industry in 2018 and beyond.”\nAbout Bluegreen Vacations Corporation:\nBluegreen Vacations Corporation, founded in 1966 and headquartered in Boca Raton, Florida, is a leading vacation ownership company that markets and sells vacation ownership interests (VOIs) and manages resorts in top leisure and urban destinations. The Bluegreen Vacation Club is a flexible, points-based, deeded vacation ownership plan with approximately 211,000 owners, 67 Club and Club Associate Resorts and access to more than 11,000 other hotels and resorts through partnerships and exchange networks. Bluegreen Vacations also offers a portfolio of comprehensive, fee-based resort management, financial, and sales and marketing services, to or on behalf of third parties. Bluegreen is 90% owned by BBX Capital Corporation. For further information, visit www.BluegreenVacations.com .\nAbout BBX Capital Corporation :\nBBX Capital Corporation (NYSE: BBX) (OTCQX: BBXTB), formerly BFC Financial Corporation, is a diversified holding company whose activities include its approximate 90% ownership of Bluegreen Vacations Corporation and, through its Real Estate and Middle Market Divisions, the acquisition, ownership and management of joint ventures and investments in real estate and real estate development projects and middle market operating businesses. As of June 30, 2017, BBX Capital had total consolidated assets of $1.5 billion. For further information, visit www.BBXCapital.com .\nView source version on businesswire.com : http://www.businesswire.com/news/home/20180103005604/en/\nBluegreen Press Contact:\nJennifer Williams, 561-912-8266\nJennifer.Williams@BluegreenVacations.com\nor\nBBX Capital Corporation:\nInvestor Relations:\nLeo Hinkley, 954-940-5300\nManaging Director, Investor Relations Officer\nLHinkley@BBXCapital.com\nSource: Bluegreen Vacations Corporation", "external_links": ["http://cts.businesswire.com/ct/CT?id=smartlink&url=http%3A%2F%2Fwww.BluegreenVacations.com&esheet=51736780&newsitemid=20180103005604&lan=en-US&anchor=www.BluegreenVacations.com&index=1&md5=01de2d0810e1c70ce39bd3b714540a9b", "http://www.businesswire.com/news/home/20180103005604/en/", "http://cts.businesswire.com/ct/CT?id=smartlink&url=http%3A%2F%2Fwww.BBXCapital.com&esheet=51736780&newsitemid=20180103005604&lan=en-US&anchor=www.BBXCapital.com&index=2&md5=c38ddf9e2afd29167f9794e972897d98"], "published": "2018-01-03T17:00:00.000+02:00", "crawled": "2018-01-03T16:31:01.013+02:00", "highlightTitle": ""}