{"organizations": [], "uuid": "f64d9dad5d2bc7337533d9e8e6be65897e4931d5", "thread": {"social": {"gplus": {"shares": 0}, "pinterest": {"shares": 0}, "vk": {"shares": 0}, "linkedin": {"shares": 0}, "facebook": {"likes": 0, "shares": 0, "comments": 0}, "stumbledupon": {"shares": 0}}, "site_full": "www.reuters.com", "main_image": "https://s4.reutersmedia.net/resources_v2/images/rcom-default.png", "site_section": "http://www.reuters.com/resources/archive/us/20180112.html", "section_title": "Archive News &amp; Video for Friday, 12 Jan 2018 | Reuters.com", "url": "https://www.reuters.com/article/usa-trade-china-aluminum/u-s-finds-china-aluminum-sheet-metal-imports-hurt-american-producers-idUSL1N1P713D", "country": "US", "domain_rank": 408, "title": "U.S. finds China aluminum sheet metal imports hurt American producers", "performance_score": 0, "site": "reuters.com", "participants_count": 1, "title_full": "", "spam_score": 0.011, "site_type": "news", "published": "2018-01-13T00:42:00.000+02:00", "replies_count": 0, "uuid": "f64d9dad5d2bc7337533d9e8e6be65897e4931d5"}, "author": "Reuters Editorial", "url": "https://www.reuters.com/article/usa-trade-china-aluminum/u-s-finds-china-aluminum-sheet-metal-imports-hurt-american-producers-idUSL1N1P713D", "ord_in_thread": 0, "title": "U.S. finds China aluminum sheet metal imports hurt American producers", "locations": [], "entities": {"persons": [{"name": "eric walsh", "sentiment": "none"}, {"name": "susan heavey", "sentiment": "none"}, {"name": "tom brown", "sentiment": "none"}, {"name": "tim ahmann", "sentiment": "none"}], "locations": [{"name": "u.s.", "sentiment": "none"}, {"name": "china", "sentiment": "none"}, {"name": "washington", "sentiment": "none"}], "organizations": [{"name": "u.s. international trade commission", "sentiment": "negative"}, {"name": "reuters", "sentiment": "negative"}, {"name": "u.s. commerce department", "sentiment": "none"}]}, "highlightText": "", "language": "english", "persons": [], "text": "WASHINGTON, Jan 12 (Reuters) - The U.S. International Trade Commission on Friday said in an initial finding that imports of aluminum alloy sheet metal from China harm U.S. producers, allowing a U.S. probe into whether the product was being dumped or subsidized to move forward.\nEmploying a seldom-used tactic aimed at speeding up the imposition of duties, the U.S. Commerce Department in November “self-initiated” anti-dumping and anti-subsidy investigations of the imports, which are typically used in construction and in transportation and electrical equipment.\nIt estimated it would impose anti-dumping duties of about 56.54 percent to 59.72 percent in the case.\nAbout $603.6 million worth of the flat-rolled metal was imported from China in 2016. (Writing by Eric Walsh; Reporting by Tim Ahmann; Editing by Susan Heavey and Tom Brown)\n ", "external_links": ["http://thomsonreuters.com/en/about-us/trust-principles.html"], "published": "2018-01-13T00:42:00.000+02:00", "crawled": "2018-01-13T14:45:44.019+02:00", "highlightTitle": ""}