{"organizations": [], "uuid": "582b1e04c4eb59eeb1ebb763f71de31ab3a0bc5a", "thread": {"social": {"gplus": {"shares": 0}, "pinterest": {"shares": 0}, "vk": {"shares": 0}, "linkedin": {"shares": 2}, "facebook": {"likes": 1, "shares": 1, "comments": 0}, "stumbledupon": {"shares": 0}}, "site_full": "www.cnbc.com", "main_image": "https://fm.cnbc.com/applications/cnbc.com/resources/img/editorial/2018/01/04/104928900-5ED3-CB-CAKMAK-SMEAD-AMAZON-010418.600x400.jpg", "site_section": "http://www.cnbc.com/id/100004038/device/rss/rss.html", "section_title": "Latest Video", "url": "https://www.cnbc.com/video/2018/01/04/here-are-some-companies-amazon-could-acquire-instead-of-target-analyst.html", "country": "US", "domain_rank": 767, "title": "Here are some companies Amazon could acquire instead of Target: Analyst", "performance_score": 0, "site": "cnbc.com", "participants_count": 0, "title_full": "", "spam_score": 0.0, "site_type": "news", "published": "2018-01-04T23:13:00.000+02:00", "replies_count": 0, "uuid": "582b1e04c4eb59eeb1ebb763f71de31ab3a0bc5a"}, "author": "", "url": "https://www.cnbc.com/video/2018/01/04/here-are-some-companies-amazon-could-acquire-instead-of-target-analyst.html", "ord_in_thread": 0, "title": "Here are some companies Amazon could acquire instead of Target: Analyst", "locations": [], "entities": {"persons": [{"name": "james cakmak", "sentiment": "none"}, {"name": "bill smead", "sentiment": "none"}, {"name": "michael yoshikami", "sentiment": "none"}], "locations": [], "organizations": [{"name": "amazon", "sentiment": "negative"}, {"name": "crespi, hardt, & co.", "sentiment": "none"}, {"name": "smead capital management", "sentiment": "none"}, {"name": "monness", "sentiment": "none"}]}, "highlightText": "", "language": "english", "persons": [], "text": "Here are some companies Amazon could acquire instead of Target: Analyst 2 Hours Ago Discussing the likelihood Amazon will acquire Target, with James Cakmak, Monness, Crespi, Hardt, & Co.; Michael Yoshikami, Destination Wealth Management; and Bill Smead, Smead Capital Management.", "external_links": [], "published": "2018-01-04T23:13:00.000+02:00", "crawled": "2018-01-05T01:57:22.008+02:00", "highlightTitle": ""}