{"organizations": [], "uuid": "dda0178b57c5b8ceb18149498863824ec12f4c70", "thread": {"social": {"gplus": {"shares": 0}, "pinterest": {"shares": 0}, "vk": {"shares": 0}, "linkedin": {"shares": 0}, "facebook": {"likes": 0, "shares": 0, "comments": 0}, "stumbledupon": {"shares": 0}}, "site_full": "in.reuters.com", "main_image": "https://yospace-cds1.reuters.com/u/resize~ad1~1200cce51a2565e?width=640&location=LANDSCAPE&videoId=OV7WKCIJJ", "site_section": "http://feeds.reuters.com/reuters/INVideoWorldNews", "section_title": "Reuters Video: World News", "url": "https://in.reuters.com/video/2018/01/04/trump-dissolves-election-fraud-panel-aft?videoId=378041766", "country": "US", "domain_rank": 408, "title": "Trump dissolves election fraud panel after states balk at data requests", "performance_score": 0, "site": "reuters.com", "participants_count": 0, "title_full": "", "spam_score": 0.0, "site_type": "news", "published": "2018-01-04T03:31:00.000+02:00", "replies_count": 0, "uuid": "dda0178b57c5b8ceb18149498863824ec12f4c70"}, "author": "", "url": "https://in.reuters.com/video/2018/01/04/trump-dissolves-election-fraud-panel-aft?videoId=378041766", "ord_in_thread": 0, "title": "Trump dissolves election fraud panel after states balk at data requests", "locations": [], "entities": {"persons": [{"name": "trump", "sentiment": "negative"}, {"name": "donald trump", "sentiment": "none"}, {"name": "jonah green", "sentiment": "none"}], "locations": [], "organizations": [{"name": "white house", "sentiment": "none"}]}, "highlightText": "", "language": "english", "persons": [], "text": "Trump dissolves election fraud panel after states balk at data requests 11:30am IST - 01:10 \nPresident Donald Trump on Wednesday shut down a presidential commission charged with looking into allegations of electoral fraud during the 2016 election, after many states refused to provide it with data, the White House said. Jonah Green reports. ▲ Hide Transcript ▶ View Transcript \nPresident Donald Trump on Wednesday shut down a presidential commission charged with looking into allegations of electoral fraud during the 2016 election, after many states refused to provide it with data, the White House said. Jonah Green reports. Press CTRL+C (Windows), CMD+C (Mac), or long-press the URL below on your mobile device to copy the code https://reut.rs/2Amu6UB", "external_links": [], "published": "2018-01-04T03:31:00.000+02:00", "crawled": "2018-01-04T08:42:59.005+02:00", "highlightTitle": ""}