{"organizations": [], "uuid": "6a71d15df4a7a302ba43aaca19fc36551454d8c1", "thread": {"social": {"gplus": {"shares": 0}, "pinterest": {"shares": 0}, "vk": {"shares": 0}, "linkedin": {"shares": 0}, "facebook": {"likes": 0, "shares": 0, "comments": 0}, "stumbledupon": {"shares": 0}}, "site_full": "www.reuters.com", "main_image": "https://s4.reutersmedia.net/resources_v2/images/rcom-default.png", "site_section": "http://feeds.reuters.com/reuters/companyNews", "section_title": "Reuters: Company News", "url": "https://www.reuters.com/article/brief-bge-to-provide-federal-tax-reducti/brief-bge-to-provide-federal-tax-reduction-benefits-to-customers-idUSFWN1P00DU", "country": "US", "domain_rank": 408, "title": "BRIEF-BGE to Provide Federal Tax Reduction Benefits to Customers", "performance_score": 0, "site": "reuters.com", "participants_count": 0, "title_full": "", "spam_score": 0.0, "site_type": "news", "published": "2018-01-05T16:07:00.000+02:00", "replies_count": 0, "uuid": "6a71d15df4a7a302ba43aaca19fc36551454d8c1"}, "author": "", "url": "https://www.reuters.com/article/brief-bge-to-provide-federal-tax-reducti/brief-bge-to-provide-federal-tax-reduction-benefits-to-customers-idUSFWN1P00DU", "ord_in_thread": 0, "title": "BRIEF-BGE to Provide Federal Tax Reduction Benefits to Customers", "locations": [], "entities": {"persons": [], "locations": [{"name": "maryland", "sentiment": "none"}], "organizations": [{"name": "bge", "sentiment": "none"}, {"name": "exelon corp", "sentiment": "none"}, {"name": "reuters", "sentiment": "none"}, {"name": "eikon", "sentiment": "none"}, {"name": "customers reuters staff", "sentiment": "none"}]}, "highlightText": "", "language": "english", "persons": [], "text": "January 5, 2018 / 2:08 PM / Updated 8 minutes ago BRIEF-BGE to Provide Federal Tax Reduction Benefits to Customers Reuters Staff 1 Min Read \nJan 5 (Reuters) - Exelon Corp: \n* BGE SAYS TO FILE WITH MARYLAND PUBLIC SERVICE COMMISSION TO PASS ABOUT $82 MILLION ANNUAL TAX SAVINGS TO CUSTOMERS, FROM FEDERAL TAX COST REDUCTIONS​ Source text for Eikon: Further company coverage:", "external_links": [], "published": "2018-01-05T16:07:00.000+02:00", "crawled": "2018-01-05T16:22:02.045+02:00", "highlightTitle": ""}