{"organizations": [], "uuid": "51b0938d78513715433e989475e4020350bf6a64", "thread": {"social": {"gplus": {"shares": 0}, "pinterest": {"shares": 0}, "vk": {"shares": 0}, "linkedin": {"shares": 0}, "facebook": {"likes": 0, "shares": 0, "comments": 0}, "stumbledupon": {"shares": 0}}, "site_full": "www.cnbc.com", "main_image": "//sc.cnbcfm.com/applications/cnbc.com/staticcontent/img/cnbc_logo.gif", "site_section": "http://www.cnbc.com/id/10000027/page/5", "section_title": "Press Releases - CNBC", "url": "http://www.cnbc.com/2018/01/08/pr-newswire-agree-realty-announces-fourth-quarter-2017-earnings-release-date-and-conference-call-information.html", "country": "US", "domain_rank": 767, "title": "Agree Realty Announces Fourth Quarter 2017 Earnings Release Date and Conference Call Information", "performance_score": 0, "site": "cnbc.com", "participants_count": 1, "title_full": "", "spam_score": 0.0, "site_type": "news", "published": "2018-01-09T00:01:00.000+02:00", "replies_count": 0, "uuid": "51b0938d78513715433e989475e4020350bf6a64"}, "author": "cnbc.com", "url": "http://www.cnbc.com/2018/01/08/pr-newswire-agree-realty-announces-fourth-quarter-2017-earnings-release-date-and-conference-call-information.html", "ord_in_thread": 0, "title": "Agree Realty Announces Fourth Quarter 2017 Earnings Release Date and Conference Call Information", "locations": [], "entities": {"persons": [], "locations": [], "organizations": []}, "highlightText": "", "language": "english", "persons": [], "text": "BLOOMFIELD HILLS, Mich., Jan. 8, 2018 /PRNewswire/ -- Agree Realty Corporation (NYSE: ADC) (the \"Company\") today announced that it will release its fourth quarter and full year 2017 operating results after the market closes on Thursday, February 22, 2018. A conference call to discuss the Company's operating results is scheduled for Friday, February 23, 2018 at 9:00 AM ET. Interested parties and shareholders may access the call via teleconference or webcast:\nTeleconference:\nUSA Toll Free\n(866) 363-3979\nInternational\n(412) 902-4206\nWebcast:\nhttps://www.webcaster4.com/Webcast/Page/408/24054\nTo participate, please dial-in or log-on at least five minutes prior to the scheduled time.\nA live webcast of the Earnings Call will also be available through the Company's website. To access, log-on to http://www.agreerealty.com and go to the Invest section five minutes prior to the call.\nA replay of the conference call webcast will be archived and available online through the Invest section of http://www.agreerealty.com .\nAbout Agree Realty Corporation\nAgree Realty Corporation is a publicly traded real estate investment trust primarily engaged in the acquisition and development of properties net leased to industry-leading retail tenants. The Company currently owns and operates a portfolio of 436 properties, located in 43 states and containing approximately 8.7 million square feet of gross leasable space. The common stock of Agree Realty Corporation is listed on the New York Stock Exchange under the symbol \"ADC\". For additional information, please visit www.agreerealty.com .\nView original content: http://www.prnewswire.com/news-releases/agree-realty-announces-fourth-quarter-2017-earnings-release-date-and-conference-call-information-300579217.html\nSOURCE Agree Realty Corporation", "external_links": ["https://www.webcaster4.com/Webcast/Page/408/24054", "http://www.prnewswire.com/news-releases/agree-realty-announces-fourth-quarter-2017-earnings-release-date-and-conference-call-information-300579217.html"], "published": "2018-01-09T00:01:00.000+02:00", "crawled": "2018-01-09T09:40:29.471+02:00", "highlightTitle": ""}