{"organizations": [], "uuid": "6b08b56749a65db3c15dfdba6a4cca8033f35671", "thread": {"social": {"gplus": {"shares": 0}, "pinterest": {"shares": 0}, "vk": {"shares": 0}, "linkedin": {"shares": 0}, "facebook": {"likes": 0, "shares": 0, "comments": 0}, "stumbledupon": {"shares": 0}}, "site_full": "in.reuters.com", "main_image": "https://yospace-cds1.reuters.com/u/resize~ad1~1200cce51a25768?width=640&location=LANDSCAPE&videoId=OV7WU4V2Z", "site_section": "http://feeds.reuters.com/reuters/VideoINLatest", "section_title": "Reuters Video: Latest Videos IN", "url": "https://in.reuters.com/video/2018/01/05/baby-turtles-put-through-their-paces-on?videoId=378356311", "country": "US", "domain_rank": 408, "title": "Baby turtles put through their paces on tiny treadmill", "performance_score": 0, "site": "reuters.com", "participants_count": 0, "title_full": "", "spam_score": 0.0, "site_type": "news", "published": "2018-01-05T16:53:00.000+02:00", "replies_count": 0, "uuid": "6b08b56749a65db3c15dfdba6a4cca8033f35671"}, "author": "", "url": "https://in.reuters.com/video/2018/01/05/baby-turtles-put-through-their-paces-on?videoId=378356311", "ord_in_thread": 0, "title": "Baby turtles put through their paces on tiny treadmill", "locations": [], "entities": {"persons": [{"name": "amy pollock", "sentiment": "none"}], "locations": [], "organizations": [{"name": "florida atlantic university", "sentiment": "none"}]}, "highlightText": "", "language": "english", "persons": [], "text": "Baby turtles put through their paces on tiny treadmill 8:23pm IST - 01:04 \nNewly-hatched turtles have extraordinary stamina, scientists from Florida Atlantic University have found, allowing them to spend hours crawling across the beach as they search for the ocean. Amy Pollock reports. ▲ Hide Transcript ▶ View Transcript \nNewly-hatched turtles have extraordinary stamina, scientists from Florida Atlantic University have found, allowing them to spend hours crawling across the beach as they search for the ocean. Amy Pollock reports. Press CTRL+C (Windows), CMD+C (Mac), or long-press the URL below on your mobile device to copy the code https://reut.rs/2CJbrZ2", "external_links": [], "published": "2018-01-05T16:53:00.000+02:00", "crawled": "2018-01-05T19:13:46.006+02:00", "highlightTitle": ""}