{"organizations": [], "uuid": "37ba0708facf8ce0d76ca921e9c59d8aee460cd7", "thread": {"social": {"gplus": {"shares": 0}, "pinterest": {"shares": 0}, "vk": {"shares": 0}, "linkedin": {"shares": 0}, "facebook": {"likes": 0, "shares": 0, "comments": 0}, "stumbledupon": {"shares": 0}}, "site_full": "www.cnbc.com", "main_image": "//sc.cnbcfm.com/applications/cnbc.com/staticcontent/img/cnbc_logo.gif", "site_section": "http://www.cnbc.com/id/10000027", "section_title": "Press Releases - CNBC", "url": "http://www.cnbc.com/2018/01/02/pr-newswire-bny-mellon-to-host-fourth-quarter-2017-earnings-conference-call-on-thursday-january-18.html", "country": "US", "domain_rank": 767, "title": "BNY Mellon to Host Fourth Quarter 2017 Earnings Conference Call on Thursday, January 18", "performance_score": 0, "site": "cnbc.com", "participants_count": 1, "title_full": "", "spam_score": 0.0, "site_type": "news", "published": "2018-01-02T18:32:00.000+02:00", "replies_count": 0, "uuid": "37ba0708facf8ce0d76ca921e9c59d8aee460cd7"}, "author": "cnbc.com", "url": "http://www.cnbc.com/2018/01/02/pr-newswire-bny-mellon-to-host-fourth-quarter-2017-earnings-conference-call-on-thursday-january-18.html", "ord_in_thread": 0, "title": "BNY Mellon to Host Fourth Quarter 2017 Earnings Conference Call on Thursday, January 18", "locations": [], "entities": {"persons": [{"name": "charles w. scharf", "sentiment": "negative"}, {"name": "michael p. santomassimo", "sentiment": "none"}], "locations": [{"name": "new york", "sentiment": "none"}, {"name": "u.s.", "sentiment": "none"}], "organizations": [{"name": "bny mellon", "sentiment": "negative"}]}, "highlightText": "", "language": "english", "persons": [], "text": "NEW YORK, Jan. 2, 2018 /PRNewswire/ -- Charles W. Scharf, Chairman and Chief Executive Officer, and Michael P. Santomassimo, Chief Financial Officer, along with other members of the executive management team from BNY Mellon, will host a conference call and simultaneous live audio webcast at 8 a.m. EST on Thursday, January 18, 2018, following the release of BNY Mellon's fourth quarter 2017 financial results at approximately 6:30 a.m. EST that day. This conference call and audio webcast will include forward-looking statements and may include other material information.\nConference Call and Audio Webcast Access:\nInvestors and analysts wishing to access the conference call and audio webcast may do so by dialing +1 800-390-5696 (U.S.) or +1 720-452-9082 (International), and using the passcode: 678511, or by logging onto www.bnymellon.com/investorrelations . The company's earnings release along with the quarterly financial highlights and other earnings-related documents will be available at www.bnymellon.com/investorrelations beginning at approximately 6:30 a.m. EST on January 18.\nConference Call and Audio Webcast Replays:\nReplays of the fourth quarter conference call and audio webcast will be available beginning on January 18, 2018, at approximately 2 p.m. EST through February 17, 2018, by dialing +1 888-203-1112 (U.S.) or +1 719-457-0820 (International) and using the passcode: 4968536. The archived version of the conference call and audio webcast will also be available at www.bnymellon.com/investorrelations for the same time period.\nBNY Mellon is a global investments company dedicated to helping its clients manage and service their financial assets throughout the investment lifecycle. Whether providing financial services for institutions, corporations or individual investors, BNY Mellon delivers informed investment management and investment services in 35 countries and more than 100 markets. As of Sept. 30, 2017, BNY Mellon had $32.2 trillion in assets under custody and/or administration, and $1.8 trillion in assets under management. BNY Mellon can act as a single point of contact for clients looking to create, trade, hold, manage, service, distribute or restructure investments. BNY Mellon is the corporate brand of The Bank of New York Mellon Corporation (NYSE: BK). Additional information is available on www.bnymellon.com . Follow us on Twitter @BNYMellon or visit our newsroom at www.bnymellon.com/newsroom for the latest company news.\nContacts:\nMedia\nEva Radtke\n+1 212 635 1504\neva.radtke@bnymellon.com\nAnalysts\nValerie Haertel\n+1 212 635 8529\nvalerie.haertel@bnymellon.com\nView original content: http://www.prnewswire.com/news-releases/bny-mellon-to-host-fourth-quarter-2017-earnings-conference-call-on-thursday-january-18-300576441.html\nSOURCE BNY Mellon", "external_links": ["http://www.bnymellon.com/", "http://www.bnymellon.com/newsroom", "http://www.prnewswire.com/news-releases/bny-mellon-to-host-fourth-quarter-2017-earnings-conference-call-on-thursday-january-18-300576441.html", "http://www.bnymellon.com/investorrelations"], "published": "2018-01-02T18:32:00.000+02:00", "crawled": "2018-01-02T19:08:40.009+02:00", "highlightTitle": ""}