{"organizations": [], "uuid": "2bf289f8e4e10d79b90444e2a1835f6018dcd210", "thread": {"social": {"gplus": {"shares": 0}, "pinterest": {"shares": 0}, "vk": {"shares": 0}, "linkedin": {"shares": 0}, "facebook": {"likes": 0, "shares": 0, "comments": 0}, "stumbledupon": {"shares": 0}}, "site_full": "www.wsj.com", "main_image": "https://si.wsj.net/public/resources/images/BN-WU717_iran01_SOC_20180102071924.jpg", "site_section": "http://online.wsj.com/xml/rss/3_7085.xml", "section_title": "WSJ.com: World News", "url": "https://www.wsj.com/articles/khamenei-blames-irans-enemies-for-protests-1514897194", "country": "US", "domain_rank": 387, "title": "Khamenei Blames Iran’s ‘Enemies’ for Protests", "performance_score": 0, "site": "wsj.com", "participants_count": 1, "title_full": "", "spam_score": 0.0, "site_type": "news", "published": "2018-01-02T14:46:00.000+02:00", "replies_count": 0, "uuid": "2bf289f8e4e10d79b90444e2a1835f6018dcd210"}, "author": "Asa Fitch", "url": "https://www.wsj.com/articles/khamenei-blames-irans-enemies-for-protests-1514897194", "ord_in_thread": 0, "title": "Khamenei Blames Iran’s ‘Enemies’ for Protests", "locations": [], "entities": {"persons": [{"name": "ayatollah ali khamenei", "sentiment": "negative"}, {"name": "khamenei", "sentiment": "negative"}, {"name": "niki blasina", "sentiment": "none"}], "locations": [{"name": "iran", "sentiment": "none"}, {"name": "saudi arabia", "sentiment": "none"}, {"name": "middle east", "sentiment": "none"}, {"name": "iran square", "sentiment": "none"}], "organizations": [{"name": "wsj", "sentiment": "none"}]}, "highlightText": "", "language": "english", "persons": [], "text": "Iranian Supreme Leader Ayatollah Ali Khamenei on Tuesday blamed Iran’s enemies for the wave of unrest sweeping the country, his first comments since the biggest protests in nearly a decade broke out last week.\nA government crackdown on the unrest has been building as the protests threatened to continue for a sixth day and the death toll climbed to above 20, according to Iranian media reports.\n“In... RELATED VIDEO Saudi Arabia and Iran Square Off Over the Middle East The new Saudi Arabian leadership’s aggressive approach to Iran is shifting the balance of power across the Middle East and is having huge repercussions for the region. Iran, in response, has warned Saudi Arabia against its hawkishness. WSJ’s Niki Blasina explains the four main proxy conflicts between the two nations. To Read the Full Story Subscribe Sign In", "external_links": [], "published": "2018-01-02T14:46:00.000+02:00", "crawled": "2018-01-02T16:35:09.022+02:00", "highlightTitle": ""}