{"organizations": [], "uuid": "3a889cd874b789479fe8a0737a0c97b559f141ba", "thread": {"social": {"gplus": {"shares": 0}, "pinterest": {"shares": 0}, "vk": {"shares": 0}, "linkedin": {"shares": 0}, "facebook": {"likes": 0, "shares": 0, "comments": 0}, "stumbledupon": {"shares": 0}}, "site_full": "www.cnbc.com", "main_image": "", "site_section": "http://www.cnbc.com/id/10000027", "section_title": "Press Releases - CNBC", "url": "http://www.cnbc.com/2018/01/16/globe-newswire-harsco-corporation-announces-timing-of-fourth-quarter-and-full-year-2017-financial-results-and-conference-call.html", "country": "US", "domain_rank": 767, "title": "Harsco Corporation Announces Timing of Fourth Quarter and Full Year 2017 Financial Results and Conference Call", "performance_score": 0, "site": "cnbc.com", "participants_count": 1, "title_full": "", "spam_score": 0.022, "site_type": "news", "published": "2018-01-16T16:00:00.000+02:00", "replies_count": 0, "uuid": "3a889cd874b789479fe8a0737a0c97b559f141ba"}, "author": "cnbc.com", "url": "http://www.cnbc.com/2018/01/16/globe-newswire-harsco-corporation-announces-timing-of-fourth-quarter-and-full-year-2017-financial-results-and-conference-call.html", "ord_in_thread": 0, "title": "Harsco Corporation Announces Timing of Fourth Quarter and Full Year 2017 Financial Results and Conference Call", "locations": [], "entities": {"persons": [], "locations": [{"name": "fourth quarter", "sentiment": "none"}, {"name": "pa.", "sentiment": "none"}], "organizations": [{"name": "harsco corporation", "sentiment": "negative"}, {"name": "nyse", "sentiment": "negative"}, {"name": "harsco harsco corporation", "sentiment": "none"}, {"name": "s&p", "sentiment": "none"}, {"name": "harsco", "sentiment": "none"}]}, "highlightText": "", "language": "english", "persons": [], "text": "CAMP HILL, Pa.,\nHarsco Corporation (NYSE:HSC) today announced that it will issue its fourth quarter and full year 2017 financial results on Thursday, February 22, 2018 prior to NYSE market open via newswire distribution and a posting on the company website at www.harsco.com .\nThe earnings conference call for investors and financial analysts will be webcast at 9:00 am that morning. The webcast will be available in listen-only mode at www.harsco.com . The call can also be accessed by telephone by dialing (800) 611-4920, or (973) 200-3957 for international callers. Listeners are advised to dial in approximately five minutes prior to the call. Enter Conference ID number 60474062.\nReplay of the earnings call will be available at www.harsco.com , and also by telephone through March 8, 2018 by dialing (855) 859-2056, (404) 537-3406 or (800) 585-8367.\nAbout Harsco\nHarsco Corporation is a diversified, global engineered products and services company serving the worldwide steel, railway and energy sectors. Harsco’s common stock is a component of the S&P SmallCap 600 Index and the Russell 2000 Index. Additional information can be found at www.harsco.com .\nInvestor Contact\nDavid Martin\n717.612.5628\ndamartin@harsco.com\nMedia Contact\nJay Cooney\n717.730.3683\njcooney@harsco.com\nSource:Harsco Corporation", "external_links": ["https://www.globenewswire.com/Tracker?data=hwcMiYNFOnrwnY2wcBv4QeiEJ2VdxR2Pfnl7XEKe-lHpaekOEQ7ai1gZEqgS4X8Xkg55qxCQDRr886V1ckWIqw==", "https://www.globenewswire.com/Tracker?data=hwcMiYNFOnrwnY2wcBv4QY7dwDytd0ry740pwhbDpLzPi6-2sVXS5ovrJFzUsY8uAC4HDglo1pOAC-DpzE-Zvg==", "https://www.globenewswire.com/Tracker?data=hwcMiYNFOnrwnY2wcBv4QV2EnbT-iQf4EGeoydsiMGHN0nscDbQCpdZXkrIriGZAHJc7vqokP5_2kXnnCUV8vw==", "https://www.globenewswire.com/Tracker?data=hwcMiYNFOnrwnY2wcBv4QTV7_GppcVAqX4F2wifZgC6K6P7yLlrSQyN02k31lKi2P2-akqi0DHzFzB8M6xSC9Q==", "https://www.globenewswire.com/NewsRoom/AttachmentNg/00aa6ddb-bd27-40c7-821d-04959f5331b5"], "published": "2018-01-16T16:00:00.000+02:00", "crawled": "2018-01-16T16:18:09.012+02:00", "highlightTitle": ""}