{"organizations": [], "uuid": "c230eb9eab5d43a291c699490791492bd7d9120c", "thread": {"social": {"gplus": {"shares": 0}, "pinterest": {"shares": 0}, "vk": {"shares": 0}, "linkedin": {"shares": 0}, "facebook": {"likes": 0, "shares": 0, "comments": 0}, "stumbledupon": {"shares": 0}}, "site_full": "www.reuters.com", "main_image": "https://s4.reutersmedia.net/resources_v2/images/rcom-default.png", "site_section": "http://feeds.reuters.com/reuters/companyNews", "section_title": "Reuters: Company News", "url": "https://www.reuters.com/article/brief-the-chefs-warehouse-sees-2018-net/brief-the-chefs-warehouse-sees-2018-net-sales-between-1-40-bln-and-1-44-bln-idUSASB0C04B", "country": "US", "domain_rank": 408, "title": "BRIEF-The Chefs' Warehouse Sees 2018 Net Sales Between $1.40 Bln And $1.44 Bln", "performance_score": 0, "site": "reuters.com", "participants_count": 0, "title_full": "", "spam_score": 0.0, "site_type": "news", "published": "2018-01-08T15:37:00.000+02:00", "replies_count": 0, "uuid": "c230eb9eab5d43a291c699490791492bd7d9120c"}, "author": "", "url": "https://www.reuters.com/article/brief-the-chefs-warehouse-sees-2018-net/brief-the-chefs-warehouse-sees-2018-net-sales-between-1-40-bln-and-1-44-bln-idUSASB0C04B", "ord_in_thread": 0, "title": "BRIEF-The Chefs' Warehouse Sees 2018 Net Sales Between $1.40 Bln And $1.44 Bln", "locations": [], "entities": {"persons": [], "locations": [], "organizations": [{"name": "reuters", "sentiment": "none"}, {"name": "thomson reuters", "sentiment": "none"}, {"name": "eikon", "sentiment": "none"}, {"name": "reuters) - chefs’ warehouse inc", "sentiment": "none"}]}, "highlightText": "", "language": "english", "persons": [], "text": "January 8, 2018 / 1:38 PM / Updated 13 minutes ago BRIEF-The Chefs' Warehouse Sees 2018 Net Sales Between $1.40 Bln And $1.44 Bln Reuters Staff \nJan 8 (Reuters) - Chefs’ Warehouse Inc: \n* THE CHEFS’ WAREHOUSE INC - SEES 2018 NET SALES BETWEEN $1.40 BILLION AND $1.44 BILLION \n* THE CHEFS’ WAREHOUSE INC - SEES 2018 GROSS PROFIT BETWEEN $355 MILLION AND $365 MILLION \n* THE CHEFS’ WAREHOUSE, INC. ANNOUNCES PRELIMINARY FULL YEAR 2018 GUIDANCE \n* FY2018 REVENUE VIEW $1.41 BILLION -- THOMSON REUTERS I/B/E/S Source text for Eikon: Further company coverage:", "external_links": [], "published": "2018-01-08T15:37:00.000+02:00", "crawled": "2018-01-08T15:59:20.045+02:00", "highlightTitle": ""}