{"organizations": [], "uuid": "e921cc160373718b2da6398852b3081ad7c9c40a", "thread": {"social": {"gplus": {"shares": 0}, "pinterest": {"shares": 0}, "vk": {"shares": 0}, "linkedin": {"shares": 0}, "facebook": {"likes": 0, "shares": 0, "comments": 0}, "stumbledupon": {"shares": 0}}, "site_full": "www.cnbc.com", "main_image": "//sc.cnbcfm.com/applications/cnbc.com/staticcontent/img/cnbc_logo.gif", "site_section": "http://www.cnbc.com/id/10000027/page/2", "section_title": "Press Releases - CNBC", "url": "http://www.cnbc.com/2018/01/04/business-wire-masco-corporation-announces-date-for-earnings-release-and-conference-call-for-2017-fourth-quarter-and-full-year-results.html", "country": "US", "domain_rank": 767, "title": "Masco Corporation Announces Date for Earnings Release and Conference Call for 2017 Fourth Quarter and Full-Year Results", "performance_score": 0, "site": "cnbc.com", "participants_count": 1, "title_full": "", "spam_score": 0.0, "site_type": "news", "published": "2018-01-04T17:00:00.000+02:00", "replies_count": 0, "uuid": "e921cc160373718b2da6398852b3081ad7c9c40a"}, "author": "cnbc.com", "url": "http://www.cnbc.com/2018/01/04/business-wire-masco-corporation-announces-date-for-earnings-release-and-conference-call-for-2017-fourth-quarter-and-full-year-results.html", "ord_in_thread": 0, "title": "Masco Corporation Announces Date for Earnings Release and Conference Call for 2017 Fourth Quarter and Full-Year Results", "locations": [], "entities": {"persons": [{"name": "keith allman", "sentiment": "none"}], "locations": [{"name": "mich.", "sentiment": "none"}, {"name": "livonia", "sentiment": "none"}, {"name": "u.s.", "sentiment": "none"}], "organizations": [{"name": "masco corporation", "sentiment": "negative"}, {"name": "masco", "sentiment": "none"}, {"name": "company", "sentiment": "none"}]}, "highlightText": "", "language": "english", "persons": [], "text": "LIVONIA, Mich.--(BUSINESS WIRE)-- Masco Corporation (NYSE: MAS) announced today that it will hold a conference call regarding 2017 fourth quarter and full-year results on Thursday, February 8, 2018 at 8:00 a.m. ET. The conference call will be hosted by Masco President and Chief Executive Officer Keith Allman. Participants in the call are asked to register five to ten minutes prior to the scheduled start time by dialing (855) 226-2726 (855-22MASCO) and from outside the U.S. at (706) 679-3614. Please use the conference identification number 3391036.\nThe 2017 fourth quarter results and supplemental material will be distributed at 7:00 a.m. ET on Thursday, February 8, 2018 and will be available on the Company’s website at www.masco.com .\nThe conference call will be webcast simultaneously and in its entirety through the Masco Corporation website. Shareholders, media representatives and others interested in Masco may participate in the webcast by registering through the Investor Relations section on the Company’s website.\nA replay of the call will be available on Masco’s website or by phone by dialing (855) 859-2056 and from outside the U.S. at (404) 537-3406. Please use the conference identification number 3391036. The telephone replay will be available approximately two hours after the end of the call and continue through March 10, 2018.\nHeadquartered in Livonia, Mich., Masco Corporation is a global leader in the design, manufacture and distribution of branded home improvement and building products. Our portfolio of industry-leading brands includes Behr ® paint; Delta ® and Hansgrohe ® faucets, bath and shower fixtures; KraftMaid ® and Merillat ® cabinets; Milgard ® windows and doors; and HotSpring ® spas. We leverage our powerful brands across product categories, sales channels and geographies to create value for our customers and shareholders. For more information about Masco Corporation, visit masco.com .\nView source version on businesswire.com : http://www.businesswire.com/news/home/20180104005032/en/\nInvestor Contact\nMasco Corporation\nDavid Chaika\nVice President, Treasurer and Investor Relations\n313.792.5500\ndavid_chaika@mascohq.com\nSource: Masco Corporation", "external_links": ["http://cts.businesswire.com/ct/CT?id=smartlink&url=http%3A%2F%2Fwww.masco.com&esheet=51736801&newsitemid=20180104005032&lan=en-US&anchor=www.masco.com&index=1&md5=de381fbfeabba1a5c47ba1300cfadd26", "http://www.businesswire.com/news/home/20180104005032/en/"], "published": "2018-01-04T17:00:00.000+02:00", "crawled": "2018-01-04T16:43:39.045+02:00", "highlightTitle": ""}