{"organizations": [], "uuid": "024f11d279c0a5ca809944df4c3d990e924145a0", "thread": {"social": {"gplus": {"shares": 0}, "pinterest": {"shares": 0}, "vk": {"shares": 0}, "linkedin": {"shares": 0}, "facebook": {"likes": 0, "shares": 0, "comments": 0}, "stumbledupon": {"shares": 0}}, "site_full": "www.cnbc.com", "main_image": "//sc.cnbcfm.com/applications/cnbc.com/staticcontent/img/cnbc_logo.gif", "site_section": "http://www.cnbc.com/id/10000027/page/3", "section_title": "Press Releases - CNBC", "url": "http://www.cnbc.com/2018/01/03/business-wire-matt-summerville-joins-d-a-davidson-adding-industrial-technology-research-coverage.html", "country": "US", "domain_rank": 767, "title": "Matt Summerville Joins D.A. Davidson, Adding Industrial Technology Research Coverage", "performance_score": 0, "site": "cnbc.com", "participants_count": 1, "title_full": "", "spam_score": 0.001, "site_type": "news", "published": "2018-01-03T16:30:00.000+02:00", "replies_count": 0, "uuid": "024f11d279c0a5ca809944df4c3d990e924145a0"}, "author": "cnbc.com", "url": "http://www.cnbc.com/2018/01/03/business-wire-matt-summerville-joins-d-a-davidson-adding-industrial-technology-research-coverage.html", "ord_in_thread": 0, "title": "Matt Summerville Joins D.A. Davidson, Adding Industrial Technology Research Coverage", "locations": [], "entities": {"persons": [{"name": "matt summerville joins d.a. davidson", "sentiment": "negative"}, {"name": "d.a. davidson", "sentiment": "negative"}, {"name": "matt", "sentiment": "none"}, {"name": "gil luria", "sentiment": "none"}, {"name": "brent thielman", "sentiment": "none"}, {"name": "matt summerville", "sentiment": "none"}, {"name": "summerville", "sentiment": "none"}, {"name": "steve chercover", "sentiment": "none"}], "locations": [{"name": "portland", "sentiment": "none"}, {"name": "ore.", "sentiment": "none"}, {"name": "u.s.", "sentiment": "none"}], "organizations": [{"name": "starmine", "sentiment": "none"}, {"name": "co.", "sentiment": "none"}, {"name": "keybanc capital markets", "sentiment": "none"}, {"name": "alembic global advisors", "sentiment": "none"}, {"name": "institutional research", "sentiment": "none"}]}, "highlightText": "", "language": "english", "persons": [], "text": "Firm adds depth in Diversified Industrial vertical\nPORTLAND, Ore.--(BUSINESS WIRE)-- D.A. Davidson & Co. announced today that Matt Summerville has joined the firm’s award-winning institutional equity research team as a senior analyst covering the industrial technology sector.\nAn experienced equity analyst, Summerville joins D.A. Davidson after working at Alembic Global Advisors and KeyBanc Capital Markets, where he earned a No. 1 ranking among top U.S. Earnings Estimators and No. 2 ranking for Stock Picking from StarMine, among other national awards.\n“Matt has been providing exceptional value-added research to investors for twenty years, through original, in-depth analysis of industrial stocks. Matt holds management teams accountable to their performance, helping him gain the respect of these executives and credibility with investors,” said Gil Luria , Director of Institutional Research. “Matt will round out a diversified industrial team that already includes Brent Thielman’s Engineering and Construction coverage and Steve Chercover’s Paper and Forest Products. We are delighted to have him on board.”\nSummerville is part of a team of award-winning analysts whose coverage focuses on approximately 300 publicly traded companies in select industry verticals, including technology, financial institutions, consumer, diversified industrials, and real estate.\nD.A. Davidson’s Equity Capital Markets group provides capital markets services and products that include investment banking, institutional sales, trading, research and corporate services. The firm’s industry-driven research team is supported by a dedicated group of sales and trading professionals.\nAbout D.A. Davidson Companies\nD.A. Davidson Companies is an employee-owned financial services firm offering a range of financial services and advice to individuals, corporations, institutions, and municipalities nationwide. Founded in 1935 and headquartered in Montana, with corporate offices in Denver, Los Angeles, Portland, and Seattle, the company has more than 1,350 employees and offices in 26 states.\nSubsidiaries include: D.A. Davidson & Co., the largest full-service investment firm headquartered in the Northwest, providing wealth management, investment banking, equity and fixed income capital markets services, and advice; Davidson Investment Advisors, a professional asset management firm; D.A. Davidson Trust Company, a trust and wealth management company; and Davidson Fixed Income Management, a registered investment adviser providing fixed income portfolio and advisory services.\nFor information, visit dadavidson.com or @DADavidsonCo\nView source version on businesswire.com : http://www.businesswire.com/news/home/20180103005311/en/\nProsek for D.A. Davidson\nKatherine Fox, 212-279-3115, x294\nkfox@prosek.com\nor\nD.A. Davidson\nJacquie Burchard, 406-791-7465\nCell: 406-868-1392\njburchard@dadco.com\nSource: D.A. Davidson & Co.", "external_links": ["http://cts.businesswire.com/ct/CT?id=smartlink&url=https%3A%2F%2Fdadavidson.com%2FWHAT-WE-DO%2FEquity-Capital-Markets%2FOur-Professionals%2FEquity-Capital-Markets-Leadership-Profiles%2FArticleID%2F1085%2FGil-Luria&esheet=51736978&newsitemid=20180103005311&lan=en-US&anchor=Gil+Luria&index=2&md5=48ffaf55a3e037378cd6a014c8b74964", "http://cts.businesswire.com/ct/CT?id=smartlink&url=https%3A%2F%2Fdadavidson.com%2F&esheet=51736978&newsitemid=20180103005311&lan=en-US&anchor=D.A.+Davidson+%26+Co.&index=1&md5=d082cfc747835a6066f17c5677dc0769", "http://cts.businesswire.com/ct/CT?id=smartlink&url=https%3A%2F%2Fdadavidson.com%2FWHAT-WE-DO%2FEquity-Capital-Markets&esheet=51736978&newsitemid=20180103005311&lan=en-US&anchor=Equity+Capital+Markets+group&index=3&md5=23a695fa9aac966c8a501a10572fc0a4", "http://cts.businesswire.com/ct/CT?id=smartlink&url=https%3A%2F%2Fdadavidson.com%2F&esheet=51736978&newsitemid=20180103005311&lan=en-US&anchor=D.A.+Davidson+Companies&index=4&md5=6f9cd4f63fada5d057ecb2675040b16e", "http://www.businesswire.com/news/home/20180103005311/en/", "http://cts.businesswire.com/ct/CT?id=smartlink&url=https%3A%2F%2Ftwitter.com%2FDADavidsonCo&esheet=51736978&newsitemid=20180103005311&lan=en-US&anchor=%40DADavidsonCo&index=6&md5=15da9f3c673baa511b573946f7039a2e", "http://cts.businesswire.com/ct/CT?id=smartlink&url=https%3A%2F%2Fdadavidson.com%2F&esheet=51736978&newsitemid=20180103005311&lan=en-US&anchor=dadavidson.com&index=5&md5=88c6655a2c68f6b47883c3bb8c133dc4"], "published": "2018-01-03T16:30:00.000+02:00", "crawled": "2018-01-03T16:28:39.027+02:00", "highlightTitle": ""}