{"organizations": [], "uuid": "ef2e65ac35fbd8cc846d8fa8fab11a9f1f155eca", "thread": {"social": {"gplus": {"shares": 0}, "pinterest": {"shares": 0}, "vk": {"shares": 0}, "linkedin": {"shares": 0}, "facebook": {"likes": 0, "shares": 0, "comments": 0}, "stumbledupon": {"shares": 0}}, "site_full": "www.cnbc.com", "main_image": "//sc.cnbcfm.com/applications/cnbc.com/staticcontent/img/cnbc_logo.gif", "site_section": "http://www.cnbc.com/id/10000027", "section_title": "Press Releases - CNBC", "url": "http://www.cnbc.com/2018/01/08/pr-newswire-national-western-life-names-andy-olson-as-vice-president-and-head-of-general-agency-sales.html", "country": "US", "domain_rank": 767, "title": "National Western Life Names Andy Olson as Vice President and Head of General Agency Sales", "performance_score": 0, "site": "cnbc.com", "participants_count": 1, "title_full": "", "spam_score": 0.037, "site_type": "news", "published": "2018-01-08T20:30:00.000+02:00", "replies_count": 0, "uuid": "ef2e65ac35fbd8cc846d8fa8fab11a9f1f155eca"}, "author": "cnbc.com", "url": "http://www.cnbc.com/2018/01/08/pr-newswire-national-western-life-names-andy-olson-as-vice-president-and-head-of-general-agency-sales.html", "ord_in_thread": 0, "title": "National Western Life Names Andy Olson as Vice President and Head of General Agency Sales", "locations": [], "entities": {"persons": [{"name": "andy olson", "sentiment": "negative"}, {"name": "r. bruce wallace", "sentiment": "none"}, {"name": "wallace", "sentiment": "none"}, {"name": "olson", "sentiment": "none"}, {"name": "andy", "sentiment": "none"}], "locations": [{"name": "austin", "sentiment": "none"}, {"name": "texas", "sentiment": "none"}], "organizations": [{"name": "national western life insurance company", "sentiment": "negative"}, {"name": "national marketing organization", "sentiment": "none"}, {"name": "the company", "sentiment": "none"}, {"name": "clu", "sentiment": "none"}, {"name": "nwlic", "sentiment": "none"}, {"name": "general agencies", "sentiment": "none"}]}, "highlightText": "", "language": "english", "persons": [], "text": "AUSTIN, Texas, Jan. 8, 2018 /PRNewswire/ -- National Western Life Insurance Company (NWLIC) announced the recent addition of Andy Olson, CLU, ChFC, LUTCF to its distribution management ranks as Vice President and Head of General Agency Sales.\n\"While we have a strong following in the National Marketing Organization (NMO) space, many of those distributors are focused on annuity distribution,\" noted R. Bruce Wallace, NWLIC's Senior Vice President and Chief Marketing Officer. Wallace added, \"Many General Agencies are life insurance focused and National Western Life is placing a priority on expanding life sales. Andy's long-term relationships will help us establish a foothold with General Agencies to accomplish this goal. He will also be leading an initiative to expand our current life insurance portfolio.\"\n\"My career has been centered on helping advisors understand and sell life insurance,\" said Mr. Olson. \"The Company's commitment to life insurance sales is a perfect opportunity to do what I do best.\"\nAbout National Western Life:\nNational Western Life Insurance Company (NWLIC) is a wholly owned subsidiary of National Western Life Group, Inc. (Nasdaq: NWLI). Founded in 1956, NWLIC is a stock life insurance company with a broad portfolio of individual universal life, whole life and term insurance plans, as well as annuity products, which meet the financial needs of its customers in 49 states as well as residents of various international countries. NWLIC has 279 employees and approximately 28,800 contracted independent agents, brokers, producers, and consultants. At September 30, 2017, National Western Life Group, Inc. maintained consolidated total assets of $12.1 billion, stockholders' equity of $1.8 billion, and life insurance in force of $19.9 billion.\nRelease Contact:\nPaul T. Garofoli\nVice President, Head of National Marketing Organization Sales\nPhone: 800-760-3434, extension 207\nFAX: 512-339-8350\npgarofoli@nationalwesternlife.com\nwww.nationalwesternlife.com\nView original content with multimedia: http://www.prnewswire.com/news-releases/national-western-life-names-andy-olson-as-vice-president-and-head-of-general-agency-sales-300579109.html\nSOURCE National Western Life Insurance Company", "external_links": ["http://www.nationalwesternlife.com/", "http://www.prnewswire.com/news-releases/national-western-life-names-andy-olson-as-vice-president-and-head-of-general-agency-sales-300579109.html"], "published": "2018-01-08T20:30:00.000+02:00", "crawled": "2018-01-08T21:04:45.010+02:00", "highlightTitle": ""}