{"organizations": [], "uuid": "90428dc90f6e0499bc7bcd283f296920256eb65b", "thread": {"social": {"gplus": {"shares": 0}, "pinterest": {"shares": 0}, "vk": {"shares": 0}, "linkedin": {"shares": 0}, "facebook": {"likes": 0, "shares": 0, "comments": 0}, "stumbledupon": {"shares": 0}}, "site_full": "uk.reuters.com", "main_image": "https://yospace-cds1.reuters.com/u/resize~ad1~1200cce51a25725?width=640&location=LANDSCAPE&videoId=OV7WU2ANV", "site_section": "http://feeds.reuters.com/reuters/UKVideoLatest", "section_title": "Reuters Video: Latest Videos UK", "url": "https://uk.reuters.com/video/2018/01/05/mohamed-salah-receives-african-footballe?videoId=378237240", "country": "US", "domain_rank": 408, "title": "Mohamed Salah receives African Footballer of the Year trophy", "performance_score": 0, "site": "reuters.com", "participants_count": 0, "title_full": "", "spam_score": 0.0, "site_type": "news", "published": "2018-01-05T12:47:00.000+02:00", "replies_count": 0, "uuid": "90428dc90f6e0499bc7bcd283f296920256eb65b"}, "author": "", "url": "https://uk.reuters.com/video/2018/01/05/mohamed-salah-receives-african-footballe?videoId=378237240", "ord_in_thread": 0, "title": "Mohamed Salah receives African Footballer of the Year trophy", "locations": [], "entities": {"persons": [{"name": "mohamed salah", "sentiment": "negative"}], "locations": [], "organizations": [{"name": "reuters news agency | brand attribution guidelines | careers  reuters", "sentiment": "none"}, {"name": "reuters.com", "sentiment": "none"}, {"name": "thomson reuters", "sentiment": "none"}, {"name": "reuters tv", "sentiment": "none"}, {"name": "reuters", "sentiment": "none"}]}, "highlightText": "", "language": "english", "persons": [], "text": "Mohamed Salah receives African Footballer of the Year trophy 10:47am GMT - 00:55 Thu, 04 Jan, 2018 - (1:24) Featured Videos Thu, 23 Nov, 2017 - (2:18) Follow Reuters: Reuters Plus | Reuters News Agency | Brand Attribution Guidelines | Careers \nReuters, the news and media division of Thomson Reuters , is the world’s largest international multimedia news provider reaching more than one billion people every day. Reuters provides trusted business, financial, national, and international news to professionals via Thomson Reuters desktops, the world's media organizations, and directly to consumers at Reuters.com and via Reuters TV. Learn more about Thomson Reuters products:", "external_links": [], "published": "2018-01-05T12:47:00.000+02:00", "crawled": "2018-01-05T13:22:28.018+02:00", "highlightTitle": ""}