{"organizations": [], "uuid": "7316e0a73d1417afaf38517225bda20fe1b2f044", "thread": {"social": {"gplus": {"shares": 0}, "pinterest": {"shares": 0}, "vk": {"shares": 0}, "linkedin": {"shares": 0}, "facebook": {"likes": 0, "shares": 0, "comments": 0}, "stumbledupon": {"shares": 0}}, "site_full": "www.cnbc.com", "main_image": "//sc.cnbcfm.com/applications/cnbc.com/staticcontent/img/cnbc_logo.gif", "site_section": "http://www.cnbc.com/id/10000027/page/4", "section_title": "Press Releases - CNBC", "url": "http://www.cnbc.com/2018/01/09/globe-newswire-gladstone-capital-announces-monthly-cash-distributions-for-january-february-and-march-2018.html", "country": "US", "domain_rank": 767, "title": "Gladstone Capital Announces Monthly Cash Distributions for January, February and March 2018", "performance_score": 0, "site": "cnbc.com", "participants_count": 1, "title_full": "", "spam_score": 0.0, "site_type": "news", "published": "2018-01-10T00:05:00.000+02:00", "replies_count": 0, "uuid": "7316e0a73d1417afaf38517225bda20fe1b2f044"}, "author": "cnbc.com", "url": "http://www.cnbc.com/2018/01/09/globe-newswire-gladstone-capital-announces-monthly-cash-distributions-for-january-february-and-march-2018.html", "ord_in_thread": 0, "title": "Gladstone Capital Announces Monthly Cash Distributions for January, February and March 2018", "locations": [], "entities": {"persons": [], "locations": [{"name": "va.", "sentiment": "none"}, {"name": "mclean", "sentiment": "none"}], "organizations": [{"name": "gladstone capital", "sentiment": "negative"}, {"name": "gladstone capital corporation", "sentiment": "negative"}, {"name": "nasdaq", "sentiment": "none"}, {"name": "company", "sentiment": "none"}]}, "highlightText": "", "language": "english", "persons": [], "text": "MCLEAN, Va., Jan. 09, 2018 (GLOBE NEWSWIRE) -- Gladstone Capital Corporation (NASDAQ:GLAD) (the “Company”) announced today that its board of directors declared the following monthly cash distributions for January, February and March 2018.\nCash Distributions:\nCommon Stock: $0.07 per share of common stock for each of January, February and March 2018, payable per the table below. The Company has paid 171 consecutive monthly cash distributions on its common stock. Prior to paying distributions on a monthly basis, the Company paid eight consecutive quarterly common stock cash distributions.\nRecord Date Payment Date Cash Distribution January 22 January 31 $0.07 February 16 February 28 $0.07 March 20 March 30 $0.07 Total for the Quarter : $0.21 Term Preferred Stock: $0.125 per share of the Company’s 6.00% Series 2024 Term Preferred Stock (“Term Preferred Stock”) for each of January, February and March 2018, payable per the table below. The Term Preferred Stock trades on the NASDAQ under the symbol “GLADN.”\nRecord Date Payment Date Cash Distribution January 22 January 31 $0.125 February 16 February 28 $0.125 March 20 March 30 $0.125 Total for the Quarter : $0.375 The Company offers a dividend reinvestment plan (the “DRIP”) to its common stockholders. For more information regarding the DRIP, please visit www.gladstonecapital.com .\nGladstone Capital Corporation is a publicly traded business development company that invests in debt and equity securities consisting primarily of secured first and second lien term loans to lower middle market businesses in the United States. Information on the business activities of all the Gladstone funds can be found at www.gladstonecompanies.com .\nFor Investor Relations inquiries related to any of the monthly dividend paying Gladstone funds, please visit www.gladstone.com .\nSource: Gladstone Capital Corporation\nSource:Gladstone Capital Corporation", "external_links": ["https://www.globenewswire.com/Tracker?data=jkcq-x12DG9ViQb4EVi9cGHmlM2I1ZZyjF_Bs1FGl1hHVgCFjyiLcHE5tD6B10rRbrWkgRUtfw-M4wyWT62RKaIpoCtfex6Kyl3uhLZ1gBrmzhetcg58Cjxs4CZakWuw", "https://www.globenewswire.com/Tracker?data=jkcq-x12DG9ViQb4EVi9cLYJErixoo-0NqvhVfIo7HmkS1C6gdNTzrzcju7B_uIWvRgfX_EYi_PKCPeX0IFVew==", "https://www.globenewswire.com/Tracker?data=pnLFga64DHHDuhUA_JQACg8Qulyczc6GEVNpLpoUdpwiebcUNwriWaD7rtV5woTFAgelB_0qvDZwWmjN9eIC6M6rdsJOYis1nL-1blvMW8wvenIPwTppENDjO-V_QhtA", "https://www.globenewswire.com/NewsRoom/AttachmentNg/f2439718-2775-404e-87d3-4561134d3c6a", "https://www.globenewswire.com/Tracker?data=pnLFga64DHHDuhUA_JQACg8Qulyczc6GEVNpLpoUdpwh77FdfUBscdm3mwA0yHYCmsRgbvKOID5gTYLPsK7shboAvkodIGFT7oU3UQjDyPgSgXSPOQjNSLzfuIt9oSlX", "https://www.globenewswire.com/Tracker?data=jkcq-x12DG9ViQb4EVi9cJk-a7qDQBnLHXMemHRsrQLp_TK5h1VgkSdQCsl5MU_nuzXKYtdaEukqthzvLUNwIkkjmYymZaJDoFLwyPDATjE="], "published": "2018-01-10T00:05:00.000+02:00", "crawled": "2018-01-10T02:09:51.000+02:00", "highlightTitle": ""}