{"organizations": [], "uuid": "7af6366c7411972b1fa106410e8879c2adba999e", "thread": {"social": {"gplus": {"shares": 0}, "pinterest": {"shares": 0}, "vk": {"shares": 0}, "linkedin": {"shares": 0}, "facebook": {"likes": 0, "shares": 0, "comments": 0}, "stumbledupon": {"shares": 0}}, "site_full": "in.reuters.com", "main_image": "https://yospace-cds1.reuters.com/u/resize~ad1~1200ce65e85c406-1514922358538?width=640&location=LANDSCAPE&videoId=OV7WFCLWF", "site_section": "http://feeds.reuters.com/reuters/INVideoTopNews", "section_title": "Reuters Video: Top News", "url": "https://in.reuters.com/video/2018/01/02/haley-praises-protesting-iranians-says-p?videoId=377810559", "country": "US", "domain_rank": 408, "title": "Haley praises protesting Iranians, says protests 'spontaneous'", "performance_score": 0, "site": "reuters.com", "participants_count": 0, "title_full": "", "spam_score": 0.0, "site_type": "news", "published": "2018-01-02T21:48:00.000+02:00", "replies_count": 0, "uuid": "7af6366c7411972b1fa106410e8879c2adba999e"}, "author": "", "url": "https://in.reuters.com/video/2018/01/02/haley-praises-protesting-iranians-says-p?videoId=377810559", "ord_in_thread": 0, "title": "Haley praises protesting Iranians, says protests 'spontaneous'", "locations": [], "entities": {"persons": [{"name": "haley", "sentiment": "negative"}, {"name": "nikki haley", "sentiment": "none"}], "locations": [{"name": "u.s.", "sentiment": "none"}], "organizations": [{"name": "united nations", "sentiment": "none"}]}, "highlightText": "", "language": "english", "persons": [], "text": "Haley praises protesting Iranians, says protests 'spontaneous' 1:37am IST - 01:43 \nU.S. Ambassador to the United Nations Nikki Haley on Tuesday praised the courage of Iranian demonstrators and said protests across the country were 'spontaneous', not driven by outside forces. Rough Cut (no reporter narration).   \nU.S. Ambassador to the United Nations Nikki Haley on Tuesday praised the courage of Iranian demonstrators and said protests across the country were 'spontaneous', not driven by outside forces. Rough Cut (no reporter narration).  //reut.rs/2A8zWJc", "external_links": [], "published": "2018-01-02T21:48:00.000+02:00", "crawled": "2018-01-02T22:31:11.007+02:00", "highlightTitle": ""}