{"organizations": [], "uuid": "86827136c3cceb56d5d04336aa56ac955267d052", "thread": {"social": {"gplus": {"shares": 0}, "pinterest": {"shares": 0}, "vk": {"shares": 0}, "linkedin": {"shares": 0}, "facebook": {"likes": 0, "shares": 0, "comments": 0}, "stumbledupon": {"shares": 0}}, "site_full": "uk.reuters.com", "main_image": "https://s4.reutersmedia.net/resources/r/?m=02&d=20180101&t=2&i=1218575440&w=1200&r=LYNXMPEE000PR", "site_section": "http://feeds.reuters.com/reuters/UKSportsNews", "section_title": "Reuters: Sports News", "url": "https://uk.reuters.com/article/uk-cricket-ashes-england-stokes/stokes-withdrawn-from-englands-odi-squad-malan-in-idUKKBN1EQ0UC", "country": "US", "domain_rank": 408, "title": "Stokes withdrawn from England's ODI squad, Malan in", "performance_score": 0, "site": "reuters.com", "participants_count": 0, "title_full": "", "spam_score": 0.0, "site_type": "news", "published": "2018-01-01T12:10:00.000+02:00", "replies_count": 0, "uuid": "86827136c3cceb56d5d04336aa56ac955267d052"}, "author": "", "url": "https://uk.reuters.com/article/uk-cricket-ashes-england-stokes/stokes-withdrawn-from-englands-odi-squad-malan-in-idUKKBN1EQ0UC", "ord_in_thread": 0, "title": "Stokes withdrawn from England's ODI squad, Malan in", "locations": [], "entities": {"persons": [{"name": "malan", "sentiment": "negative"}, {"name": "stokes", "sentiment": "negative"}, {"name": "ben stokes", "sentiment": "none"}, {"name": "dawid malan", "sentiment": "none"}], "locations": [{"name": "england", "sentiment": "none"}, {"name": "bristol", "sentiment": "none"}, {"name": "britain", "sentiment": "none"}, {"name": "australia", "sentiment": "none"}], "organizations": [{"name": "odi", "sentiment": "negative"}, {"name": "reuters/peter cziborra  stokes", "sentiment": "none"}, {"name": "reuters staff", "sentiment": "none"}, {"name": "ecb", "sentiment": "none"}, {"name": "cps", "sentiment": "none"}, {"name": "wales cricket board", "sentiment": "none"}, {"name": "reuters", "sentiment": "none"}]}, "highlightText": "", "language": "english", "persons": [], "text": "January 1, 2018 / 10:13 AM / Updated 7 hours ago Stokes withdrawn from England's ODI squad, Malan in Reuters Staff 2   Suspended England all-rounder Ben Stokes has been withdrawn from the squad for this month’s five-match one-day international series against Australia and was replaced by batsman Dawid Malan, the England and Wales Cricket Board (ECB) said on Monday. Cricket - England vs West Indies - Third One Day International - Brightside Ground, Bristol, Britain - September 24, 2017 England's Ben Stokes looks dejected after losing his wicket Action Images via Reuters/Peter Cziborra \nStokes, who was provisionally named in England’s squad, is awaiting a decision on whether he will be charged by the Crown Prosecution Service (CPS) for his involvement in an altercation outside a Bristol nightclub in September. \nThe ECB said he would not travel with the group of players leaving for Australia on Tuesday and his availability will depend on CPS advice. \n“Should ECB receive formal confirmation that he has either, a) been charged or, b) will face no charges, the ECB board would convene within 48 hours to make a decision on his availability to represent England at that stage,” ECB said in a statement on their website (www.ecb.co.uk). \nThe ECB said Stokes has been cleared to participate in the player draft for the Indian Premier League Twenty20 tournament. \nThe first ODI between Australia and England will be played at the Melbourne Cricket Ground on Jan. 14. Reporting by Shrivathsa Sridhar in Bengaluru; editing by Sudipto Ganguly", "external_links": [], "published": "2018-01-01T12:10:00.000+02:00", "crawled": "2018-01-01T12:26:34.015+02:00", "highlightTitle": ""}