{"organizations": [], "uuid": "8f0225dac22e34fe02fd3b766cfbf841a00b252d", "thread": {"social": {"gplus": {"shares": 0}, "pinterest": {"shares": 0}, "vk": {"shares": 0}, "linkedin": {"shares": 0}, "facebook": {"likes": 0, "shares": 0, "comments": 0}, "stumbledupon": {"shares": 0}}, "site_full": "www.cnbc.com", "main_image": "https://fm.cnbc.com/applications/cnbc.com/resources/img/editorial/2018/01/03/104925380-4ED3-SBEU-010318-ArjunKharpal.600x400.jpg", "site_section": "http://www.cnbc.com/id/15838652/device/rss/rss.html", "section_title": "Squawk Box Europe", "url": "https://www.cnbc.com/video/2018/01/03/u-s-blocks-ant-financials-takeover-of-moneygram.html", "country": "US", "domain_rank": 767, "title": "U.S. blocks Ant Financial's takeover of MoneyGram", "performance_score": 0, "site": "cnbc.com", "participants_count": 0, "title_full": "", "spam_score": 0.0, "site_type": "news", "published": "2018-01-03T10:37:00.000+02:00", "replies_count": 0, "uuid": "8f0225dac22e34fe02fd3b766cfbf841a00b252d"}, "author": "", "url": "https://www.cnbc.com/video/2018/01/03/u-s-blocks-ant-financials-takeover-of-moneygram.html", "ord_in_thread": 0, "title": "U.S. blocks Ant Financial's takeover of MoneyGram", "locations": [], "entities": {"persons": [], "locations": [{"name": "u.s.", "sentiment": "none"}], "organizations": [{"name": "moneygram", "sentiment": "negative"}, {"name": "ant financial", "sentiment": "negative"}]}, "highlightText": "", "language": "english", "persons": [], "text": "U.S. blocks Ant Financial's takeover of MoneyGram 7 Hours Ago", "external_links": [], "published": "2018-01-03T10:37:00.000+02:00", "crawled": "2018-01-03T17:41:45.018+02:00", "highlightTitle": ""}