{"organizations": [], "uuid": "60c32db812f08f4433e48ffff5978cd26dd3af1b", "thread": {"social": {"gplus": {"shares": 0}, "pinterest": {"shares": 0}, "vk": {"shares": 0}, "linkedin": {"shares": 0}, "facebook": {"likes": 30, "shares": 30, "comments": 0}, "stumbledupon": {"shares": 0}}, "site_full": "www.wsj.com", "main_image": "https://si.wsj.net/public/resources/images/BN-WV723_lombor_SOC_20180104105008.jpg", "site_section": "http://online.wsj.com/xml/rss/3_7041.xml", "section_title": "WSJ.com: Opinion", "url": "https://www.wsj.com/articles/climate-change-policies-can-be-punishing-for-the-poor-1515110743", "country": "US", "domain_rank": 387, "title": "Climate-Change Policies Can Be Punishing for the Poor", "performance_score": 0, "site": "wsj.com", "participants_count": 1, "title_full": "", "spam_score": 0.0, "site_type": "news", "published": "2018-01-05T02:05:00.000+02:00", "replies_count": 0, "uuid": "60c32db812f08f4433e48ffff5978cd26dd3af1b"}, "author": "Bjorn Lomborg", "url": "https://www.wsj.com/articles/climate-change-policies-can-be-punishing-for-the-poor-1515110743", "ord_in_thread": 0, "title": "Climate-Change Policies Can Be Punishing for the Poor", "locations": [], "entities": {"persons": [], "locations": [{"name": "u.s. northeast", "sentiment": "none"}], "organizations": []}, "highlightText": "", "language": "english", "persons": [], "text": "Freezing temperatures in the U.S. Northeast have pushed up heating costs, creating serious stress for many Americans. Although the rich world’s energy poor are largely forgotten in discussions about climate policies, they bear an unfair burden for well-meaning proposals. That reality is being laid bare this icy winter as energy and electricity prices surge.\n\nWhen we think about energy poverty, we imagine a lack of light in the world’s worst-off nations, where more than one billion people still lack electricity. This is a huge...  ", "external_links": [], "published": "2018-01-05T02:05:00.000+02:00", "crawled": "2018-01-05T10:25:30.014+02:00", "highlightTitle": ""}