{"organizations": [], "uuid": "268b36cdc679e86e7519941364ca8e1c42908e64", "thread": {"social": {"gplus": {"shares": 0}, "pinterest": {"shares": 0}, "vk": {"shares": 0}, "linkedin": {"shares": 0}, "facebook": {"likes": 0, "shares": 0, "comments": 0}, "stumbledupon": {"shares": 0}}, "site_full": "www.cnbc.com", "main_image": "https://fm.cnbc.com/applications/cnbc.com/resources/img/editorial/2018/01/02/104924396-3ED4-PL-0102NascarPatrick.600x400.jpg", "site_section": "http://www.cnbc.com/id/100004038/device/rss/rss.html", "section_title": "Latest Video", "url": "https://www.cnbc.com/video/2018/01/02/danica-patrick-on-life-after-nascar.html", "country": "US", "domain_rank": 767, "title": "Danica Patrick on life after Nascar", "performance_score": 0, "site": "cnbc.com", "participants_count": 0, "title_full": "", "spam_score": 0.0, "site_type": "news", "published": "2018-01-02T21:33:00.000+02:00", "replies_count": 0, "uuid": "268b36cdc679e86e7519941364ca8e1c42908e64"}, "author": "", "url": "https://www.cnbc.com/video/2018/01/02/danica-patrick-on-life-after-nascar.html", "ord_in_thread": 0, "title": "Danica Patrick on life after Nascar", "locations": [], "entities": {"persons": [{"name": "power lunc", "sentiment": "negative"}, {"name": "danica patrick", "sentiment": "negative"}, {"name": "nascar danica patrick", "sentiment": "negative"}], "locations": [], "organizations": [{"name": "nascar", "sentiment": "negative"}, {"name": "hours ago nascar", "sentiment": "negative"}]}, "highlightText": "", "language": "english", "persons": [], "text": "Danica Patrick on life after Nascar 2 Hours Ago Nascar driver Danica Patrick speaks with \"Power Lunch\" about her racing career and how retiring from racing will giver her more time to devote to her entrepreneurial ventures.", "external_links": [], "published": "2018-01-02T21:33:00.000+02:00", "crawled": "2018-01-03T00:10:49.006+02:00", "highlightTitle": ""}