{"organizations": [], "uuid": "2697033281a52155d75239011be4c084c81b90d8", "thread": {"social": {"gplus": {"shares": 0}, "pinterest": {"shares": 0}, "vk": {"shares": 0}, "linkedin": {"shares": 0}, "facebook": {"likes": 0, "shares": 0, "comments": 0}, "stumbledupon": {"shares": 0}}, "site_full": "www.reuters.com", "main_image": "https://s4.reutersmedia.net/resources_v2/images/rcom-default.png", "site_section": "http://feeds.reuters.com/reuters/companyNews", "section_title": "Reuters: Company News", "url": "https://www.reuters.com/article/brief-main-street-says-dwayne-hyzak-appo/brief-main-street-says-dwayne-hyzak-appointed-ceo-idUSASB0BZO2", "country": "US", "domain_rank": 408, "title": "BRIEF-Main Street Says Dwayne Hyzak Appointed CEO", "performance_score": 0, "site": "reuters.com", "participants_count": 0, "title_full": "", "spam_score": 0.0, "site_type": "news", "published": "2018-01-04T00:04:00.000+02:00", "replies_count": 0, "uuid": "2697033281a52155d75239011be4c084c81b90d8"}, "author": "", "url": "https://www.reuters.com/article/brief-main-street-says-dwayne-hyzak-appo/brief-main-street-says-dwayne-hyzak-appointed-ceo-idUSASB0BZO2", "ord_in_thread": 0, "title": "BRIEF-Main Street Says Dwayne Hyzak Appointed CEO", "locations": [], "entities": {"persons": [{"name": "dwayne hyzak", "sentiment": "negative"}, {"name": "hyzak", "sentiment": "none"}, {"name": "vincent foster", "sentiment": "none"}, {"name": "dwayne l. hyzak", "sentiment": "none"}], "locations": [], "organizations": [{"name": "reuters", "sentiment": "negative"}, {"name": "eikon", "sentiment": "none"}]}, "highlightText": "", "language": "english", "persons": [], "text": " 06 PM / Updated 29 minutes ago BRIEF-Main Street Says Dwayne Hyzak Appointed CEO Reuters Staff \nJan 3 (Reuters) - Main Street Capital Corp: * MAIN STREET ANNOUNCES CEO SUCCESSION PLAN * SAYS DWAYNE L. HYZAK APPOINTED CEO \n* MAIN STREET CAPITAL - HYZAK ALSO JOINED CO‘S BOARD IMMEDIATELY, BRINGING SIZE OF BOARD TO TEN MEMBERS \n* - VINCENT FOSTER WILL TRANSITION ROLE AND RESPONSIBILITY OF CEO TO DWAYNE HYZAK \n* MAIN STREET CAPITAL - TRANSITION OF HYZAK TO CEO PRESENTLY PLANNED TO OCCUR IN Q4 OF 2018 Source text for Eikon: Further company coverage:", "external_links": [], "published": "2018-01-04T00:04:00.000+02:00", "crawled": "2018-01-04T00:26:07.008+02:00", "highlightTitle": ""}