{"organizations": [], "uuid": "97105dbf9deb8bdcc836c5dffb7a52f74afb09b8", "thread": {"social": {"gplus": {"shares": 0}, "pinterest": {"shares": 0}, "vk": {"shares": 0}, "linkedin": {"shares": 0}, "facebook": {"likes": 0, "shares": 0, "comments": 0}, "stumbledupon": {"shares": 0}}, "site_full": "www.wsj.com", "main_image": "https://si.wsj.net/public/resources/images/BN-WU421_39qeA_TOP_20171229164640.jpg", "site_section": "https://www.wsj.com/news/business", "section_title": "Business &amp; Finance News - Wall Street Journal", "url": "https://www.wsj.com/articles/which-banks-to-own-when-savers-get-fed-up-1514889000", "country": "US", "domain_rank": 387, "title": "Which Banks to Own When Savers Get Fed Up", "performance_score": 0, "site": "wsj.com", "participants_count": 1, "title_full": "", "spam_score": 0.157, "site_type": "news", "published": "2018-01-02T13:30:00.000+02:00", "replies_count": 0, "uuid": "97105dbf9deb8bdcc836c5dffb7a52f74afb09b8"}, "author": "Aaron Back", "url": "https://www.wsj.com/articles/which-banks-to-own-when-savers-get-fed-up-1514889000", "ord_in_thread": 0, "title": "Which Banks to Own When Savers Get Fed Up", "locations": [], "entities": {"persons": [], "locations": [], "organizations": [{"name": "the federal reserve", "sentiment": "none"}, {"name": "fed", "sentiment": "none"}]}, "highlightText": "", "language": "english", "persons": [], "text": "Savings accounts, which have paid out almost nothing for the past decade, could get more interesting in 2018 as yields rise and investors scramble for the higher returns. That could be bad news for certain banks.\nSavings account yields haven’t risen much since the Federal Reserve started raising interest rates. As the Fed keeps tightening in 2018, more banks will raise deposit rates and savers will respond by rushing to the banks that pay the most.\n... ", "external_links": [], "published": "2018-01-02T13:30:00.000+02:00", "crawled": "2018-01-02T17:36:37.022+02:00", "highlightTitle": ""}