{"organizations": [], "uuid": "9feb6b6d433fe9b562ecf3a092c14d2b7a095be0", "thread": {"social": {"gplus": {"shares": 0}, "pinterest": {"shares": 0}, "vk": {"shares": 0}, "linkedin": {"shares": 0}, "facebook": {"likes": 0, "shares": 0, "comments": 0}, "stumbledupon": {"shares": 0}}, "site_full": "www.cnbc.com", "main_image": "//sc.cnbcfm.com/applications/cnbc.com/staticcontent/img/cnbc_logo.gif", "site_section": "http://www.cnbc.com/id/10000027/page/2", "section_title": "Press Releases - CNBC", "url": "http://www.cnbc.com/2018/01/09/pr-newswire-monteverde-associates-pc-files-class-action-lawsuit-on-behalf-of-shareholders-of-repros-therapeutics-inc-in-the-southern.html", "country": "US", "domain_rank": 767, "title": "Monteverde & Associates PC Files Class Action Lawsuit On Behalf Of Shareholders Of Repros Therapeutics Inc. In The Southern District Of Texas Houston Division", "performance_score": 0, "site": "cnbc.com", "participants_count": 1, "title_full": "", "spam_score": 0.028, "site_type": "news", "published": "2018-01-09T21:53:00.000+02:00", "replies_count": 0, "uuid": "9feb6b6d433fe9b562ecf3a092c14d2b7a095be0"}, "author": "cnbc.com", "url": "http://www.cnbc.com/2018/01/09/pr-newswire-monteverde-associates-pc-files-class-action-lawsuit-on-behalf-of-shareholders-of-repros-therapeutics-inc-in-the-southern.html", "ord_in_thread": 0, "title": "Monteverde & Associates PC Files Class Action Lawsuit On Behalf Of Shareholders Of Repros Therapeutics Inc. In The Southern District Of Texas Houston Division", "locations": [], "entities": {"persons": [], "locations": [{"name": "new york", "sentiment": "none"}], "organizations": [{"name": "monteverde & associates", "sentiment": "negative"}, {"name": "southern district of texas houston division", "sentiment": "negative"}, {"name": "company", "sentiment": "none"}, {"name": "repros", "sentiment": "none"}, {"name": "allergan", "sentiment": "none"}, {"name": "repros therapeutics inc.", "sentiment": "none"}, {"name": "united states district court southern district of texas houston division", "sentiment": "none"}]}, "highlightText": "", "language": "english", "persons": [], "text": "NEW YORK, Jan. 9, 2018 /PRNewswire/ -- Notice is hereby given that Monteverde & Associates PC has filed a class action lawsuit in the United States District Court Southern District of Texas Houston Division, case no. 4:17-cv-03918, on behalf of stockholders of Repros Therapeutics Inc. (\"Repros\" or the \"Company\") (NASDAQ: RPRX) who held Repros securities and have been harmed by Repros and its board of directors' (the \"Board\") for alleged violations of Sections 14(d)(4), 14(e), and 20(a) of the Securities Exchange Act of 1934 (the \"Exchange Act\") in connection with the tender offer of Company common stock to be purchased by Allergan plc (\"Allergan\").\nUnder the terms of the agreement, Repros stockholders are only anticipated to receive $0.67 per share in cash in exchange for each share of Repros. The complaint alleges that this offer is inadequate and alleges that the Schedule 14D-9 Solicitation/Recommendation Statement (the \"Recommendation Statement\") provides materially incomplete and misleading information about the Company's financials and the transaction, in violation of Sections 14(d)(4), 14(e), and 20(a) of the Exchange Act. In particular, the 14D-9 contains materially incomplete and misleading information concerning: (i) financial projections for the Company; and (ii) the valuation analyses performed by the Company's financial advisor, Stifel, Nicolaus & Company, Incorporated (\"Stifel\"), in support of their fairness opinions.\nIf you wish to serve as lead plaintiff, you must move the Court no later than 60 days from today. Any member of the putative class may move the Court to serve as lead plaintiff through counsel of their choice, or may choose to do nothing and remain an absent class member. If you wish to discuss this action, or have any questions concerning this notice or your rights or interests, please contact:\nClick here for more information: www.monteverdelaw.com/investigations/m-a/ . It is free and there is no cost or obligation to you.\nMonteverde & Associates PC is a boutique class action securities and consumer litigation law firm committed that has recovered millions of dollars and is committed to protecting shareholders and consumers from corporate wrongdoing. Monteverde & Associates PC lawyers have significant experience litigating Mergers & Acquisitions and Securities Class Actions, whereby they protect investors by recovering money and remedying corporate misconduct. Mr. Monteverde, who leads the legal team at the firm, has been recognized by Super Lawyers as a Rising Star in Securities Litigation in 2013 and 2017, an award given to less than 2.5% of attorneys in a particular field. He has also been selected by Martindale-Hubbell as a 2017 Top Rated Lawyer.\nContact:\nJuan E. Monteverde, Esq.\nMONTEVERDE & ASSOCIATES PC\nThe Empire State Building\n350 Fifth Ave, Suite 4405\nNew York, NY 10118\nUnited States of America\njmonteverde@monteverdelaw.com\nTel: (212) 971-1341\nAttorney Advertising. (C) 2017 Monteverde & Associates PC. Prior results do not guarantee a similar outcome with respect to any future matter.\nView original content with multimedia: http://www.prnewswire.com/news-releases/monteverde--associates-pc-files-class-action-lawsuit-on-behalf-of-shareholders-of-repros-therapeutics-inc-in-the-southern-district-of-texas-houston-division-300580173.html\nSOURCE Monteverde & Associates PC", "external_links": ["http://www.prnewswire.com/news-releases/monteverde--associates-pc-files-class-action-lawsuit-on-behalf-of-shareholders-of-repros-therapeutics-inc-in-the-southern-district-of-texas-houston-division-300580173.html", "http://www.monteverdelaw.com/investigations/m-a/"], "published": "2018-01-09T21:53:00.000+02:00", "crawled": "2018-01-09T23:52:16.000+02:00", "highlightTitle": ""}