{"organizations": [], "uuid": "af4220d079281e7c3db29cc741a5c13ee10c596b", "thread": {"social": {"gplus": {"shares": 0}, "pinterest": {"shares": 0}, "vk": {"shares": 0}, "linkedin": {"shares": 0}, "facebook": {"likes": 0, "shares": 0, "comments": 0}, "stumbledupon": {"shares": 0}}, "site_full": "www.wsj.com", "main_image": "https://si.wsj.net/public/resources/images/BN-WU759_REALSI_SOC_20180102105338.jpg", "site_section": "https://www.wsj.com/news/realestate", "section_title": "Real Estate News - Luxury Homes, Property Market and Mortgage Rates - Wall Street Journal", "url": "https://www.wsj.com/articles/singapore-apartment-owners-ride-collective-sales-to-riches-1514902364", "country": "US", "domain_rank": 387, "title": "Singapore Apartment Owners Ride Collective Sales to Riches", "performance_score": 0, "site": "wsj.com", "participants_count": 1, "title_full": "", "spam_score": 0.803, "site_type": "news", "published": "2018-01-02T17:12:00.000+02:00", "replies_count": 0, "uuid": "af4220d079281e7c3db29cc741a5c13ee10c596b"}, "author": "Dominique Fong", "url": "https://www.wsj.com/articles/singapore-apartment-owners-ride-collective-sales-to-riches-1514902364", "ord_in_thread": 0, "title": "Singapore Apartment Owners Ride Collective Sales to Riches", "locations": [], "entities": {"persons": [], "locations": [{"name": "singapore", "sentiment": "none"}], "organizations": []}, "highlightText": "", "language": "english", "persons": [], "text": "As 2018 gets under way, developers are coming up with new ways to feed what seems to be an insatiable appetite among the world’s emerging middle class for apartments both as places to live and investments to store their wealth.\nConsider what has been happening in Singapore.\nIn 2017, the volume of apartments sales in Singapore hit at least... ", "external_links": [], "published": "2018-01-02T17:12:00.000+02:00", "crawled": "2018-01-02T19:29:12.009+02:00", "highlightTitle": ""}