{"organizations": [], "uuid": "8c32a9e5debc2d5093d050240ca2834393770b8e", "thread": {"social": {"gplus": {"shares": 0}, "pinterest": {"shares": 0}, "vk": {"shares": 0}, "linkedin": {"shares": 0}, "facebook": {"likes": 0, "shares": 0, "comments": 0}, "stumbledupon": {"shares": 0}}, "site_full": "www.cnbc.com", "main_image": "https://fm.cnbc.com/applications/cnbc.com/resources/img/editorial/2018/01/04/104927530-5ED3-SBEU-01042018-MartinFraenkel.600x400.jpg", "site_section": "http://www.cnbc.com/id/15838652/device/rss/rss.html", "section_title": "Squawk Box Europe", "url": "https://www.cnbc.com/video/2018/01/04/why-oil-has-not-been-supporting-related-currencies.html", "country": "US", "domain_rank": 767, "title": "Why oil has not been supporting related currencies", "performance_score": 0, "site": "cnbc.com", "participants_count": 0, "title_full": "", "spam_score": 0.0, "site_type": "news", "published": "2018-01-04T09:56:00.000+02:00", "replies_count": 0, "uuid": "8c32a9e5debc2d5093d050240ca2834393770b8e"}, "author": "", "url": "https://www.cnbc.com/video/2018/01/04/why-oil-has-not-been-supporting-related-currencies.html", "ord_in_thread": 0, "title": "Why oil has not been supporting related currencies", "locations": [], "entities": {"persons": [{"name": "martin fra", "sentiment": "negative"}, {"name": "jane foley", "sentiment": "none"}], "locations": [], "organizations": [{"name": "rabobank", "sentiment": "none"}]}, "highlightText": "", "language": "english", "persons": [], "text": "Why oil has not been supporting related currencies 2 Hours Ago S&P Global Platts President Martin Fraenkel and Jane Foley, head of FX strategy at Rabobank, speak about global demand for oil.", "external_links": [], "published": "2018-01-04T09:56:00.000+02:00", "crawled": "2018-01-04T11:34:18.006+02:00", "highlightTitle": ""}