{"organizations": [], "uuid": "6f31b603c0b65ca49a733f392a10ba22ad92e96f", "thread": {"social": {"gplus": {"shares": 0}, "pinterest": {"shares": 0}, "vk": {"shares": 0}, "linkedin": {"shares": 0}, "facebook": {"likes": 26, "shares": 26, "comments": 0}, "stumbledupon": {"shares": 0}}, "site_full": "fortune.com", "main_image": "https://fortunedotcom.files.wordpress.com/2018/01/902408934.jpg", "site_section": "", "section_title": "", "url": "http://fortune.com/2018/01/08/golden-globes-ratings-down-from-last-year/", "country": "US", "domain_rank": 1196, "title": "Golden Globes Ratings Fell From 2017 | Fortune", "performance_score": 0, "site": "fortune.com", "participants_count": 0, "title_full": "", "spam_score": 0.654, "site_type": "news", "published": "2018-01-09T02:00:00.000+02:00", "replies_count": 0, "uuid": "6f31b603c0b65ca49a733f392a10ba22ad92e96f"}, "author": "Natasha Bach", "url": "http://fortune.com/2018/01/08/golden-globes-ratings-down-from-last-year/", "ord_in_thread": 0, "title": "Golden Globes Ratings Fell From 2017 | Fortune", "locations": [], "entities": {"persons": [], "locations": [], "organizations": []}, "highlightText": "", "language": "english", "persons": [], "text": "By Natasha Bach 2:34 PM EST \nThe Golden Globes may have drummed up support for Time’s Up , Hollywood’s initiative to end sexual assault, harassment, and inequality in the workplace, and rallied people behind Oprah for President in 2020. But that wasn’t quite enough to give the awards show the ratings it needed. \nThe show had 19 million viewers, down 5% from last year, reports entertainment news site Deadline . The numbers were even bleaker in the key 18 to 49-years old demographic, in which viewership fell 11% to a 5.0 rating, a six-year low. \nBy comparison, last year’s show averaged 20 million viewers and received a 5.6 rating for the 18-49 demographic. \nRead: How Amazon, Hulu, and Netflix Fared at the 2018 Golden Globes \nSunday’s Golden Globes were the least watched since 2016, which received 18.5 million viewers but also faced competition from a televised NFL game. Nevertheless, among awards shows more broadly, Deadline notes that this year’s Golden Globes was the most watched awards show since last year’s Oscars—though, of course, the only other major awards show during that period was the Emmys. Even with the depressed ratings, the Golden Globes still ranks as the No. 3 awards show, following the Academy Awards and the Grammys. SPONSORED FINANCIAL CONTENT ", "external_links": [], "published": "2018-01-09T02:00:00.000+02:00", "crawled": "2018-01-09T09:40:28.374+02:00", "highlightTitle": ""}