{"organizations": [], "uuid": "96ebffa15478d8235003780a6eb02a402ee3e83f", "thread": {"social": {"gplus": {"shares": 0}, "pinterest": {"shares": 0}, "vk": {"shares": 0}, "linkedin": {"shares": 0}, "facebook": {"likes": 0, "shares": 0, "comments": 0}, "stumbledupon": {"shares": 0}}, "site_full": "uk.reuters.com", "main_image": "https://yospace-cds1.reuters.com/u/resize~ad1~1200cce51a253d2-1514580592022?width=640&location=LANDSCAPE&videoId=RCV004AKF", "site_section": "http://feeds.reuters.com/reuters/UKVideoBusiness", "section_title": "Reuters Video: Business", "url": "https://uk.reuters.com/video/2018/01/02/breakingviews-tv-faang-vs-slaw?videoId=377768817", "country": "US", "domain_rank": 408, "title": "Breakingviews TV: FAANG vs. SLAW", "performance_score": 0, "site": "reuters.com", "participants_count": 0, "title_full": "", "spam_score": 0.0, "site_type": "news", "published": "2018-01-02T16:27:00.000+02:00", "replies_count": 0, "uuid": "96ebffa15478d8235003780a6eb02a402ee3e83f"}, "author": "", "url": "https://uk.reuters.com/video/2018/01/02/breakingviews-tv-faang-vs-slaw?videoId=377768817", "ord_in_thread": 0, "title": "Breakingviews TV: FAANG vs. SLAW", "locations": [], "entities": {"persons": [{"name": "tom buerkle", "sentiment": "none"}, {"name": "rob cox", "sentiment": "none"}, {"name": "spotify", "sentiment": "none"}], "locations": [{"name": "airbnb", "sentiment": "none"}], "organizations": []}, "highlightText": "", "language": "english", "persons": [], "text": "Breakingviews TV: FAANG vs. SLAW 2:27pm GMT - 04:48 \nTech investors will get a new acronym to feast on in 2018. Rob Cox and Tom Buerkle discuss how Spotify, Lyft, Airbnb and WeWork are gearing up for IPOs, and why a backlash against super-voting shares promises to give investors a fairer shake.   \nTech investors will get a new acronym to feast on in 2018. Rob Cox and Tom Buerkle discuss how Spotify, Lyft, Airbnb and WeWork are gearing up for IPOs, and why a backlash against super-voting shares promises to give investors a fairer shake.  //reut.rs/2Cr6Drb", "external_links": [], "published": "2018-01-02T16:27:00.000+02:00", "crawled": "2018-01-02T17:02:36.000+02:00", "highlightTitle": ""}