{"organizations": [], "uuid": "0c42363c97a8609b3e68f2fc1cc5388bdf54dfda", "thread": {"social": {"gplus": {"shares": 0}, "pinterest": {"shares": 0}, "vk": {"shares": 0}, "linkedin": {"shares": 0}, "facebook": {"likes": 0, "shares": 0, "comments": 0}, "stumbledupon": {"shares": 0}}, "site_full": "uk.reuters.com", "main_image": "https://yospace-cds1.reuters.com/u/resize~ad1~1200cce51a25448?width=640&location=LANDSCAPE&videoId=OV7E436QN", "site_section": "http://uk.reuters.com/rssVideo?videoChannel=1", "section_title": "Reuters Video: Top News", "url": "https://uk.reuters.com/video/2017/12/30/two-men-arraigned-in-new-york-quadruple?videoId=377277614", "country": "US", "domain_rank": 408, "title": "Two men arraigned in New York quadruple homicide case", "performance_score": 0, "site": "reuters.com", "participants_count": 0, "title_full": "", "spam_score": 0.0, "site_type": "news", "published": "2017-12-30T21:53:00.000+02:00", "replies_count": 0, "uuid": "0c42363c97a8609b3e68f2fc1cc5388bdf54dfda"}, "author": "", "url": "https://uk.reuters.com/video/2017/12/30/two-men-arraigned-in-new-york-quadruple?videoId=377277614", "ord_in_thread": 0, "title": "Two men arraigned in New York quadruple homicide case", "locations": [], "entities": {"persons": [{"name": "jillian kitchener", "sentiment": "none"}], "locations": [{"name": "new york", "sentiment": "none"}, {"name": "troy", "sentiment": "none"}], "organizations": []}, "highlightText": "", "language": "english", "persons": [], "text": "Two men arraigned in New York quadruple homicide case Saturday, December 30, 2017 - 00:46 \nTwo men pleaded not guilty to murder charges in the deaths of two women and two children in Troy, New York. The victims were discovered the day after Christmas. Jillian Kitchener reports.   \nTwo men pleaded not guilty to murder charges in the deaths of two women and two children in Troy, New York. The victims were discovered the day after Christmas. Jillian Kitchener reports.  //reut.rs/2Cfzxe1", "external_links": [], "published": "2017-12-30T21:53:00.000+02:00", "crawled": "2018-01-01T05:35:04.039+02:00", "highlightTitle": ""}