{"organizations": [], "uuid": "9c4c4652f46bcea2a3f37519a29b3b3f288d121a", "thread": {"social": {"gplus": {"shares": 0}, "pinterest": {"shares": 0}, "vk": {"shares": 0}, "linkedin": {"shares": 0}, "facebook": {"likes": 0, "shares": 0, "comments": 0}, "stumbledupon": {"shares": 0}}, "site_full": "uk.reuters.com", "main_image": "https://yospace-cds1.reuters.com/u/resize~ad1~1200ce65e85c50a?width=640&location=LANDSCAPE&videoId=OV7WP4IOB", "site_section": "http://feeds.reuters.com/reuters/UKVideoBusiness", "section_title": "Reuters Video: Business", "url": "https://uk.reuters.com/video/2018/01/04/bumper-global-services-kick-start-2018?videoId=378136085", "country": "US", "domain_rank": 408, "title": "Bumper global services kick start 2018", "performance_score": 0, "site": "reuters.com", "participants_count": 0, "title_full": "", "spam_score": 0.0, "site_type": "news", "published": "2018-01-04T15:17:00.000+02:00", "replies_count": 0, "uuid": "9c4c4652f46bcea2a3f37519a29b3b3f288d121a"}, "author": "", "url": "https://uk.reuters.com/video/2018/01/04/bumper-global-services-kick-start-2018?videoId=378136085", "ord_in_thread": 0, "title": "Bumper global services kick start 2018", "locations": [], "entities": {"persons": [{"name": "ciara lee", "sentiment": "none"}], "locations": [{"name": "china", "sentiment": "none"}], "organizations": []}, "highlightText": "", "language": "english", "persons": [], "text": "Bumper global services kick start 2018 1:17pm GMT - 01:48 \nThe euro zone economy closed out the year with the strongest growth in nearly seven years, driven by accelerating services and manufacturing activity across all major economies, a survey showed on Thursday. As Ciara Lee reports, China's services sector activity also expanded, putting in its best pick-up in performance in over three years in December on solid growth in new business. ▲ Hide Transcript ▶ View Transcript \nThe euro zone economy closed out the year with the strongest growth in nearly seven years, driven by accelerating services and manufacturing activity across all major economies, a survey showed on Thursday. As Ciara Lee reports, China's services sector activity also expanded, putting in its best pick-up in performance in over three years in December on solid growth in new business. Press CTRL+C (Windows), CMD+C (Mac), or long-press the URL below on your mobile device to copy the code https://reut.rs/2CH0ibu", "external_links": [], "published": "2018-01-04T15:17:00.000+02:00", "crawled": "2018-01-04T15:39:18.000+02:00", "highlightTitle": ""}