{"organizations": [], "uuid": "2c46976541af5f0f63e158476b44202aa80e35da", "thread": {"social": {"gplus": {"shares": 0}, "pinterest": {"shares": 0}, "vk": {"shares": 0}, "linkedin": {"shares": 0}, "facebook": {"likes": 0, "shares": 0, "comments": 0}, "stumbledupon": {"shares": 0}}, "site_full": "www.reuters.com", "main_image": "https://s4.reutersmedia.net/resources_v2/images/rcom-default.png", "site_section": "http://feeds.reuters.com/reuters/UKbankingFinancial/", "section_title": "Reuters: Financial Services and Real Estate", "url": "https://www.reuters.com/article/australia-stocks-morning/australia-shares-likely-to-open-higher-nz-slightly-up-idUSL4N1OY3ZE", "country": "US", "domain_rank": 408, "title": "Australia shares likely to open higher; NZ slightly up", "performance_score": 0, "site": "reuters.com", "participants_count": 0, "title_full": "", "spam_score": 0.0, "site_type": "news", "published": "2018-01-03T23:12:00.000+02:00", "replies_count": 0, "uuid": "2c46976541af5f0f63e158476b44202aa80e35da"}, "author": "", "url": "https://www.reuters.com/article/australia-stocks-morning/australia-shares-likely-to-open-higher-nz-slightly-up-idUSL4N1OY3ZE", "ord_in_thread": 0, "title": "Australia shares likely to open higher; NZ slightly up", "locations": [], "entities": {"persons": [], "locations": [], "organizations": []}, "highlightText": "", "language": "english", "persons": [], "text": "January 3, 2018 / 9:13 PM / Updated an hour ago Australia shares likely to open higher; NZ slightly up Reuters Staff 1 Min Read \nJan 4 (Reuters) - Australian shares are expected to open higher on Thursday, inspired by continued strength on Wall Street where major indexes climbed to record levels, while upbeat oil prices are also likely to support energy stocks. The S&P 500 index rose above 2,700 for the first time on Wednesday and other major indexes hit record highs, lifted by technology stocks. Meanwhile, oil prices rose about 2 percent to its highest in 2-1/2 years. The local share price index futures rose 0.5 percent or 32 points to 6,063, a 7.4-point discount to the underlying S&P/ASX 200 index close. The benchmark rose 0.2 percent on Wednesday. New Zealand's benchmark S&P/NZX 50 index rose 0.1 percent in early trade. (Reporting by Chris Thomas in Bengaluru; Editing by Richard Balmforth)", "external_links": [], "published": "2018-01-03T23:12:00.000+02:00", "crawled": "2018-01-04T00:12:39.009+02:00", "highlightTitle": ""}