{"organizations": [], "uuid": "7ed67505fea45c2533f302302f3e92a12f1e0535", "thread": {"social": {"gplus": {"shares": 0}, "pinterest": {"shares": 0}, "vk": {"shares": 0}, "linkedin": {"shares": 0}, "facebook": {"likes": 0, "shares": 0, "comments": 0}, "stumbledupon": {"shares": 0}}, "site_full": "uk.reuters.com", "main_image": "https://s4.reutersmedia.net/resources/r/?m=02&d=20180104&t=2&i=1219247128&w=1200&r=LYNXMPEE030BW", "site_section": "http://feeds.reuters.com/reuters/UKSportsNews/", "section_title": "Reuters: Sports News", "url": "https://uk.reuters.com/article/uk-figureskating-usa-championships/figure-skating-tennell-leads-u-s-champs-after-short-program-idUKKBN1ET0KR", "country": "US", "domain_rank": 408, "title": "Figure skating - Tennell leads U.S. champs after short program", "performance_score": 0, "site": "reuters.com", "participants_count": 0, "title_full": "", "spam_score": 0.0, "site_type": "news", "published": "2018-01-04T08:51:00.000+02:00", "replies_count": 0, "uuid": "7ed67505fea45c2533f302302f3e92a12f1e0535"}, "author": "", "url": "https://uk.reuters.com/article/uk-figureskating-usa-championships/figure-skating-tennell-leads-u-s-champs-after-short-program-idUKKBN1ET0KR", "ord_in_thread": 0, "title": "Figure skating - Tennell leads U.S. champs after short program", "locations": [], "entities": {"persons": [{"name": "tennell", "sentiment": "negative"}, {"name": "mirai nagasu", "sentiment": "none"}, {"name": "bradie tennell", "sentiment": "none"}, {"name": "nagasu", "sentiment": "none"}], "locations": [{"name": "u.s.", "sentiment": "none"}, {"name": "skate america", "sentiment": "none"}, {"name": "usa", "sentiment": "none"}, {"name": "california", "sentiment": "none"}, {"name": "pyeongchang", "sentiment": "none"}, {"name": "san jose", "sentiment": "none"}, {"name": "ca", "sentiment": "none"}], "organizations": [{"name": "reuters staff", "sentiment": "none"}, {"name": "prudential", "sentiment": "none"}, {"name": "reuters", "sentiment": "none"}, {"name": "sap center", "sentiment": "none"}]}, "highlightText": "", "language": "english", "persons": [], "text": "January 4, 2018 / 6:52 AM / Updated 8 minutes ago Figure skating - Tennell leads U.S. champs after short program Reuters Staff 3 Min Read \n(Reuters) - Bradie Tennell performed a brilliant routine to take a narrow short program lead over sentimental favourite Mirai Nagasu in the ladies competition at the U.S. figure skating championships on Wednesday. Jan 3, 2018; San Jose, CA, USA; Bradie Tennell performs in the 2018 Prudential U.S. Figure Skating Championships at SAP Center. Mandatory Credit: Stan Szeto-USA TODAY Sports \nUnder the microscope of the Olympic selectors in the last event before the team for Pyeongchang is picked, in-form teenager Tennell executed flawlessly in San Jose, California. \nTennell arrived at the championships as one to watch after finishing third at Skate America last month and she did not disappoint, notching the highest ever U.S. championships short program score of 73.79 points, ahead of Nagasu’s 73.09. \n“I didn’t even know that,” the 19-year-old said in a post-routine interview. “My expectations were just to skate a clean program. I just ignored the whole Olympics aspect of it and skated how I know how.” \nNagasu, meanwhile, failed to stick her signature jump in a nervous start to what she hopes will be Olympic redemption but still recovered to challenge Tennell. \nThe 24-year-old wept openly after being overlooked for the 2014 American team for Sochi, despite finishing third at the U.S. championships that year. \nFour years after that crushing disappointment, Nagasu entered this year’s championships with the distinction of being only the second American after Tonya Harding to land a triple Axel in international competition. \nAfter a nervous warm-up, Nagasu started her routine with the triple Axel but stumbled upon landing, although she stayed on her feet. She regrouped, however, and was rewarded with the highest technical score of the night. \n“I think I did a great job. To go down in history is all I’ve ever wanted,” said Nagasu, who makes no secret of her desire to atone for 2014. \n“I wish I had the mental ability of (multiple gold medal-winning swimmer) Michael Phelps but I think my journey has been about getting up... I‘m so proud to still be here today.” \nTennell and Nagasu are well clear of third-placed Karen Wang on 69.48, with triple national champion Ashley Wagner languishing down in fifth place on 65.94. \n“I’ve head a really mental season, I‘m not going to lie about that,” said Wagner, referring to her recent mediocre form. \n“This was solid. You can lose an event in the short program and my main focus was to get through this, not get too far behind and get myself a close enough distance to make a real killing in the long.” \nThe ladies’ event concludes on Friday with the long program. \nThe first three finishers are not guaranteed of selection, as Nagasu discovered in 2014, but know a strong finish will be hard to ignore. Reporting by Andrew Both in Cary, North Carolina", "external_links": [], "published": "2018-01-04T08:51:00.000+02:00", "crawled": "2018-01-04T09:03:20.017+02:00", "highlightTitle": ""}