{"organizations": [], "uuid": "0c58568002bcadedc7035354ee23d49985c3dffb", "thread": {"social": {"gplus": {"shares": 0}, "pinterest": {"shares": 0}, "vk": {"shares": 0}, "linkedin": {"shares": 0}, "facebook": {"likes": 0, "shares": 0, "comments": 0}, "stumbledupon": {"shares": 0}}, "site_full": "www.cnbc.com", "main_image": "//sc.cnbcfm.com/applications/cnbc.com/staticcontent/img/cnbc_logo.gif", "site_section": "http://www.cnbc.com/id/10000027/page/4", "section_title": "Press Releases - CNBC", "url": "http://www.cnbc.com/2018/01/08/pr-newswire-starboard-delivers-letter-to-mellanox-ceo-and-board-of-directors.html", "country": "US", "domain_rank": 767, "title": "Starboard Delivers Letter to Mellanox CEO and Board of Directors", "performance_score": 0, "site": "cnbc.com", "participants_count": 1, "title_full": "", "spam_score": 0.0, "site_type": "news", "published": "2018-01-08T14:00:00.000+02:00", "replies_count": 0, "uuid": "0c58568002bcadedc7035354ee23d49985c3dffb"}, "author": "cnbc.com", "url": "http://www.cnbc.com/2018/01/08/pr-newswire-starboard-delivers-letter-to-mellanox-ceo-and-board-of-directors.html", "ord_in_thread": 0, "title": "Starboard Delivers Letter to Mellanox CEO and Board of Directors", "locations": [], "entities": {"persons": [{"name": "eyal waldman", "sentiment": "none"}, {"name": "mellanox", "sentiment": "none"}], "locations": [{"name": "new york", "sentiment": "none"}, {"name": "u.s.", "sentiment": "none"}], "organizations": [{"name": "starboard value lp", "sentiment": "negative"}, {"name": "company", "sentiment": "none"}, {"name": "board", "sentiment": "none"}, {"name": "mellanox board of directors", "sentiment": "none"}, {"name": "mellanox technologies, ltd.", "sentiment": "none"}, {"name": "value lp starboard value lp", "sentiment": "none"}]}, "highlightText": "", "language": "english", "persons": [], "text": "NEW YORK, Jan. 8, 2018 /PRNewswire/ -- Starboard Value LP (together with its affiliates, \"Starboard\"), the largest shareholder of Mellanox Technologies, Ltd. (\"Mellanox\" or the \"Company\")(NASDAQ: MLNX), with an ownership interest of approximately 10.7% of the Company's outstanding shares, today announced that it has delivered a letter to Eyal Waldman, Mellanox's President and Chief Executive Officer, and the Mellanox Board of Directors (the \"Board\"). Starboard's letter is accompanied by a set of supplemental slides that provide further detail on several key topics.\nThe full text of Starboard's letter to the CEO and Board and the accompanying slides can be viewed at the following links:\nhttp://www.starboardvalue.com/wp-content/uploads/Starboard_Value_LP_Letter_to_MLNX_01.08.2018.pdf\nhttp://www.starboardvalue.com/wp-content/uploads/Starboard_Value_LP_Supplemental_Slides_MLNX_01.08.2018.pdf\nAbout Starboard Value LP\nStarboard Value LP is a New York-based investment adviser with a focused and differentiated fundamental approach to investing in publicly traded U.S. companies. Starboard invests in deeply undervalued companies and actively engages with management teams and boards of directors to identify and execute on opportunities to unlock value for the benefit of all shareholders.\nInvestor contacts:\nPeter Feld, (212) 201-4878\nJonathan Sagal, (212) 845-7935\nwww.starboardvalue.com\nView original content: http://www.prnewswire.com/news-releases/starboard-delivers-letter-to-mellanox-ceo-and-board-of-directors-300578742.html\nSOURCE Starboard Value LP", "external_links": ["http://www.starboardvalue.com/", "http://www.prnewswire.com/news-releases/starboard-delivers-letter-to-mellanox-ceo-and-board-of-directors-300578742.html", "http://www.starboardvalue.com/wp-content/uploads/Starboard_Value_LP_Supplemental_Slides_MLNX_01.08.2018.pdf", "http://www.starboardvalue.com/wp-content/uploads/Starboard_Value_LP_Letter_to_MLNX_01.08.2018.pdf"], "published": "2018-01-08T14:00:00.000+02:00", "crawled": "2018-01-08T15:16:03.013+02:00", "highlightTitle": ""}