{"organizations": [], "uuid": "008c4d88f3a046b29e1c80c14ba29515524aaa98", "thread": {"social": {"gplus": {"shares": 0}, "pinterest": {"shares": 0}, "vk": {"shares": 0}, "linkedin": {"shares": 0}, "facebook": {"likes": 0, "shares": 0, "comments": 0}, "stumbledupon": {"shares": 0}}, "site_full": "www.reuters.com", "main_image": "https://s4.reutersmedia.net/resources_v2/images/rcom-default.png", "site_section": "http://feeds.reuters.com/reuters/worldNews", "section_title": "Reuters: World News", "url": "https://www.reuters.com/article/us-sudan-egypt/sudan-recalls-its-ambassador-to-egypt-for-talks-foreign-ministry-idUSKBN1ET29P", "country": "US", "domain_rank": 408, "title": "Sudan recalls its ambassador to Egypt for talks: Foreign Ministry", "performance_score": 0, "site": "reuters.com", "participants_count": 0, "title_full": "", "spam_score": 0.0, "site_type": "news", "published": "2018-01-04T21:40:00.000+02:00", "replies_count": 0, "uuid": "008c4d88f3a046b29e1c80c14ba29515524aaa98"}, "author": "", "url": "https://www.reuters.com/article/us-sudan-egypt/sudan-recalls-its-ambassador-to-egypt-for-talks-foreign-ministry-idUSKBN1ET29P", "ord_in_thread": 0, "title": "Sudan recalls its ambassador to Egypt for talks: Foreign Ministry", "locations": [], "entities": {"persons": [{"name": "andrew heavens", "sentiment": "none"}, {"name": "nadine awadalla", "sentiment": "none"}, {"name": "khalid abdelaziz", "sentiment": "none"}], "locations": [{"name": "sudan", "sentiment": "none"}, {"name": "egypt", "sentiment": "none"}, {"name": "khartoum", "sentiment": "none"}], "organizations": [{"name": "ministry reuters staff", "sentiment": "none"}, {"name": "reuters", "sentiment": "none"}]}, "highlightText": "", "language": "english", "persons": [], "text": "January 4, 2018 / 7:42 PM / Updated 8 minutes ago Sudan recalls its ambassador to Egypt for talks: Foreign Ministry Reuters Staff 1 Min Read \nKHARTOUM (Reuters) - Sudan has recalled its ambassador from neighboring Egypt for consultations, the foreign ministry said on Thursday. \nThe statement did not say why or how long he would stay. Reporting by Khalid Abdelaziz; Writing by Nadine Awadalla; Editing by Andrew Heavens", "external_links": [], "published": "2018-01-04T21:40:00.000+02:00", "crawled": "2018-01-04T21:59:06.004+02:00", "highlightTitle": ""}