{"organizations": [], "uuid": "56f0968dcfa0142905b33e9182dd63dc511e9461", "thread": {"social": {"gplus": {"shares": 0}, "pinterest": {"shares": 0}, "vk": {"shares": 0}, "linkedin": {"shares": 0}, "facebook": {"likes": 0, "shares": 0, "comments": 0}, "stumbledupon": {"shares": 0}}, "site_full": "www.wsj.com", "main_image": "https://si.wsj.net/public/resources/images/BN-WV786_3l9Hx_TOP_20180104132603.jpg", "site_section": "http://www.wsj.com/xml/rss/3_7014.xml", "section_title": "WSJ.com: US Business", "url": "https://www.wsj.com/articles/trump-administration-proposes-massive-expansion-of-oil-drilling-1515090515", "country": "US", "domain_rank": 387, "title": "Trump Administration Proposes Massive Expansion of Oil Drilling", "performance_score": 0, "site": "wsj.com", "participants_count": 1, "title_full": "", "spam_score": 0.0, "site_type": "news", "published": "2018-01-04T21:57:00.000+02:00", "replies_count": 0, "uuid": "56f0968dcfa0142905b33e9182dd63dc511e9461"}, "author": "Tim Puko", "url": "https://www.wsj.com/articles/trump-administration-proposes-massive-expansion-of-oil-drilling-1515090515", "ord_in_thread": 0, "title": "Trump Administration Proposes Massive Expansion of Oil Drilling", "locations": [], "entities": {"persons": [{"name": "ryan zinke", "sentiment": "none"}], "locations": [{"name": "washington", "sentiment": "none"}, {"name": "u.s.", "sentiment": "none"}, {"name": "california", "sentiment": "none"}, {"name": "florida", "sentiment": "none"}], "organizations": [{"name": "trump", "sentiment": "negative"}, {"name": "trump administration proposes massive expansion of oil drilling", "sentiment": "negative"}]}, "highlightText": "", "language": "english", "persons": [], "text": "WASHINGTON—The Trump administration wants to open up nearly all the country’s offshore areas for oil drilling, leasing areas off places like Florida and California for the first time in decades, and reversing an Obama-era policy. \n\nSecretary of the Interior Ryan Zinke announced Thursday that his department is planning the largest number of oil-lease sales in U.S. history starting next year. It would open up 90% of offshore land for drilling as part of a five-year plan. It reverses an Obama-era plan that would have kept only...  ", "external_links": [], "published": "2018-01-04T21:57:00.000+02:00", "crawled": "2018-01-04T22:41:58.003+02:00", "highlightTitle": ""}