{"organizations": [], "uuid": "1a9f2fb21ca368d98efcde5cc0856d9a3934cb0a", "thread": {"social": {"gplus": {"shares": 0}, "pinterest": {"shares": 0}, "vk": {"shares": 0}, "linkedin": {"shares": 0}, "facebook": {"likes": 0, "shares": 0, "comments": 0}, "stumbledupon": {"shares": 0}}, "site_full": "www.cnbc.com", "main_image": "//sc.cnbcfm.com/applications/cnbc.com/staticcontent/img/cnbc_logo.gif", "site_section": "http://www.cnbc.com/id/10000027", "section_title": "Press Releases - CNBC", "url": "http://www.cnbc.com/2018/01/02/globe-newswire-hope-bancorp-to-announce-2017-fourth-quarter-financial-results-on-tuesday-january-30-2018.html", "country": "US", "domain_rank": 767, "title": "Hope Bancorp to Announce 2017 Fourth Quarter Financial Results on Tuesday, January 30, 2018", "performance_score": 0, "site": "cnbc.com", "participants_count": 1, "title_full": "", "spam_score": 0.0, "site_type": "news", "published": "2018-01-03T01:21:00.000+02:00", "replies_count": 0, "uuid": "1a9f2fb21ca368d98efcde5cc0856d9a3934cb0a"}, "author": "cnbc.com", "url": "http://www.cnbc.com/2018/01/02/globe-newswire-hope-bancorp-to-announce-2017-fourth-quarter-financial-results-on-tuesday-january-30-2018.html", "ord_in_thread": 0, "title": "Hope Bancorp to Announce 2017 Fourth Quarter Financial Results on Tuesday, January 30, 2018", "locations": [], "entities": {"persons": [], "locations": [{"name": "los angeles", "sentiment": "none"}], "organizations": [{"name": "hope bancorp", "sentiment": "negative"}, {"name": "hope bancorp, inc.", "sentiment": "neutral"}, {"name": "about hope bancorp, inc", "sentiment": "none"}]}, "highlightText": "", "language": "english", "persons": [], "text": "LOS ANGELES, Jan. 02, 2018 (GLOBE NEWSWIRE) -- Hope Bancorp, Inc. (NASDAQ:HOPE) today announced that the company will announce financial results for its 2017 fourth quarter after the markets close on Tuesday, January 30, 2018.\nA conference call to discuss 2017 fourth quarter financial results will be held on Wednesday, January 31, 2018 at 9:30 a.m. Pacific Time / 12:30 p.m. Eastern Time. Institutional investors and analysts are invited to access the conference call by dialing 866-235-9917 (domestic) or 412-902-4103 (international), and asking for the “Hope Bancorp Call.” Other interested parties are invited to participate via a live webcast of the call available at Hope Bancorp’s investor relations website at www.ir-hopebancorp.com .\nAfter the live webcast, the archived webcast will remain available in Hope Bancorp’s investor relations website for one year. A telephonic replay of the call will be available at 877-344-7529 (domestic) or 412-317-0088 (international) for one week through February 7, 2018, replay access code 10115513.\nAbout Hope Bancorp, Inc.\nHope Bancorp, Inc. is the holding company of Bank of Hope, the first and only super regional Korean-American bank in the United States with $14.2 billion in total assets as of September 30, 2017. Headquartered in Los Angeles and serving a multi-ethnic population of customers across the nation, Bank of Hope operates 64 full-service branches in California, Washington, Texas, Illinois, New York, New Jersey, Virginia, Georgia and Alabama. The Bank also operates SBA loan production offices in Seattle, Denver, Dallas, Atlanta, Portland, Oregon and Annandale, Virginia; a commercial loan production office in Fremont, California; residential mortgage loan production offices in California; and a representative office in Seoul, Korea. Bank of Hope specializes in core business banking products for small and medium-sized businesses, with an emphasis in commercial real estate and commercial lending, SBA lending and international trade financing. Bank of Hope is a California-chartered bank, and its deposits are insured by the FDIC to the extent provided by law. Bank of Hope is an Equal Opportunity Lender. For additional information, please go to bankofhope.com .\nContact:\nAngie Yang\nSVP, Director of IR & Corporate Communications\n213-251-2219\nangie.yang@bankofhope.com\nSource:Hope Bancorp, Inc.", "external_links": ["https://www.globenewswire.com/Tracker?data=4_gikN7XfircFAC6SoKZQXbKLILUVQRMdnhjqn9ZnZ1tMw-0zlIOypgUre-DgEC_TeeL6hy23rsz0t76RCaIeQx1CSZt4BzIeRh19_mzLB8=", "https://www.globenewswire.com/NewsRoom/AttachmentNg/1d2cbc07-c7cb-40fc-bfbb-dc9af78d5794", "https://www.globenewswire.com/Tracker?data=-XIiLIHTbA8Dic5xVfW6p9kMpX2bn03O-jPAP039xwrdTlCGtl2wS273hN2LElfjJTrhs2DOG6SDaL2BAojjPw==", "https://www.globenewswire.com/Tracker?data=WtyRy72AfDkh_nyUNUks9Glt_lYky_NdUMwxv18cq_JaFrJBt1-hyDpNnLNv_tYO-LXzdz0elTXMhwi2zDYeM5PoN_FifiRvo1LRTM0elUw="], "published": "2018-01-03T01:21:00.000+02:00", "crawled": "2018-01-03T04:11:09.004+02:00", "highlightTitle": ""}