{"organizations": [], "uuid": "10d16fc761ba14e74071d03921a57222950cdea8", "thread": {"social": {"gplus": {"shares": 0}, "pinterest": {"shares": 0}, "vk": {"shares": 0}, "linkedin": {"shares": 0}, "facebook": {"likes": 0, "shares": 0, "comments": 0}, "stumbledupon": {"shares": 0}}, "site_full": "www.cnbc.com", "main_image": "", "site_section": "http://www.cnbc.com/id/10000027", "section_title": "Press Releases - CNBC", "url": "http://www.cnbc.com/2018/01/15/pr-newswire-iamgold-announces-dates-for-its-fourth-quarter-2017-results.html", "country": "US", "domain_rank": 767, "title": "IAMGOLD Announces Dates For Its Fourth Quarter 2017 Results", "performance_score": 0, "site": "cnbc.com", "participants_count": 1, "title_full": "", "spam_score": 0.0, "site_type": "news", "published": "2018-01-16T00:05:00.000+02:00", "replies_count": 0, "uuid": "10d16fc761ba14e74071d03921a57222950cdea8"}, "author": "cnbc.com", "url": "http://www.cnbc.com/2018/01/15/pr-newswire-iamgold-announces-dates-for-its-fourth-quarter-2017-results.html", "ord_in_thread": 0, "title": "IAMGOLD Announces Dates For Its Fourth Quarter 2017 Results", "locations": [], "entities": {"persons": [], "locations": [{"name": "toronto", "sentiment": "none"}, {"name": "south america", "sentiment": "none"}, {"name": "canada", "sentiment": "none"}, {"name": "africa", "sentiment": "none"}, {"name": "north america", "sentiment": "none"}], "organizations": [{"name": "iamgold", "sentiment": "negative"}, {"name": "iamgold corporation", "sentiment": "negative"}, {"name": "company", "sentiment": "none"}, {"name": "iamgold iamgold", "sentiment": "none"}, {"name": "eastern time", "sentiment": "none"}]}, "highlightText": "", "language": "english", "persons": [], "text": "TORONTO, Jan. 15, 2018 /PRNewswire/ - IAMGOLD Corporation (\"IAMGOLD\" or the \"Company\") will release its fourth quarter and full year 2017 financial results after market hours on Wednesday, February 21 st , 2018.\nCONFERENCE CALL\nA conference call will be held on Thursday, February 22 nd , 2018 at 8:30 a.m. (Eastern Time) for a discussion with management regarding the Company's operating performance and financial results for the fourth quarter 2017. A webcast of the conference call will be available through the Company's website at www.iamgold.com .\nConference Call Information:\nNorth America Toll-Free: 1-800-319-4610 or International number: 1-604-638-5340\nA replay of this conference call will be available for one month following the call by dialing:\nNorth America toll-free: 1-800-319-6413 or International number: 1-604-638-9010, passcode: 1989#\nAbout IAMGOLD\nIAMGOLD ( www.iamgold.com ) is a mid-tier mining company with four operating gold mines on three continents. A solid base of strategic assets in Canada, South America and Africa is complemented by development and exploration projects and continued assessment of accretive acquisition opportunities. IAMGOLD is in a strong financial position with extensive management and operational expertise.\nPlease note:\nThis entire news release may be accessed via fax, e-mail, IAMGOLD's website at www.iamgold.com and through CNW Group's website at www.newswire.ca . All material information on IAMGOLD can be found at www.sedar.com or at www.sec.gov .\nSi vous désirez obtenir la version française de ce communiqué, veuillez consulter http://www.iamgold.com/French/accueil/default.aspx\nSOURCE IAMGOLD Corporation", "external_links": ["http://www.iamgold.com/French/accueil/default.aspx", "http://www.sec.gov/", "http://www.sedar.com/", "http://www.iamgold.com/", "http://www.newswire.ca/"], "published": "2018-01-16T00:05:00.000+02:00", "crawled": "2018-01-16T00:29:26.007+02:00", "highlightTitle": ""}