{"organizations": [], "uuid": "3188d13ccf68245a59985ea4c89d478b11a4b2c8", "thread": {"social": {"gplus": {"shares": 0}, "pinterest": {"shares": 0}, "vk": {"shares": 0}, "linkedin": {"shares": 0}, "facebook": {"likes": 0, "shares": 0, "comments": 0}, "stumbledupon": {"shares": 0}}, "site_full": "www.reuters.com", "main_image": "https://yospace-cds1.reuters.com/u/resize~ad1~1200cce51a2549b-1514770379208?width=640&location=LANDSCAPE&videoId=OV7E9342Z", "site_section": "http://feeds.reuters.com/reuters/USVideoLatest", "section_title": "Reuters Video: Latest Videos US", "url": "https://www.reuters.com/video/2018/01/01/ten-us-citizens-killed-in-costa-rica-pla?videoId=377503090", "country": "US", "domain_rank": 408, "title": "Ten U.S. citizens killed in Costa Rica plane crash", "performance_score": 0, "site": "reuters.com", "participants_count": 0, "title_full": "", "spam_score": 0.0, "site_type": "news", "published": "2018-01-01T04:03:00.000+02:00", "replies_count": 0, "uuid": "3188d13ccf68245a59985ea4c89d478b11a4b2c8"}, "author": "", "url": "https://www.reuters.com/video/2018/01/01/ten-us-citizens-killed-in-costa-rica-pla?videoId=377503090", "ord_in_thread": 0, "title": "Ten U.S. citizens killed in Costa Rica plane crash", "locations": [], "entities": {"persons": [], "locations": [{"name": "costa ric", "sentiment": "none"}, {"name": "u.s.", "sentiment": "none"}, {"name": "costa rica", "sentiment": "none"}], "organizations": []}, "highlightText": "", "language": "english", "persons": [], "text": "Ten U.S. citizens killed in Costa Rica plane crash Sunday, December 31, 2017 - 00:41 \nOfficials say a plane crash in Costa Rica killed 10 U.S. citizens and two local pilots. Rough Cut (no reporter narration).   \nOfficials say a plane crash in Costa Rica killed 10 U.S. citizens and two local pilots. Rough Cut (no reporter narration).  //reut.rs/2zV9zWY", "external_links": [], "published": "2018-01-01T04:03:00.000+02:00", "crawled": "2018-01-01T08:02:29.000+02:00", "highlightTitle": ""}