{"organizations": [], "uuid": "32e7949b86748ac979ac853821bc6ce8d818942c", "thread": {"social": {"gplus": {"shares": 0}, "pinterest": {"shares": 0}, "vk": {"shares": 0}, "linkedin": {"shares": 0}, "facebook": {"likes": 0, "shares": 0, "comments": 0}, "stumbledupon": {"shares": 0}}, "site_full": "in.reuters.com", "main_image": "https://yospace-cds1.reuters.com/u/resize~ad1~1200ce65e85c6e9-1515405894571?width=640&location=LANDSCAPE&videoId=OV7X9AYY3", "site_section": "http://feeds.reuters.com/reuters/INVideoTopNews", "section_title": "Reuters Video: Top News", "url": "https://in.reuters.com/video/2018/01/08/a-black-dress-protest-at-the-golden-glob?videoId=380977888", "country": "US", "domain_rank": 408, "title": "A black dress protest at the Golden Globes over sex scandals", "performance_score": 0, "site": "reuters.com", "participants_count": 0, "title_full": "", "spam_score": 0.0, "site_type": "news", "published": "2018-01-08T12:24:00.000+02:00", "replies_count": 0, "uuid": "32e7949b86748ac979ac853821bc6ce8d818942c"}, "author": "", "url": "https://in.reuters.com/video/2018/01/08/a-black-dress-protest-at-the-golden-glob?videoId=380977888", "ord_in_thread": 0, "title": "A black dress protest at the Golden Globes over sex scandals", "locations": [], "entities": {"persons": [{"name": "ryan brooks", "sentiment": "none"}], "locations": [{"name": "golden globes", "sentiment": "none"}, {"name": "hollywood", "sentiment": "none"}], "organizations": [{"name": "golden globes", "sentiment": "none"}]}, "highlightText": "", "language": "english", "persons": [], "text": "A black dress protest at the Golden Globes over sex scandals 3:54pm IST - 01:44 \nThis year's Golden Globes has taken a far more serious tone, with stars calling out the torrent of sexual harassment claims engulfing Hollywood. Ryan Brooks reports.   \nThis year's Golden Globes has taken a far more serious tone, with stars calling out the torrent of sexual harassment claims engulfing Hollywood. Ryan Brooks reports.  //in.reuters.com/video/2018/01/08/a-black-dress-protest-at-the-golden-glob?videoId=380977888&videoChannel=101", "external_links": [], "published": "2018-01-08T12:24:00.000+02:00", "crawled": "2018-01-08T12:35:12.007+02:00", "highlightTitle": ""}