{"organizations": [], "uuid": "73ff3e7bbef951e9433746a2bf1d88730afb99e1", "thread": {"social": {"gplus": {"shares": 0}, "pinterest": {"shares": 0}, "vk": {"shares": 0}, "linkedin": {"shares": 0}, "facebook": {"likes": 0, "shares": 0, "comments": 0}, "stumbledupon": {"shares": 0}}, "site_full": "www.reuters.com", "main_image": "https://yospace-cds1.reuters.com/u/resize~ad1~1200cce51a2585e-1515348912493?width=640&location=LANDSCAPE&videoId=RCV004BQJ", "site_section": "http://feeds.reuters.com/reuters/USVideoTopNews\r", "section_title": "Reuters Video: Top News", "url": "https://www.reuters.com/video/2018/01/07/trump-again-hits-back-at-question-of-men?videoId=380397305", "country": "US", "domain_rank": 408, "title": "Trump again hits back at question of mental fitness", "performance_score": 0, "site": "reuters.com", "participants_count": 0, "title_full": "", "spam_score": 0.0, "site_type": "news", "published": "2018-01-07T20:52:00.000+02:00", "replies_count": 0, "uuid": "73ff3e7bbef951e9433746a2bf1d88730afb99e1"}, "author": "", "url": "https://www.reuters.com/video/2018/01/07/trump-again-hits-back-at-question-of-men?videoId=380397305", "ord_in_thread": 0, "title": "Trump again hits back at question of mental fitness", "locations": [], "entities": {"persons": [{"name": "trump", "sentiment": "negative"}, {"name": "donald trump", "sentiment": "negative"}, {"name": "ronald reagan", "sentiment": "none"}], "locations": [{"name": "u.s.", "sentiment": "none"}], "organizations": []}, "highlightText": "", "language": "english", "persons": [], "text": "Trump again hits back at question of mental fitness 1:52pm EST - 01:34 \nU.S. President Donald Trump on Sunday again attacked a new book suggesting he lacks the fitness and stability for office, declaring, ''Ronald Reagan had the same problem and handled it well. So will I.'' ▲ Hide Transcript ▶ View Transcript \nU.S. President Donald Trump on Sunday again attacked a new book suggesting he lacks the fitness and stability for office, declaring, \"Ronald Reagan had the same problem and handled it well. So will I.\" Press CTRL+C (Windows), CMD+C (Mac), or long-press the URL below on your mobile device to copy the code https://www.reuters.com/video/2018/01/07/trump-again-hits-back-at-question-of-men?videoId=380397305&videoChannel=1003", "external_links": [], "published": "2018-01-07T20:52:00.000+02:00", "crawled": "2018-01-07T21:29:51.003+02:00", "highlightTitle": ""}