{"organizations": [], "uuid": "7a56eb0d57d53b1931bc64d2c30de7c2bf400e1c", "thread": {"social": {"gplus": {"shares": 0}, "pinterest": {"shares": 0}, "vk": {"shares": 0}, "linkedin": {"shares": 0}, "facebook": {"likes": 0, "shares": 0, "comments": 0}, "stumbledupon": {"shares": 0}}, "site_full": "www.reuters.com", "main_image": "https://s4.reutersmedia.net/resources/r/?m=02&d=20180110&t=2&i=1220907191&w=1200&r=LYNXMPEE091CY", "site_section": "http://feeds.reuters.com/reuters/sportsNews", "section_title": "Reuters: Sports News", "url": "https://www.reuters.com/article/us-olympics-2018-sno-marino/marino-leads-new-wave-of-american-snowboard-hopes-idUSKBN1EZ1KA", "country": "US", "domain_rank": 408, "title": "Marino leads new wave of American snowboard hopes", "performance_score": 0, "site": "reuters.com", "participants_count": 0, "title_full": "", "spam_score": 0.0, "site_type": "news", "published": "2018-01-10T20:54:00.000+02:00", "replies_count": 0, "uuid": "7a56eb0d57d53b1931bc64d2c30de7c2bf400e1c"}, "author": "", "url": "https://www.reuters.com/article/us-olympics-2018-sno-marino/marino-leads-new-wave-of-american-snowboard-hopes-idUSKBN1EZ1KA", "ord_in_thread": 0, "title": "Marino leads new wave of American snowboard hopes", "locations": [], "entities": {"persons": [{"name": "marino", "sentiment": "negative"}, {"name": "julia marino", "sentiment": "none"}, {"name": "ty walker", "sentiment": "none"}], "locations": [{"name": "pyeongchang", "sentiment": "none"}, {"name": "stubai", "sentiment": "none"}, {"name": "aspen", "sentiment": "none"}, {"name": "fenway park", "sentiment": "none"}, {"name": "boston", "sentiment": "none"}], "organizations": [{"name": "min read  london", "sentiment": "none"}, {"name": "reuters", "sentiment": "none"}]}, "highlightText": "", "language": "english", "persons": [], "text": "LONDON(Reuters) - Julia Marino will head to next month’s Winter Games as a major medal contender, yet the American snowboarder may not have been on the plane to Pyeongchang at all were it not for a twist of fate during her teenage years.\nMarino emerged seemingly out of nowhere two years ago and has transformed herself into a major force in the discipline, with the 20-year-old leading a vibrant group of American freestyle snowboarders looking to take the Olympics by storm.\nAt the age of 18, Marino leaped into the limelight when she won the Big Air World Cup event at the iconic Fenway Park baseball stadium in Boston, arriving as an alternate but seizing her chance when fellow American Ty Walker withdrew.\nMarino’s stock continued to soar at the 2017 Winter X Games in Aspen, where she became the first female snowboarder to win medals in two categories -- gold in slopestyle and bronze in big air.\nHowever, speaking to Reuters at a team freestyle camp in Stubai, Austria, Marino admitted that the extra attention heading into an Olympic year was causing her some anxiety.\n“But it is a good kind of stress,” she added quickly. “It is fun to have that and it is not something that psyches you out too much I guess, it just pumps you up and it is just a little adrenaline high that makes you want to work harder.”\nFor young athletes, constant acclaim can become a little overwhelming, particularly in an individual discipline, but Marino says the U.S. team dynamic, which groups all the coaches and athletes together, has helped steady the nerves.\n“When you ride with someone, I think you progress at a faster rate because one, you are having fun and two, when you see something that they are doing, you want to do the same thing and then you guys just build off each other,” Marino said.\nOLYMPIC DESTINY If all goes to plan, Marino will lead a group of young snowboarders to their first Olympics, with teenage prospects Chloe Kim, Hailey Langland and Chris Corning all expected to make the team at the expense of more experienced riders.\nMarino long believed she was destined to one day compete at a Winter Games but had it not been for an incident on a family holiday when aged 13, she could have been on skis instead.\nGrowing up near New York, her family regularly embarked on winter holidays in Colorado where, despite an early flirtation with snowboarding, the young Marino was an avid skier.\nMarino admits that she was so passionate about improving that she pushed herself and her equipment to the limit, and during that fateful trip, her “girlyish” skis snapped while attempting an audacious jump.\nDespite his daughter’s pleas to rent another pair of skis, Marino’s father John stood his ground and unwittingly changed her choice of sport for good.\n“I asked if I could rent another pair of skis as it was the first day of vacation and I wanted to keep skiing but my dad was like ‘no, you have a perfectly good snowboard at home and you are going to use that the rest of time,'” Marino said.\n“I was really bummed about it but then as soon as I started getting into it and accepting the fact that I am going to have to snowboard the rest of the trip I really started to enjoy it.”\nThe rest, as they say, is history. Marino says she has only donned a pair of skis once more, something she will not be attempting again after falling flat on her face and promptly reverting straight back to her board.\nThat Colorado incident may have sparked a chain of events that finishes on a podium in South Korea but while Marino and her father are refusing to get too carried away, the U.S. team may well have found their star of the future.\nReporting by Jack Tarrant; Editing by John O'Brien\n ", "external_links": [], "published": "2018-01-10T20:54:00.000+02:00", "crawled": "2018-01-10T21:11:03.094+02:00", "highlightTitle": ""}