{"organizations": [], "uuid": "a5efc05570985c6fb72571e9c869e474ed12a535", "thread": {"social": {"gplus": {"shares": 0}, "pinterest": {"shares": 0}, "vk": {"shares": 0}, "linkedin": {"shares": 0}, "facebook": {"likes": 0, "shares": 0, "comments": 0}, "stumbledupon": {"shares": 0}}, "site_full": "www.cnbc.com", "main_image": "https://fm.cnbc.com/applications/cnbc.com/resources/img/editorial/2018/01/03/104925363-4ED3-SBEU-010318-MarketOpen.600x400.jpg", "site_section": "http://www.cnbc.com/id/15838652/device/rss/rss.html", "section_title": "Squawk Box Europe", "url": "https://www.cnbc.com/video/2018/01/03/europe-markets-open-higher-investors-monitor-sweeping-reforms-to-eu-financial-sector-laws.html", "country": "US", "domain_rank": 767, "title": "Europe markets open higher; investors monitor sweeping reforms to EU financial sector laws", "performance_score": 0, "site": "cnbc.com", "participants_count": 0, "title_full": "", "spam_score": 0.0, "site_type": "news", "published": "2018-01-03T10:07:00.000+02:00", "replies_count": 0, "uuid": "a5efc05570985c6fb72571e9c869e474ed12a535"}, "author": "", "url": "https://www.cnbc.com/video/2018/01/03/europe-markets-open-higher-investors-monitor-sweeping-reforms-to-eu-financial-sector-laws.html", "ord_in_thread": 0, "title": "Europe markets open higher; investors monitor sweeping reforms to EU financial sector laws", "locations": [], "entities": {"persons": [], "locations": [{"name": "eu", "sentiment": "none"}, {"name": "europe", "sentiment": "none"}], "organizations": []}, "highlightText": "", "language": "english", "persons": [], "text": "Europe markets open higher; investors monitor sweeping reforms to EU financial sector laws 7 Hours Ago Investors reacted to a string of robust economic data and monitored the release of sweeping reforms for the continent's financial sector.", "external_links": [], "published": "2018-01-03T10:07:00.000+02:00", "crawled": "2018-01-03T17:41:52.001+02:00", "highlightTitle": ""}