{"organizations": [], "uuid": "493fdba4901d64f4dd49c36ac552ff73b1a1ed53", "thread": {"social": {"gplus": {"shares": 0}, "pinterest": {"shares": 0}, "vk": {"shares": 0}, "linkedin": {"shares": 1}, "facebook": {"likes": 2, "shares": 2, "comments": 0}, "stumbledupon": {"shares": 0}}, "site_full": "www.reuters.com", "main_image": "https://s4.reutersmedia.net/resources_v2/images/rcom-default.png", "site_section": "http://feeds.reuters.com/reuters/worldNews", "section_title": "Reuters: World News", "url": "https://www.reuters.com/article/us-britain-security-nationalaction/british-police-arrest-six-suspected-members-of-far-right-group-idUSKBN1ES0QG", "country": "US", "domain_rank": 408, "title": "British police arrest six suspected members of far-right group", "performance_score": 0, "site": "reuters.com", "participants_count": 0, "title_full": "", "spam_score": 0.0, "site_type": "news", "published": "2018-01-03T12:59:00.000+02:00", "replies_count": 0, "uuid": "493fdba4901d64f4dd49c36ac552ff73b1a1ed53"}, "author": "", "url": "https://www.reuters.com/article/us-britain-security-nationalaction/british-police-arrest-six-suspected-members-of-far-right-group-idUSKBN1ES0QG", "ord_in_thread": 0, "title": "British police arrest six suspected members of far-right group", "locations": [], "entities": {"persons": [{"name": "stephen addison", "sentiment": "none"}, {"name": "alistair smout", "sentiment": "none"}], "locations": [{"name": "london", "sentiment": "none"}, {"name": "england", "sentiment": "none"}, {"name": "britain", "sentiment": "none"}], "organizations": [{"name": "parliament jo cox", "sentiment": "none"}, {"name": "reuters staff", "sentiment": "none"}, {"name": "national action", "sentiment": "none"}, {"name": "reuters", "sentiment": "none"}]}, "highlightText": "", "language": "english", "persons": [], "text": "January 3, 2018 / 11:01 AM / Updated 7 minutes ago British police arrest six suspected members of far-right group Reuters Staff 1 Min Read \nLONDON (Reuters) - British police said six people had been arrested by counter-terrorism officers on Wednesday on suspicion of being members of the banned far-right group National Action. \nFive men in their twenties and a 37-year-old woman from across central and northern England were held under anti-terrorism legislation and several properties were being searched. \nThe neo-Nazi group became the first far-right organisation to be outlawed in Britain in 2016 after the murder of Member of Parliament Jo Cox, whose killing it had praised. \nLast year, a man accused of being a member of the group appeared in court accused of plotting to murder another politician, and soldiers have been among those previously arrested as suspected National Action members. \nPolice said the latest arrests were pre-planned and there was no threat to public safety. Reporting by Alistair Smout; editing by Stephen Addison", "external_links": [], "published": "2018-01-03T12:59:00.000+02:00", "crawled": "2018-01-03T13:15:04.008+02:00", "highlightTitle": ""}