{"organizations": [], "uuid": "d4127828be8f50f5c400360600e9745b5cfbed83", "thread": {"social": {"gplus": {"shares": 0}, "pinterest": {"shares": 0}, "vk": {"shares": 0}, "linkedin": {"shares": 0}, "facebook": {"likes": 0, "shares": 0, "comments": 0}, "stumbledupon": {"shares": 0}}, "site_full": "www.wsj.com", "main_image": "https://si.wsj.net/public/resources/images/BN-WV185_3m41d_TOP_20180103101248.jpg", "site_section": "https://www.wsj.com/news/markets", "section_title": "Stock Market &amp; Finance News - Wall Street Journal", "url": "https://www.wsj.com/articles/u-s-government-bonds-edge-higher-ahead-of-fomc-minutes-1514992661", "country": "US", "domain_rank": 387, "title": "U.S. Government Bonds Edge Higher Ahead of FOMC Minutes", "performance_score": 0, "site": "wsj.com", "participants_count": 1, "title_full": "", "spam_score": 0.001, "site_type": "news", "published": "2018-01-03T18:17:00.000+02:00", "replies_count": 0, "uuid": "d4127828be8f50f5c400360600e9745b5cfbed83"}, "author": "Akane Otani", "url": "https://www.wsj.com/articles/u-s-government-bonds-edge-higher-ahead-of-fomc-minutes-1514992661", "ord_in_thread": 0, "title": "U.S. Government Bonds Edge Higher Ahead of FOMC Minutes", "locations": [], "entities": {"persons": [], "locations": [{"name": "u.s.", "sentiment": "none"}], "organizations": [{"name": "fomc", "sentiment": "negative"}, {"name": "tradeweb", "sentiment": "none"}, {"name": "u.s. treasury", "sentiment": "none"}]}, "highlightText": "", "language": "english", "persons": [], "text": "U.S. government bond prices firmed Wednesday ahead of the release of minutes from the Federal Reserve’s December policy meeting.\nThe yield on the benchmark 10-year U.S. Treasury note was recently at 2.442%, according to Tradeweb, compared with 2.465% Tuesday.\nYields, which fall as bond prices rise, declined overnight, then wobbled early Wednesday.... ", "external_links": [], "published": "2018-01-03T18:17:00.000+02:00", "crawled": "2018-01-03T22:29:24.005+02:00", "highlightTitle": ""}