{"organizations": [], "uuid": "12fd9c8b777e26c6e1be416edf00b57deb9f0e20", "thread": {"social": {"gplus": {"shares": 0}, "pinterest": {"shares": 0}, "vk": {"shares": 0}, "linkedin": {"shares": 0}, "facebook": {"likes": 0, "shares": 0, "comments": 0}, "stumbledupon": {"shares": 0}}, "site_full": "www.cnbc.com", "main_image": "//sc.cnbcfm.com/applications/cnbc.com/staticcontent/img/cnbc_logo.gif", "site_section": "http://www.cnbc.com/id/10000551/device/rss", "section_title": "California", "url": "https://www.cnbc.com/2018/01/03/the-associated-press-tesla-falls-short-on-model-3-but-overall-sales-rise-in-2017.html", "country": "US", "domain_rank": 767, "title": "Tesla falls short on Model 3, but overall sales rise in 2017", "performance_score": 0, "site": "cnbc.com", "participants_count": 1, "title_full": "", "spam_score": 0.0, "site_type": "news", "published": "2018-01-03T23:55:00.000+02:00", "replies_count": 0, "uuid": "12fd9c8b777e26c6e1be416edf00b57deb9f0e20"}, "author": "cnbc.com", "url": "https://www.cnbc.com/2018/01/03/the-associated-press-tesla-falls-short-on-model-3-but-overall-sales-rise-in-2017.html", "ord_in_thread": 0, "title": "Tesla falls short on Model 3, but overall sales rise in 2017", "locations": [], "entities": {"persons": [{"name": "tesla", "sentiment": "negative"}, {"name": "elon musk", "sentiment": "none"}], "locations": [{"name": "detroit", "sentiment": "none"}, {"name": "palo alto", "sentiment": "none"}], "organizations": [{"name": "tesla inc.", "sentiment": "negative"}, {"name": "electric", "sentiment": "negative"}, {"name": "ap", "sentiment": "negative"}]}, "highlightText": "", "language": "english", "persons": [], "text": "DETROIT (AP) — Electric car maker Tesla Inc. has again fallen short of production goals for its new Model 3 sedan.\nThe Palo Alto, California-based company made 2,425 Model 3s in the fourth quarter. That's only a fraction of the 20,000 per month that CEO Elon Musk promised last summer when the car first went into production.\nThe company exceeded its overall sales targets, delivering 101,312 Model S sedans and Model X SUVs in 2017, up 33 percent over 2016.\nBut all eyes are on the Model 3, which is Tesla's first lower-cost, high-volume car and is crucial to its goal of becoming a profitable, mainstream automaker. Tesla at one point had more than 500,000 potential buyers on the waiting list for the Model 3. In a statement Wednesday, the company thanked those buyers \"who continue to stick by us while patiently waiting for their cars.\"\nTesla says it made significant progress in reducing unspecified production bottlenecks toward the end of the fourth quarter. It now expects to be making 10,000 Model 3s per month at the end of the first quarter and 20,000 Model 3s per month at the end of the second quarter. But the company said it's focusing on quality and plant efficiency, not just meeting volume targets.\nMichelle Krebs, an executive analyst for the car buying site Autotrader.com , said Tesla would have been better served by not announcing such lofty production targets initially.\n\"The Model 3 must be right in terms of quality. Ramping up production levels with a flawed product is foolish,\" she said.\nTesla shares fell 2 percent to $310.50 in after-hours trading.", "external_links": [], "published": "2018-01-03T23:55:00.000+02:00", "crawled": "2018-01-04T02:45:10.014+02:00", "highlightTitle": ""}