{"organizations": [], "uuid": "710ee73974ad033ae6d5275afe3c4116f482197b", "thread": {"social": {"gplus": {"shares": 0}, "pinterest": {"shares": 0}, "vk": {"shares": 0}, "linkedin": {"shares": 0}, "facebook": {"likes": 0, "shares": 0, "comments": 0}, "stumbledupon": {"shares": 0}}, "site_full": "www.cnbc.com", "main_image": "//sc.cnbcfm.com/applications/cnbc.com/staticcontent/img/cnbc_logo.gif", "site_section": "http://www.cnbc.com/id/10000027", "section_title": "Press Releases - CNBC", "url": "http://www.cnbc.com/2018/01/05/business-wire-publicis-groupe-q4-revenue-full-year-2017-results.html", "country": "US", "domain_rank": 767, "title": "Publicis Groupe: Q4 Revenue & Full Year 2017 Results", "performance_score": 0, "site": "cnbc.com", "participants_count": 1, "title_full": "", "spam_score": 0.001, "site_type": "news", "published": "2018-01-05T19:38:00.000+02:00", "replies_count": 0, "uuid": "710ee73974ad033ae6d5275afe3c4116f482197b"}, "author": "cnbc.com", "url": "http://www.cnbc.com/2018/01/05/business-wire-publicis-groupe-q4-revenue-full-year-2017-results.html", "ord_in_thread": 0, "title": "Publicis Groupe: Q4 Revenue & Full Year 2017 Results", "locations": [], "entities": {"persons": [{"name": "publicis groupe", "sentiment": "none"}], "locations": [{"name": "paris", "sentiment": "none"}, {"name": "paris", "sentiment": "none"}], "organizations": [{"name": "publicis groupe", "sentiment": "negative"}, {"name": "arthur sadoun chairman & ceo jean-michel etienne executive vice president & group", "sentiment": "none"}]}, "highlightText": "", "language": "english", "persons": [], "text": "PARIS--(BUSINESS WIRE)-- Regulatory News:\nPublicis Groupe (Paris:PUB):\nPublicis Groupe will release its Q4 Revenue & Full Year 2017 Results on Thursday, February 8, 2018 before the Paris stock market opens.\nConference Call & Audio Webcast\nThursday, February 8, 2018 at 10:00am\n(Paris time - CET)\nArthur Sadoun\nChairman & CEO\nJean-Michel Etienne\nExecutive Vice President & Group CFO\nDetails will be communicated shortly.\nView source version on businesswire.com : http://www.businesswire.com/news/home/20180105005626/en/\nPUBLICIS GROUPE\nSource: Publicis Groupe", "external_links": ["http://www.businesswire.com/news/home/20180105005626/en/"], "published": "2018-01-05T19:38:00.000+02:00", "crawled": "2018-01-05T20:13:31.010+02:00", "highlightTitle": ""}