{"organizations": [], "uuid": "2e65245ef7fdd0738764a5ebfa1ffffc4a6db503", "thread": {"social": {"gplus": {"shares": 0}, "pinterest": {"shares": 0}, "vk": {"shares": 0}, "linkedin": {"shares": 0}, "facebook": {"likes": 0, "shares": 0, "comments": 0}, "stumbledupon": {"shares": 0}}, "site_full": "www.wsj.com", "main_image": "https://si.wsj.net/public/resources/images/BN-WU769_FOUNDE_SOC_20180102111057.jpg", "site_section": "https://www.wsj.com/news/column/Your%20Money", "section_title": "Financial Resolutions for 2018 - WSJ ", "url": "https://www.wsj.com/articles/peter-thiels-founders-fund-makes-big-bet-on-bitcoin-1514917433", "country": "US", "domain_rank": 387, "title": "Peter Thiel’s Founders Fund Makes Monster Bet on Bitcoin", "performance_score": 0, "site": "wsj.com", "participants_count": 1, "title_full": "", "spam_score": 0.0, "site_type": "news", "published": "2018-01-02T21:23:00.000+02:00", "replies_count": 0, "uuid": "2e65245ef7fdd0738764a5ebfa1ffffc4a6db503"}, "author": "Rob Copeland", "url": "https://www.wsj.com/articles/peter-thiels-founders-fund-makes-big-bet-on-bitcoin-1514917433", "ord_in_thread": 0, "title": "Peter Thiel’s Founders Fund Makes Monster Bet on Bitcoin", "locations": [], "entities": {"persons": [{"name": "peter thiel", "sentiment": "negative"}], "locations": [{"name": "silicon valley", "sentiment": "none"}], "organizations": []}, "highlightText": "", "language": "english", "persons": [], "text": "One of the biggest names in Silicon Valley is placing a moonshot bet on bitcoin.\nFounders Fund, the venture-capital firm co-founded by Peter Thiel, has amassed hundreds of millions of dollars of the volatile cryptocurrency, people familiar with the matter said. The bet has been spread across several of the firm’s most recent funds, the people said, including one that began investing in mid-2017 and made bitcoin one of its first investments.\n... RELATED VIDEO Bitcoin 101: What It Is, How to Invest The virtual currency bitcoin continues surging to new highs as a frenzy of investors get in on the action. WSJ's Paul Vigna explains what you need to know, and how to invest should you want to join the mania. Photo: Alexander Hotz/The Wall Street Journal. To Read the Full Story Subscribe Sign In", "external_links": [], "published": "2018-01-02T21:23:00.000+02:00", "crawled": "2018-01-02T21:14:57.009+02:00", "highlightTitle": ""}