{"organizations": [], "uuid": "e501fc97f8d67260e1b17d9f2ff06da702f50127", "thread": {"social": {"gplus": {"shares": 0}, "pinterest": {"shares": 0}, "vk": {"shares": 0}, "linkedin": {"shares": 0}, "facebook": {"likes": 0, "shares": 0, "comments": 0}, "stumbledupon": {"shares": 0}}, "site_full": "www.reuters.com", "main_image": "https://s4.reutersmedia.net/resources_v2/images/rcom-default.png", "site_section": "http://feeds.reuters.com/reuters/companyNews\r", "section_title": "Reuters: Company News", "url": "https://www.reuters.com/article/brief-pioneer-natural-sees-federal-corpo/brief-pioneer-natural-sees-federal-corporate-rate-change-to-result-in-noncash-decrease-to-income-tax-provision-idUSFWN1P5059", "country": "US", "domain_rank": 408, "title": "BRIEF-Pioneer Natural Sees Federal Corporate Rate Change To Result In Noncash Decrease To Income Tax Provision", "performance_score": 0, "site": "reuters.com", "participants_count": 0, "title_full": "", "spam_score": 0.0, "site_type": "news", "published": "2018-01-10T13:25:00.000+02:00", "replies_count": 0, "uuid": "e501fc97f8d67260e1b17d9f2ff06da702f50127"}, "author": "", "url": "https://www.reuters.com/article/brief-pioneer-natural-sees-federal-corpo/brief-pioneer-natural-sees-federal-corporate-rate-change-to-result-in-noncash-decrease-to-income-tax-provision-idUSFWN1P5059", "ord_in_thread": 0, "title": "BRIEF-Pioneer Natural Sees Federal Corporate Rate Change To Result In Noncash Decrease To Income Tax Provision", "locations": [], "entities": {"persons": [], "locations": [], "organizations": [{"name": "reuters", "sentiment": "none"}, {"name": "income tax provision reuters", "sentiment": "none"}]}, "highlightText": "", "language": "english", "persons": [], "text": " 26 AM / in 9 minutes BRIEF-Pioneer Natural Sees Federal Corporate Rate Change To Result In Noncash Decrease To Income Tax Provision Reuters Staff 1 Min Read \nJan 10 (Reuters) - Pioneer Natural Resources Co: \n* PIONEER NATURAL-SEES FEDERAL CORPORATE RATE CHANGE TO RESULT IN NONCASH DECREASE TO INCOME TAX PROVISION OF ABOUT $600 MILLION FOR QUARTER ENDED DEC 31 \n* PIONEER NATURAL - EXPECTS CERTAIN ASPECTS OF CHANGES TO FEDERAL INCOME TAX LAW TO POSITIVELY IMPACT FUTURE AFTER-TAX EARNINGS Source text: ( bit.ly/2FoPYCj ) Further company coverage:", "external_links": [], "published": "2018-01-10T13:25:00.000+02:00", "crawled": "2018-01-10T13:38:31.008+02:00", "highlightTitle": ""}