{"organizations": [], "uuid": "b8531f98f2769fddc524e31b3dc474f6b81015aa", "thread": {"social": {"gplus": {"shares": 0}, "pinterest": {"shares": 0}, "vk": {"shares": 0}, "linkedin": {"shares": 0}, "facebook": {"likes": 0, "shares": 0, "comments": 0}, "stumbledupon": {"shares": 0}}, "site_full": "www.cnbc.com", "main_image": "https://fm.cnbc.com/applications/cnbc.com/resources/img/editorial/2017/11/21/104856474-RTX3JGHW.1910x1000.jpg", "site_section": "", "section_title": "", "url": "https://www.cnbc.com/2018/01/05/heres-how-trumps-first-year-on-stocks-jobs-compares-to-past-presidents.html", "country": "US", "domain_rank": 767, "title": "Here's how Trump's first year on stocks, jobs compares to past presidents", "performance_score": 0, "site": "cnbc.com", "participants_count": 0, "title_full": "", "spam_score": 0.011, "site_type": "news", "published": "2018-01-05T22:36:00.000+02:00", "replies_count": 0, "uuid": "b8531f98f2769fddc524e31b3dc474f6b81015aa"}, "author": "John W. Schoen", "url": "https://www.cnbc.com/2018/01/05/heres-how-trumps-first-year-on-stocks-jobs-compares-to-past-presidents.html", "ord_in_thread": 0, "title": "Here's how Trump's first year on stocks, jobs compares to past presidents", "locations": [], "entities": {"persons": [{"name": "trump", "sentiment": "negative"}, {"name": "jim bourg", "sentiment": "negative"}, {"name": "donald trump", "sentiment": "negative"}, {"name": "barack obama", "sentiment": "none"}, {"name": "harry truman", "sentiment": "none"}], "locations": [{"name": "u.s.", "sentiment": "none"}, {"name": "oval office", "sentiment": "none"}], "organizations": [{"name": "reuters", "sentiment": "negative"}, {"name": "bureau of labor statistics", "sentiment": "none"}, {"name": "s&p", "sentiment": "none"}]}, "highlightText": "", "language": "english", "persons": [], "text": "With the stock market reaching new highs and the labor market continuing to add jobs, President Donald Trump on Friday took the opportunity to take credit for the gains. \nTrump boasted on Twitter: \"This is all about the Make America Great Again agenda!\"\nTrump Tweet \nIt isn't the first time Trump has touted the stock market's new highs. As Trump approaches the end of his first 12 months in office, the jobs and stock markets have given the president solid gains to cheer about.\nThe economy has added roughly 1.8 million net new jobs since last December, the Bureau of Labor Statistics reported Friday. And with equities hitting new highs, the stock market has risen some 20 percent since he took office, as measured by the S&P 500 index .\nBut compared with other U.S. presidents, stock market gains during Trump's first year, while solid, aren't the biggest advances under the previous 12 occupants of the Oval Office.\n\nPresidents Harry Truman and Barack Obama scored the biggest first-year stock market gains, largely because they came into office following deep sell-offs. The stock market posted the biggest losses during the first years of Presidents Richard Nixon, Ronald Reagan, Jimmy Carter and George W. Bush.\nStock investors have cheered some of the dramatic changes in policies brought by the Trump administration — from deep tax cuts for corporations to an easing of regulations on both large and small businesses.\n\nBut over the longer term, stock market performance under past presidents also has been driven by forces beyond the control of the White House, including periodic recessions. With the start of the last recession now more than a decade in the rearview mirror, investors seem unconcerned about the prospect of another one on the horizon.\n\nThe same holds true when it comes to job creation.\nTrump's first-year record is solidly in the middle of the pack compared with past presidents, as the overall level of U.S. payrolls are up some 1.3 percent since Trump took office. (The percentage gain is a fairer measure than total jobs created because Trump is presiding over a labor market that is much larger than it was decades ago.)\n\nThose first-year jobs records have been based largely on economic cycles, with payroll gains and losses tied closely to the arrival of recessions.\nAs long as the economy continues to dodge the next recession, Trump's jobs record will continue to compare favorably with his predecessors.\nWATCH: Where the jobs are: Trump's first year show chapters Where the jobs are: Trump's first year impact      8 Hours Ago | 01:49", "external_links": [], "published": "2018-01-05T22:36:00.000+02:00", "crawled": "2018-01-05T22:53:13.036+02:00", "highlightTitle": ""}