{"organizations": [], "uuid": "01373e8128f187f7707ef216dc95cfe40e3dd07f", "thread": {"social": {"gplus": {"shares": 0}, "pinterest": {"shares": 0}, "vk": {"shares": 0}, "linkedin": {"shares": 0}, "facebook": {"likes": 0, "shares": 0, "comments": 0}, "stumbledupon": {"shares": 0}}, "site_full": "www.reuters.com", "main_image": "https://s4.reutersmedia.net/resources_v2/images/rcom-default.png", "site_section": "http://www.reuters.com/resources/archive/us/20180115.html", "section_title": "Archive News &amp; Video for Monday, 15 Jan 2018 | Reuters.com", "url": "https://www.reuters.com/article/brief-azimut-investors-in-shareholder-pa/brief-azimut-investors-in-shareholder-pact-could-buy-up-to-10-percent-of-azimut-holding-idUSI6N1OK01B", "country": "US", "domain_rank": 408, "title": "BRIEF-Azimut: Investors In Shareholder Pact Could Buy Up To 10 Percent Of Azimut Holding", "performance_score": 0, "site": "reuters.com", "participants_count": 1, "title_full": "", "spam_score": 0.0, "site_type": "news", "published": "2018-01-15T18:29:00.000+02:00", "replies_count": 0, "uuid": "01373e8128f187f7707ef216dc95cfe40e3dd07f"}, "author": "Reuters Editorial", "url": "https://www.reuters.com/article/brief-azimut-investors-in-shareholder-pa/brief-azimut-investors-in-shareholder-pact-could-buy-up-to-10-percent-of-azimut-holding-idUSI6N1OK01B", "ord_in_thread": 0, "title": "BRIEF-Azimut: Investors In Shareholder Pact Could Buy Up To 10 Percent Of Azimut Holding", "locations": [], "entities": {"persons": [], "locations": [], "organizations": [{"name": "reuters", "sentiment": "negative"}, {"name": "eikon", "sentiment": "none"}, {"name": "gdynia newsroom", "sentiment": "none"}]}, "highlightText": "", "language": "english", "persons": [], "text": "Jan 15 (Reuters) - Azimut Holding Spa:\n* AZIMUT SAYS SHAREHOLDERS DISCUSSING POSSIBLE STRENGTHENING OF STAKE IN COMPANY\n* AZIMUT SAYS INVESTORS IN SHAREHOLDER PACT COULD BUY UP TO 10 PERCENT OF AZIMUT HOLDING\n* AZIMUT SHARES EXTEND GAINS UP 2 PERCENT * AZIMUT SAYS INSTITUTIONAL INVESTOR COULD TAKE PART IN STAKEBUILDING BUT PLANNING TO STAY BELOW MANDATORY BID THRESHOLD Source text for Eikon:\nFurther company coverage: (Gdynia Newsroom)\n ", "external_links": ["http://thomsonreuters.com/en/about-us/trust-principles.html"], "published": "2018-01-15T18:29:00.000+02:00", "crawled": "2018-01-16T13:23:03.000+02:00", "highlightTitle": ""}