{"organizations": [], "uuid": "bd599ba89df1478737c03df252785c12096bf168", "thread": {"social": {"gplus": {"shares": 0}, "pinterest": {"shares": 0}, "vk": {"shares": 0}, "linkedin": {"shares": 0}, "facebook": {"likes": 0, "shares": 0, "comments": 0}, "stumbledupon": {"shares": 0}}, "site_full": "www.reuters.com", "main_image": "https://s4.reutersmedia.net/resources_v2/images/rcom-default.png", "site_section": "http://www.reuters.com/resources/archive/us/20180108.html", "section_title": "Archive News &amp; Video for Monday, 08 Jan 2018 | Reuters.com", "url": "https://www.reuters.com/article/brief-rtl-buys-united-screens-for-124-ml/brief-rtl-buys-united-screens-for-12-4-mln-eur-idUSFWN1P3021", "country": "US", "domain_rank": 408, "title": "BRIEF-RTL buys United Screens for 12.4 mln eur", "performance_score": 0, "site": "reuters.com", "participants_count": 1, "title_full": "", "spam_score": 0.011, "site_type": "news", "published": "2018-01-08T15:10:00.000+02:00", "replies_count": 0, "uuid": "bd599ba89df1478737c03df252785c12096bf168"}, "author": "Reuters Editorial", "url": "https://www.reuters.com/article/brief-rtl-buys-united-screens-for-124-ml/brief-rtl-buys-united-screens-for-12-4-mln-eur-idUSFWN1P3021", "ord_in_thread": 0, "title": "BRIEF-RTL buys United Screens for 12.4 mln eur", "locations": [], "entities": {"persons": [], "locations": [{"name": "frankfurt", "sentiment": "none"}], "organizations": [{"name": "reuters", "sentiment": "negative"}, {"name": "united screens", "sentiment": "negative"}]}, "highlightText": "", "language": "english", "persons": [], "text": "Jan 8 (Reuters) - Rtl:\n* SAYS ACQUIRES UNITED SCREENS, THE LEADING NORDIC MULTI-PLATFORM NETWORK‍​\n* SAYS TRANSACTION WAS CLOSED ON 2 JANUARY 2018 * SAYS PURCHASE AGREEMENT PROVIDES FOR A PRICE OF SEK 120 MILLION (€12.4 MILLION) ON A DEBT AND CASH-FREE BASIS SUBJECT TO USUAL POST-CLOSING ADJUSTMENTS Further company coverage: (Frankfurt newsroom)\n ", "external_links": ["http://thomsonreuters.com/en/about-us/trust-principles.html"], "published": "2018-01-08T15:10:00.000+02:00", "crawled": "2018-01-09T16:56:07.003+02:00", "highlightTitle": ""}