{"organizations": [], "uuid": "f43c128b1d19a02726a45c10b3691e1dffc93cf3", "thread": {"social": {"gplus": {"shares": 0}, "pinterest": {"shares": 0}, "vk": {"shares": 0}, "linkedin": {"shares": 0}, "facebook": {"likes": 0, "shares": 0, "comments": 0}, "stumbledupon": {"shares": 0}}, "site_full": "www.wsj.com", "main_image": "https://si.wsj.net/public/resources/images/BN-WV181_3ktnv_TOP_20180103095325.jpg", "site_section": "http://www.wsj.com/xml/rss/3_7014.xml", "section_title": "WSJ.com: US Business", "url": "https://www.wsj.com/articles/fed-minutes-reveal-uncertainties-over-tax-cuts-1515006179", "country": "US", "domain_rank": 387, "title": "Fed Minutes Reveal Uncertainties Over Tax Cuts", "performance_score": 0, "site": "wsj.com", "participants_count": 1, "title_full": "", "spam_score": 0.0, "site_type": "news", "published": "2018-01-03T21:32:00.000+02:00", "replies_count": 0, "uuid": "f43c128b1d19a02726a45c10b3691e1dffc93cf3"}, "author": "Nick Timiraos", "url": "https://www.wsj.com/articles/fed-minutes-reveal-uncertainties-over-tax-cuts-1515006179", "ord_in_thread": 0, "title": "Fed Minutes Reveal Uncertainties Over Tax Cuts", "locations": [], "entities": {"persons": [{"name": "donald trump", "sentiment": "none"}, {"name": "richard rubin", "sentiment": "none"}], "locations": [{"name": "washington", "sentiment": "none"}], "organizations": [{"name": "federal reserve", "sentiment": "negative"}, {"name": "congress", "sentiment": "none"}, {"name": "fed", "sentiment": "none"}, {"name": "gop", "sentiment": "none"}, {"name": "wsj", "sentiment": "none"}]}, "highlightText": "", "language": "english", "persons": [], "text": "WASHINGTON—Federal Reserve officials in December debated whether new tax cuts would require them to raise short-term interest rates faster this year, after lifting them three times last year.\nOfficials expressed growing confidence in the strength of the labor market and the economy more broadly, according to minutes of the Fed’s Dec. 12-13 policy meeting, which were released Wednesday. Since the meeting, Congress approved and President Donald Trump signed into law a $1.5 trillion tax cut, which could further muddy the Fed’s... RELATED VIDEO Winners and Losers of the GOP Tax Bill Christmas may be over but WSJ’s Richard Rubin keeps the holiday spirit alive by explaining who’s getting presents and who’s getting coal with the GOP tax bill. ", "external_links": [], "published": "2018-01-03T21:32:00.000+02:00", "crawled": "2018-01-03T21:43:47.000+02:00", "highlightTitle": ""}