{"organizations": [], "uuid": "b82a78293597f301ad72ef1be24106ab01806b39", "thread": {"social": {"gplus": {"shares": 0}, "pinterest": {"shares": 0}, "vk": {"shares": 0}, "linkedin": {"shares": 0}, "facebook": {"likes": 0, "shares": 0, "comments": 0}, "stumbledupon": {"shares": 0}}, "site_full": "www.reuters.com", "main_image": "https://yospace-cds1.reuters.com/u/resize~ad1~1200ce65e85c644?width=640&location=LANDSCAPE&videoId=OV7WU5E2Z", "site_section": "http://feeds.reuters.com/reuters/USVideoLatest", "section_title": "Reuters Video: Latest Videos US", "url": "https://www.reuters.com/video/2018/01/05/morgan-stanley-to-take-125-bln-hit-in-q4?videoId=378658282", "country": "US", "domain_rank": 408, "title": "Morgan Stanley to take $1.25 bln hit in Q4 from tax bill", "performance_score": 0, "site": "reuters.com", "participants_count": 0, "title_full": "", "spam_score": 0.0, "site_type": "news", "published": "2018-01-05T23:54:00.000+02:00", "replies_count": 0, "uuid": "b82a78293597f301ad72ef1be24106ab01806b39"}, "author": "", "url": "https://www.reuters.com/video/2018/01/05/morgan-stanley-to-take-125-bln-hit-in-q4?videoId=378658282", "ord_in_thread": 0, "title": "Morgan Stanley to take $1.25 bln hit in Q4 from tax bill", "locations": [], "entities": {"persons": [{"name": "fred katayama", "sentiment": "none"}], "locations": [{"name": "u.s.", "sentiment": "none"}], "organizations": [{"name": "morgan stanley", "sentiment": "negative"}]}, "highlightText": "", "language": "english", "persons": [], "text": "Morgan Stanley to take $1.25 bln hit in Q4 from tax bill Friday, January 05, 2018 - 01:04 \nMorgan Stanley will take a $1.25 billion hit in its fourth-quarter earnings due to a cut in corporate tax rate as part of the U.S. tax code overhaul. Fred Katayama reports.   \nMorgan Stanley will take a $1.25 billion hit in its fourth-quarter earnings due to a cut in corporate tax rate as part of the U.S. tax code overhaul. Fred Katayama reports.  //reut.rs/2AyrdAb", "external_links": [], "published": "2018-01-05T23:54:00.000+02:00", "crawled": "2018-01-06T00:33:42.022+02:00", "highlightTitle": ""}