{"organizations": [], "uuid": "99ff286dcd16bf69ec0029999ae7570e45c75de4", "thread": {"social": {"gplus": {"shares": 0}, "pinterest": {"shares": 0}, "vk": {"shares": 0}, "linkedin": {"shares": 0}, "facebook": {"likes": 0, "shares": 0, "comments": 0}, "stumbledupon": {"shares": 0}}, "site_full": "www.reuters.com", "main_image": "https://s4.reutersmedia.net/resources_v2/images/rcom-default.png", "site_section": "https://www.reuters.com/finance/deals", "section_title": "Deals News | Reuters", "url": "https://www.reuters.com/article/us-aramco-executives/saudi-aramco-hires-former-shell-executive-for-chemicals-business-idUSKBN1EZ1NG", "country": "US", "domain_rank": 408, "title": "Saudi Aramco hires former Shell executive for chemicals business", "performance_score": 0, "site": "reuters.com", "participants_count": 1, "title_full": "", "spam_score": 0.0, "site_type": "news", "published": "2018-01-10T21:48:00.000+02:00", "replies_count": 0, "uuid": "99ff286dcd16bf69ec0029999ae7570e45c75de4"}, "author": "Reuters Editorial", "url": "https://www.reuters.com/article/us-aramco-executives/saudi-aramco-hires-former-shell-executive-for-chemicals-business-idUSKBN1EZ1NG", "ord_in_thread": 0, "title": "Saudi Aramco hires former Shell executive for chemicals business", "locations": [], "entities": {"persons": [{"name": "olivier thorel", "sentiment": "negative"}, {"name": "reem shamseddine", "sentiment": "none"}, {"name": "rania el gamal", "sentiment": "none"}, {"name": "thorel", "sentiment": "none"}, {"name": "mark potter", "sentiment": "none"}], "locations": [{"name": "saudi arabia", "sentiment": "none"}, {"name": "khobar", "sentiment": "none"}, {"name": "saudi aramco", "sentiment": "none"}, {"name": "france", "sentiment": "none"}], "organizations": [{"name": "reuters", "sentiment": "negative"}, {"name": "saudi aramco", "sentiment": "negative"}, {"name": "shell", "sentiment": "negative"}, {"name": "royal dutch shell", "sentiment": "none"}, {"name": "aramco", "sentiment": "none"}, {"name": "arabian sun", "sentiment": "none"}]}, "highlightText": "", "language": "english", "persons": [], "text": "KHOBAR, Saudi Arabia (Reuters) - State oil giant Saudi Aramco has hired Olivier Thorel, a former senior executive at Royal Dutch Shell, as executive director for its chemicals business, the company said on Wednesday.\nThorel started his post at Saudi Aramco on Jan. 1. He held various positions with Shell in downstream operations after joining the company in France in 1990, Aramco said in its weekly magazine the Arabian Sun.\nSaudi Aramco is growing its investments in downstream including chemicals as part of its strategy to diversify by balancing out its upstream and downstream activities.\nReporting by Reem Shamseddine; Editing by Rania El Gamal and Mark Potter\n ", "external_links": ["http://thomsonreuters.com/en/about-us/trust-principles.html"], "published": "2018-01-10T21:48:00.000+02:00", "crawled": "2018-01-10T15:56:13.010+02:00", "highlightTitle": ""}