{"organizations": [], "uuid": "11e1576359ae79c915642572c4e1119a537e075b", "thread": {"social": {"gplus": {"shares": 0}, "pinterest": {"shares": 0}, "vk": {"shares": 0}, "linkedin": {"shares": 0}, "facebook": {"likes": 1, "shares": 1, "comments": 0}, "stumbledupon": {"shares": 0}}, "site_full": "uk.reuters.com", "main_image": "https://s4.reutersmedia.net/resources/r/?m=02&d=20180103&t=2&i=1218980861&w=1200&r=LYNXMPEE0207V", "site_section": "http://feeds.reuters.com/reuters/UKhealth/", "section_title": "Reuters: Health News", "url": "https://uk.reuters.com/article/us-novartis-kisqali/novartis-breast-cancer-therapy-gets-fda-breakthrough-designation-idUKKBN1ES0AZ", "country": "US", "domain_rank": 408, "title": "Novartis breast cancer therapy gets FDA breakthrough designation", "performance_score": 0, "site": "reuters.com", "participants_count": 0, "title_full": "", "spam_score": 0.0, "site_type": "news", "published": "2018-01-03T08:56:00.000+02:00", "replies_count": 0, "uuid": "11e1576359ae79c915642572c4e1119a537e075b"}, "author": "", "url": "https://uk.reuters.com/article/us-novartis-kisqali/novartis-breast-cancer-therapy-gets-fda-breakthrough-designation-idUKKBN1ES0AZ", "ord_in_thread": 0, "title": "Novartis breast cancer therapy gets FDA breakthrough designation", "locations": [], "entities": {"persons": [{"name": "michael shields", "sentiment": "none"}, {"name": "maria sheahan", "sentiment": "none"}, {"name": "kisqali", "sentiment": "none"}, {"name": "reuters/arnd wiegmann", "sentiment": "none"}], "locations": [{"name": "switzerland", "sentiment": "none"}, {"name": "stein", "sentiment": "none"}, {"name": "zurich", "sentiment": "none"}], "organizations": [{"name": "fda", "sentiment": "negative"}, {"name": "novartis", "sentiment": "negative"}, {"name": "reuters staff", "sentiment": "none"}, {"name": "u.s. food and drug administration", "sentiment": "none"}, {"name": "reuters", "sentiment": "none"}]}, "highlightText": "", "language": "english", "persons": [], "text": "January 3, 2018 / 7:00 AM / Updated 7 hours ago Novartis breast cancer therapy gets FDA breakthrough designation Reuters Staff 1 Min Read \nZURICH (Reuters) - Novartis’s Kisqali (ribociclib) has won   breakthrough therapy designation for treating some breast cancer patients, the Swiss drugmaker said on Wednesday. Swiss drugmaker Novartis' logo is seen at the company's plant in the northern Swiss town of Stein, Switzerland October 23, 2017. REUTERS/Arnd Wiegmann \nThe designation covers initial endocrine-based treatment of pre- or perimenopausal women with hormone-receptor positive, human epidermal growth factor receptor-2 negative (HR+/HER2-) advanced or metastatic breast cancer in combination with tamoxifen or an aromatase inhibitor. \nIt was based on results released last month from a Phase III MONALEESA-7 trial demonstrating Kisqali in combination with tamoxifen or an aromatase inhibitor significantly prolonged progression-free survival compared to endocrine therapy alone. Reporting by Michael Shields; Editing by Maria Sheahan", "external_links": [], "published": "2018-01-03T08:56:00.000+02:00", "crawled": "2018-01-03T09:22:22.060+02:00", "highlightTitle": ""}