{"organizations": [], "uuid": "4b7d1fe06e3ca419d8c5d466b68f786dc29eba85", "thread": {"social": {"gplus": {"shares": 0}, "pinterest": {"shares": 0}, "vk": {"shares": 0}, "linkedin": {"shares": 0}, "facebook": {"likes": 0, "shares": 0, "comments": 0}, "stumbledupon": {"shares": 0}}, "site_full": "uk.reuters.com", "main_image": "https://yospace-cds1.reuters.com/u/resize~ad1~1200cce51a2570e?width=640&location=LANDSCAPE&videoId=OV7WP54SR", "site_section": "http://feeds.reuters.com/reuters/UKVideoLatest", "section_title": "Reuters Video: Latest Videos UK", "url": "https://uk.reuters.com/video/2018/01/05/dow-tops-25000?videoId=378209646", "country": "US", "domain_rank": 408, "title": "Dow tops 25,000", "performance_score": 0, "site": "reuters.com", "participants_count": 0, "title_full": "", "spam_score": 0.0, "site_type": "news", "published": "2018-01-05T14:21:00.000+02:00", "replies_count": 0, "uuid": "4b7d1fe06e3ca419d8c5d466b68f786dc29eba85"}, "author": "", "url": "https://uk.reuters.com/video/2018/01/05/dow-tops-25000?videoId=378209646", "ord_in_thread": 0, "title": "Dow tops 25,000", "locations": [], "entities": {"persons": [{"name": "fred katayama", "sentiment": "none"}], "locations": [], "organizations": []}, "highlightText": "", "language": "english", "persons": [], "text": "Dow tops 25,000 12:21pm GMT - 01:12 \nStrong economic data extended the new year's equities rally Thursday, vaulting the Dow above the 25,000 milestone. Fred Katayama reports. ▲ Hide Transcript ▶ View Transcript \nStrong economic data extended the new year's equities rally Thursday, vaulting the Dow above the 25,000 milestone. Fred Katayama reports. Press CTRL+C (Windows), CMD+C (Mac), or long-press the URL below on your mobile device to copy the code https://reut.rs/2AwhTwu", "external_links": [], "published": "2018-01-05T14:21:00.000+02:00", "crawled": "2018-01-05T14:53:57.004+02:00", "highlightTitle": ""}