{"organizations": [], "uuid": "6584b0962e4247cd142d2bd836c16c883a76f26c", "thread": {"social": {"gplus": {"shares": 0}, "pinterest": {"shares": 0}, "vk": {"shares": 0}, "linkedin": {"shares": 0}, "facebook": {"likes": 0, "shares": 0, "comments": 0}, "stumbledupon": {"shares": 0}}, "site_full": "uk.reuters.com", "main_image": "https://s4.reutersmedia.net/resources_v2/images/rcom-default.png", "site_section": "http://feeds.reuters.com/reuters/UKCricketNews/", "section_title": "Reuters: Cricket News", "url": "https://uk.reuters.com/article/cricket-ashes-root/cricket-england-captain-root-in-hospital-with-dehydration-idUKL4N1P20CX", "country": "US", "domain_rank": 408, "title": "Cricket-England captain Root in hospital with dehydration", "performance_score": 0, "site": "reuters.com", "participants_count": 0, "title_full": "", "spam_score": 0.0, "site_type": "news", "published": "2018-01-08T00:52:00.000+02:00", "replies_count": 0, "uuid": "6584b0962e4247cd142d2bd836c16c883a76f26c"}, "author": "", "url": "https://uk.reuters.com/article/cricket-ashes-root/cricket-england-captain-root-in-hospital-with-dehydration-idUKL4N1P20CX", "ord_in_thread": 0, "title": "Cricket-England captain Root in hospital with dehydration", "locations": [], "entities": {"persons": [{"name": "joe root", "sentiment": "none"}, {"name": "clare fallon", "sentiment": "none"}], "locations": [{"name": "england", "sentiment": "none"}, {"name": "sydney", "sentiment": "none"}, {"name": "australia", "sentiment": "none"}, {"name": "sydney", "sentiment": "none"}], "organizations": [{"name": "reuters staff", "sentiment": "none"}, {"name": "reuters", "sentiment": "none"}]}, "highlightText": "", "language": "english", "persons": [], "text": "January 7, 2018 / 10:53 PM / Updated 5 hours ago Cricket-England captain Root in hospital with dehydration Reuters Staff 1 Min Read \nSYDNEY, Jan 8 (Reuters) - England captain Joe Root was taken to hospital with severe dehydration on Monday and may not resume his innings on the final day of the fifth Ashes test. \nAn England spokesman confirmed that the 27-year-old, who was 42 not out at the end of day four as the tourists battled to avoid an innings defeat, had suffered from diarrhoea and vomiting overnight. \nTemperatures at the Sydney Cricket Ground exceeded 40 degrees Celsius on Sunday. England finished the day on 93 for four and need another 210 to make Australia bat again. \nAustralia have won the Ashes after winning the first three tests. (Editing by Clare Fallon)", "external_links": [], "published": "2018-01-08T00:52:00.000+02:00", "crawled": "2018-01-08T05:57:12.039+02:00", "highlightTitle": ""}