{"organizations": [], "uuid": "e6bb62050c787d883fadbc626a0b3d3c6f59fdae", "thread": {"social": {"gplus": {"shares": 0}, "pinterest": {"shares": 0}, "vk": {"shares": 0}, "linkedin": {"shares": 0}, "facebook": {"likes": 0, "shares": 0, "comments": 0}, "stumbledupon": {"shares": 0}}, "site_full": "www.cnbc.com", "main_image": "https://fm.cnbc.com/applications/cnbc.com/resources/img/editorial/2018/01/04/104927696-5ED3-REQ-01042018-ThisDayInHistory.600x400.jpg", "site_section": "http://www.cnbc.com/id/100004038/device/rss/rss.html", "section_title": "Latest Video", "url": "https://www.cnbc.com/video/2018/01/04/this-day-in-history-january-4-2018.html", "country": "US", "domain_rank": 767, "title": "This Day in History, January 4, 2018", "performance_score": 0, "site": "cnbc.com", "participants_count": 0, "title_full": "", "spam_score": 0.0, "site_type": "news", "published": "2018-01-04T13:00:00.000+02:00", "replies_count": 0, "uuid": "e6bb62050c787d883fadbc626a0b3d3c6f59fdae"}, "author": "", "url": "https://www.cnbc.com/video/2018/01/04/this-day-in-history-january-4-2018.html", "ord_in_thread": 0, "title": "This Day in History, January 4, 2018", "locations": [], "entities": {"persons": [{"name": "nancy pelosi", "sentiment": "none"}], "locations": [], "organizations": [{"name": "house", "sentiment": "none"}]}, "highlightText": "", "language": "english", "persons": [], "text": "This Day in History, January 4, 2018 1 Hour Ago Among the events that happened on this day in history, in 2007 Nancy Pelosi becomes the first female House Speaker.", "external_links": [], "published": "2018-01-04T13:00:00.000+02:00", "crawled": "2018-01-04T14:51:48.001+02:00", "highlightTitle": ""}