{"organizations": [], "uuid": "28b7bee9d8d937e8ffe58ea41d99dba8de593c01", "thread": {"social": {"gplus": {"shares": 0}, "pinterest": {"shares": 0}, "vk": {"shares": 0}, "linkedin": {"shares": 0}, "facebook": {"likes": 0, "shares": 0, "comments": 0}, "stumbledupon": {"shares": 0}}, "site_full": "www.cnbc.com", "main_image": "https://fm.cnbc.com/applications/cnbc.com/resources/img/editorial/2018/01/04/104928835-5ED3-REQ-JLG-CAR-STORY-AUTOCAR-010418.600x400.jpg", "site_section": "http://www.cnbc.com/id/100004038/device/rss/rss.html", "section_title": "Latest Video", "url": "https://www.cnbc.com/video/2018/01/04/jay-leno-explains-why-the-1916-autocar-was-vital-during-the-winter.html", "country": "US", "domain_rank": 767, "title": "Jay Leno explains why the 1916 Autocar was vital during the winter", "performance_score": 0, "site": "cnbc.com", "participants_count": 0, "title_full": "", "spam_score": 0.0, "site_type": "news", "published": "2018-01-04T22:49:00.000+02:00", "replies_count": 0, "uuid": "28b7bee9d8d937e8ffe58ea41d99dba8de593c01"}, "author": "", "url": "https://www.cnbc.com/video/2018/01/04/jay-leno-explains-why-the-1916-autocar-was-vital-during-the-winter.html", "ord_in_thread": 0, "title": "Jay Leno explains why the 1916 Autocar was vital during the winter", "locations": [], "entities": {"persons": [{"name": "jay leno", "sentiment": "negative"}], "locations": [], "organizations": []}, "highlightText": "", "language": "english", "persons": [], "text": "Jay Leno explains why the 1916 Autocar was vital during the winter 1 Hour Ago With its hand crank and its top speed of 22 miles per hour, the 1916 Autocar is clearly not a high performance vehicle, but it has a fascinating history. Jay Leno explains what this car was used for and shows off some its primitive features. SHARES", "external_links": [], "published": "2018-01-04T22:49:00.000+02:00", "crawled": "2018-01-05T00:21:37.003+02:00", "highlightTitle": ""}