{"organizations": [], "uuid": "14f638e85b70609190636c0fa70ea802b9a97629", "thread": {"social": {"gplus": {"shares": 0}, "pinterest": {"shares": 0}, "vk": {"shares": 0}, "linkedin": {"shares": 0}, "facebook": {"likes": 0, "shares": 0, "comments": 0}, "stumbledupon": {"shares": 0}}, "site_full": "www.wsj.com", "main_image": "https://si.wsj.net/public/resources/images/BN-WX302_3mr9F_TOP_20180109092447.jpg", "site_section": "http://online.wsj.com/xml/rss/3_7085.xml", "section_title": "WSJ.com: World News", "url": "https://www.wsj.com/articles/irans-khamenei-recognizes-protesters-grievances-1515511134", "country": "US", "domain_rank": 387, "title": "Iran’s Khamenei Recognizes Protesters’ Grievances", "performance_score": 0, "site": "wsj.com", "participants_count": 1, "title_full": "", "spam_score": 0.0, "site_type": "news", "published": "2018-01-09T17:18:00.000+02:00", "replies_count": 0, "uuid": "14f638e85b70609190636c0fa70ea802b9a97629"}, "author": "Asa Fitch", "url": "https://www.wsj.com/articles/irans-khamenei-recognizes-protesters-grievances-1515511134", "ord_in_thread": 0, "title": "Iran’s Khamenei Recognizes Protesters’ Grievances", "locations": [], "entities": {"persons": [{"name": "ayatollah ali khamenei", "sentiment": "negative"}, {"name": "khamenei", "sentiment": "none"}, {"name": "karan deep singh", "sentiment": "none"}], "locations": [{"name": "iran", "sentiment": "none"}, {"name": "qom", "sentiment": "none"}], "organizations": [{"name": "khamenei recognizes protesters", "sentiment": "negative"}]}, "highlightText": "", "language": "english", "persons": [], "text": "Iranian Supreme Leader Ayatollah Ali Khamenei on Tuesday said citizens had the right to voice their legitimate concerns, acknowledging for the first time the grievances of protesters taking part in the biggest wave of demonstrations in the country this decade.\nMr. Khamenei took a conciliatory tone during a speech in the city of Qom, as the regime responds to demonstrations that are testing its tolerance for dissent and exposing working-class complaints about high inflation, widespread unemployment and other persistent economic... RELATED VIDEO Iran's Protests: What's Next? People in Iran have demonstrated against the government in the biggest wave of protests to hit the country in almost a decade. Here's what could be next for Iran and what the unrest means for more than 80 million Iranians. Video: Karan Deep Singh / Photo: Getty Images ", "external_links": [], "published": "2018-01-09T17:18:00.000+02:00", "crawled": "2018-01-09T19:33:48.002+02:00", "highlightTitle": ""}