{"organizations": [], "uuid": "bff68a23510fb010877e1d9c69c1e237c3d4de98", "thread": {"social": {"gplus": {"shares": 0}, "pinterest": {"shares": 0}, "vk": {"shares": 0}, "linkedin": {"shares": 0}, "facebook": {"likes": 0, "shares": 0, "comments": 0}, "stumbledupon": {"shares": 0}}, "site_full": "www.wsj.com", "main_image": "https://si.wsj.net/public/resources/images/IF-AD372_WINNER_SOC_20180105180802.jpg", "site_section": "https://www.wsj.com", "section_title": "The Wall Street Journal &amp; Breaking News, Business, Financial and Economic News, World News and Video", "url": "https://www.wsj.com/articles/kinetics-internet-was-no-1-up-56-9-boosted-by-bitcoin-1515381121", "country": "US", "domain_rank": 387, "title": "Kinetics Internet Was No. 1, Up 56.9%, Boosted by Bitcoin", "performance_score": 0, "site": "wsj.com", "participants_count": 1, "title_full": "", "spam_score": 0.0, "site_type": "news", "published": "2018-01-08T06:12:00.000+02:00", "replies_count": 0, "uuid": "bff68a23510fb010877e1d9c69c1e237c3d4de98"}, "author": "Suzanne McGee", "url": "https://www.wsj.com/articles/kinetics-internet-was-no-1-up-56-9-boosted-by-bitcoin-1515381121", "ord_in_thread": 0, "title": "Kinetics Internet Was No. 1, Up 56.9%, Boosted by Bitcoin", "locations": [], "entities": {"persons": [{"name": "peter doyle", "sentiment": "negative"}, {"name": "bitcoin", "sentiment": "negative"}, {"name": "doyle", "sentiment": "none"}], "locations": [{"name": "u.s.", "sentiment": "none"}], "organizations": [{"name": "kinetics internet fund", "sentiment": "none"}]}, "highlightText": "", "language": "english", "persons": [], "text": "“I would take my salary in bitcoin rather than in U.S. dollars right now,” says Peter Doyle, co-founder and portfolio manager of Kinetics Internet Fund (WWWFX).\nThat’s a stunning declaration, given the roller-coaster performance of the digital currency, which started 2017 worth less than $1,000, briefly soared to $20,000, and then in the final weeks of the year tumbled to $10,000. But Mr. Doyle simply is displaying his confidence in the disruptive possibilities of this and other alternative payment methods, and his fund’s... ", "external_links": [], "published": "2018-01-08T06:12:00.000+02:00", "crawled": "2018-01-08T06:28:14.006+02:00", "highlightTitle": ""}