{"organizations": [], "uuid": "0bd3e58afb0c1fa9e58757162908f1bf692b496b", "thread": {"social": {"gplus": {"shares": 0}, "pinterest": {"shares": 0}, "vk": {"shares": 0}, "linkedin": {"shares": 0}, "facebook": {"likes": 0, "shares": 0, "comments": 0}, "stumbledupon": {"shares": 0}}, "site_full": "www.reuters.com", "main_image": "https://s4.reutersmedia.net/resources_v2/images/rcom-default.png", "site_section": "http://feeds.reuters.com/reuters/companyNews\r", "section_title": "Reuters: Company News", "url": "https://www.reuters.com/article/brief-greenbrier-reports-q1-earnings-per/brief-greenbrier-reports-q1-earnings-per-share-0-83-idUSASB0BZV6", "country": "US", "domain_rank": 408, "title": "BRIEF-Greenbrier Reports Q1 Earnings Per Share $0.83", "performance_score": 0, "site": "reuters.com", "participants_count": 0, "title_full": "", "spam_score": 0.0, "site_type": "news", "published": "2018-01-05T13:08:00.000+02:00", "replies_count": 0, "uuid": "0bd3e58afb0c1fa9e58757162908f1bf692b496b"}, "author": "", "url": "https://www.reuters.com/article/brief-greenbrier-reports-q1-earnings-per/brief-greenbrier-reports-q1-earnings-per-share-0-83-idUSASB0BZV6", "ord_in_thread": 0, "title": "BRIEF-Greenbrier Reports Q1 Earnings Per Share $0.83", "locations": [], "entities": {"persons": [], "locations": [], "organizations": [{"name": "reuters", "sentiment": "negative"}, {"name": "thomson reuters", "sentiment": "none"}, {"name": "eikon", "sentiment": "none"}, {"name": "greenbrier companies inc", "sentiment": "none"}]}, "highlightText": "", "language": "english", "persons": [], "text": " 08 AM / Updated 5 minutes ago BRIEF-Greenbrier Reports Q1 Earnings Per Share $0.83 Reuters Staff \nJan 5 (Reuters) - Greenbrier Companies Inc: * GREENBRIER REPORTS FIRST QUARTER RESULTS * Q1 EARNINGS PER SHARE $0.83 \n* Q1 REVENUE $559.5 MILLION VERSUS I/B/E/S VIEW $595.3 MILLION \n* Q1 EARNINGS PER SHARE VIEW $0.91 -- THOMSON REUTERS I/B/E/S \n* - ‍NEW RAILCAR BACKLOG AS OF NOVEMBER 30, 2017 WAS 26,500 UNITS WITH AN ESTIMATED VALUE OF $2.56 BILLION​ * SAYS REAFFIRMS FY 2018 GUIDANCE \n* GREENBRIER COMPANIES SAYS FISCAL 2018 REVENUE WILL BE $2.4 BILLION - $2.6 BILLION \n* SEES ‍FOR FISCAL 2018 EXCLUDING EXPECTED BENEFITS OF RECENT TAX REFORM ACT DELIVERIES TO BE ABOUT 20,000 - 22,000 UNITS​ \n* FY2018 EARNINGS PER SHARE VIEW $4.10, REVENUE VIEW $2.51 BILLION -- THOMSON REUTERS I/B/E/S * - NEW RAILCAR DELIVERIES TOTALED 4,400 UNITS FOR QUARTER \n* - ORDERS FOR 3,200 DIVERSIFIED RAILCARS WERE RECEIVED DURING QUARTER, VALUED AT OVER $290 MILLION Source text for Eikon: Further company coverage:", "external_links": [], "published": "2018-01-05T13:08:00.000+02:00", "crawled": "2018-01-05T13:20:33.019+02:00", "highlightTitle": ""}