{"organizations": [], "uuid": "55134150f6882a9423fb29cd20ec91ce812a731f", "thread": {"social": {"gplus": {"shares": 0}, "pinterest": {"shares": 0}, "vk": {"shares": 0}, "linkedin": {"shares": 0}, "facebook": {"likes": 0, "shares": 0, "comments": 0}, "stumbledupon": {"shares": 0}}, "site_full": "www.reuters.com", "main_image": "https://s4.reutersmedia.net/resources_v2/images/rcom-default.png", "site_section": "http://feeds.reuters.com/reuters/companyNews", "section_title": "Reuters: Company News", "url": "https://www.reuters.com/article/brief-alaska-airlines-receives-single-op/brief-alaska-airlines-receives-single-operating-certificate-from-faa-idUSFWN1P60Z0", "country": "US", "domain_rank": 408, "title": "BRIEF-Alaska Airlines Receives Single Operating Certificate From FAA", "performance_score": 0, "site": "reuters.com", "participants_count": 0, "title_full": "", "spam_score": 0.0, "site_type": "news", "published": "2018-01-11T22:29:00.000+02:00", "replies_count": 0, "uuid": "55134150f6882a9423fb29cd20ec91ce812a731f"}, "author": "", "url": "https://www.reuters.com/article/brief-alaska-airlines-receives-single-op/brief-alaska-airlines-receives-single-operating-certificate-from-faa-idUSFWN1P60Z0", "ord_in_thread": 0, "title": "BRIEF-Alaska Airlines Receives Single Operating Certificate From FAA", "locations": [], "entities": {"persons": [], "locations": [], "organizations": [{"name": "brief-alaska airlines", "sentiment": "negative"}, {"name": "faa", "sentiment": "negative"}, {"name": "faa reuters staff", "sentiment": "none"}, {"name": "alaska air group inc", "sentiment": "none"}, {"name": "reuters", "sentiment": "none"}, {"name": "eikon", "sentiment": "none"}]}, "highlightText": "", "language": "english", "persons": [], "text": "January 11, 2018 / 8:30 PM / Updated 35 minutes ago BRIEF-Alaska Airlines Receives Single Operating Certificate From FAA Reuters Staff 1 Min Read \nJan 11 (Reuters) - Alaska Air Group Inc: \n* ALASKA AIRLINES - ‍RECEIVED SINGLE OPERATING CERTIFICATE FROM FEDERAL AVIATION ADMINISTRATION FOR ALASKA AIRLINES AND VIRGIN AMERICA Source text for Eikon: Further company coverage:", "external_links": [], "published": "2018-01-11T22:29:00.000+02:00", "crawled": "2018-01-11T22:47:05.044+02:00", "highlightTitle": ""}