{"organizations": [], "uuid": "74c73ea5220072d4c43d871e73a6782d4133496c", "thread": {"social": {"gplus": {"shares": 0}, "pinterest": {"shares": 0}, "vk": {"shares": 0}, "linkedin": {"shares": 1}, "facebook": {"likes": 0, "shares": 0, "comments": 0}, "stumbledupon": {"shares": 0}}, "site_full": "www.wsj.com", "main_image": "", "site_section": "http://ethiopiaforums.com/feed/", "section_title": "Ethiopiaforums.com", "url": "https://www.wsj.com/articles/ethiopia-to-release-political-prisoners-in-attempt-to-ease-unrest-1514997937/", "country": "US", "domain_rank": 387, "title": "Ethiopia to Release Political Prisoners in Attempt to Ease Unrest", "performance_score": 0, "site": "wsj.com", "participants_count": 1, "title_full": "", "spam_score": 0.0, "site_type": "news", "published": "2018-01-04T21:30:00.000+02:00", "replies_count": 0, "uuid": "74c73ea5220072d4c43d871e73a6782d4133496c"}, "author": "Zelalem", "url": "https://www.wsj.com/articles/ethiopia-to-release-political-prisoners-in-attempt-to-ease-unrest-1514997937/", "ord_in_thread": 0, "title": "Ethiopia to Release Political Prisoners in Attempt to Ease Unrest", "locations": [], "entities": {"persons": [{"name": "hailemariam desalegn", "sentiment": "none"}], "locations": [{"name": "ethiopia", "sentiment": "none"}, {"name": "addis ababa", "sentiment": "none"}, {"name": "east africa", "sentiment": "none"}], "organizations": [{"name": "ethiopian people’s revolutionary democratic front", "sentiment": "none"}, {"name": "eprdf", "sentiment": "none"}]}, "highlightText": "", "language": "english", "persons": [], "text": "Ethiopia to Release Political Prisoners in Attempt to Ease Unrest Ethiopia to Release Political Prisoners in Attempt to Ease Unrest 4 Views Share: \nIn a bid to quell a rising tide of unrest in East Africa’s most-populous country and one of the world’s fastest-growing economies, Ethiopia said it would release thousands of political prisoners and shut a notorious detention center known for torture and abuses. \nPrime Minister Hailemariam Desalegn told reporters from state-controlled media in the capital Addis Ababa on Wednesday that the Ethiopian People’s Revolutionary Democratic Front, or EPRDF, the ruling coalition he leads, will drop charges against political prisoners… More From Our Site", "external_links": [], "published": "2018-01-04T21:30:00.000+02:00", "crawled": "2018-01-05T04:50:48.001+02:00", "highlightTitle": ""}