{"organizations": [], "uuid": "b7625c3d7c8d2781761c795c114dbe7b758c23b4", "thread": {"social": {"gplus": {"shares": 0}, "pinterest": {"shares": 0}, "vk": {"shares": 0}, "linkedin": {"shares": 0}, "facebook": {"likes": 0, "shares": 0, "comments": 0}, "stumbledupon": {"shares": 0}}, "site_full": "www.reuters.com", "main_image": "https://s4.reutersmedia.net/resources_v2/images/rcom-default.png", "site_section": "http://feeds.reuters.com/reuters/companyNews\r", "section_title": "Reuters: Company News", "url": "https://www.reuters.com/article/brief-ecor1-capital-llc-reports-a-94-per/brief-ecor1-capital-llc-reports-a-9-4-percent-passive-stake-in-dicerna-pharmaceuticals-idUSFWN1OY02E", "country": "US", "domain_rank": 408, "title": "BRIEF-Ecor1 Capital Llc Reports a 9.4 Percent Passive Stake In Dicerna Pharmaceuticals", "performance_score": 0, "site": "reuters.com", "participants_count": 0, "title_full": "", "spam_score": 0.0, "site_type": "news", "published": "2018-01-03T13:09:00.000+02:00", "replies_count": 0, "uuid": "b7625c3d7c8d2781761c795c114dbe7b758c23b4"}, "author": "", "url": "https://www.reuters.com/article/brief-ecor1-capital-llc-reports-a-94-per/brief-ecor1-capital-llc-reports-a-9-4-percent-passive-stake-in-dicerna-pharmaceuticals-idUSFWN1OY02E", "ord_in_thread": 0, "title": "BRIEF-Ecor1 Capital Llc Reports a 9.4 Percent Passive Stake In Dicerna Pharmaceuticals", "locations": [], "entities": {"persons": [], "locations": [{"name": "dicern", "sentiment": "none"}, {"name": "dicerna", "sentiment": "none"}], "organizations": [{"name": "dicerna pharmaceuticals", "sentiment": "negative"}, {"name": "brief-ecor1 capital llc", "sentiment": "negative"}, {"name": "pharmaceuticals reuters staff", "sentiment": "none"}, {"name": "dicerna pharmaceuticals inc", "sentiment": "none"}, {"name": "pharmaceuticals", "sentiment": "none"}, {"name": "reuters", "sentiment": "none"}]}, "highlightText": "", "language": "english", "persons": [], "text": " 10 AM / Updated 5 minutes ago BRIEF-Ecor1 Capital Llc Reports a 9.4 Percent Passive Stake In Dicerna Pharmaceuticals Reuters Staff 1 Min Read \nJan 3 (Reuters) - Dicerna Pharmaceuticals Inc: \n* ECOR1 CAPITAL, LLC REPORTS A 9.4 PERCENT PASSIVE STAKE IN DICERNA PHARMACEUTICALS AS OF DEC 20, 2017 Source text: ( bit.ly/2Ac7p5t ) Further company coverage:", "external_links": [], "published": "2018-01-03T13:09:00.000+02:00", "crawled": "2018-01-03T13:25:45.001+02:00", "highlightTitle": ""}