{"organizations": [], "uuid": "6fa394459db3079f8d88d27aff1af5f72beb7166", "thread": {"social": {"gplus": {"shares": 0}, "pinterest": {"shares": 0}, "vk": {"shares": 0}, "linkedin": {"shares": 0}, "facebook": {"likes": 0, "shares": 0, "comments": 0}, "stumbledupon": {"shares": 0}}, "site_full": "www.wsj.com", "main_image": "http://s.marketwatch.com/public/resources/MWimages/MW-FD154_becomi_ZG_20170105115723.jpg", "site_section": "http://feeds.marketwatch.com/marketwatch/topstories", "section_title": "MarketWatch.com - Top Stories", "url": "https://www.wsj.com/articles/berkshire-hathaway-boosts-its-board-size-1515585840", "country": "US", "domain_rank": 387, "title": "The Wall Street Journal: Warren Buffett’s Berkshire expands board in move viewed as part of succession plan", "performance_score": 0, "site": "wsj.com", "participants_count": 0, "title_full": "", "spam_score": 0.0, "site_type": "news", "published": "2018-01-10T15:11:00.000+02:00", "replies_count": 0, "uuid": "6fa394459db3079f8d88d27aff1af5f72beb7166"}, "author": "", "url": "https://www.wsj.com/articles/berkshire-hathaway-boosts-its-board-size-1515585840", "ord_in_thread": 0, "title": "The Wall Street Journal: Warren Buffett’s Berkshire expands board in move viewed as part of succession plan", "locations": [], "entities": {"persons": [{"name": "ajit jain", "sentiment": "negative"}, {"name": "gregory abel", "sentiment": "negative"}, {"name": "warren buffett", "sentiment": "negative"}, {"name": "abel", "sentiment": "none"}, {"name": "buffett", "sentiment": "none"}, {"name": "charlie munger", "sentiment": "none"}, {"name": "jain", "sentiment": "none"}], "locations": [], "organizations": [{"name": "berkshire", "sentiment": "negative"}, {"name": "wall street journal", "sentiment": "negative"}, {"name": "hbo", "sentiment": "none"}, {"name": "berkshire brk.b", "sentiment": "none"}, {"name": "youtube allison prang erik holm", "sentiment": "none"}, {"name": "berkshire hathaway inc.", "sentiment": "none"}, {"name": "berkshire hathaway energy co.", "sentiment": "none"}]}, "highlightText": "", "language": "english", "persons": [], "text": "It is now officially a two-man race to succeed Warren Buffett as chief executive of a conglomerate that owns everything from auto insurer Geico to fast-food chain Dairy Queen.\nBerkshire Hathaway Inc. on Wednesday promoted Ajit Jain, head of the company’s reinsurance operations, and Greg Abel, chief executive of its utility business, to newly created spots on its board of directors and new jobs overseeing Berkshire’s day-to-day operations.\n... RELATED VIDEO What Is Warren Buffett's Berkshire Hathaway? After 50 years with Warren Buffett at the helm, Berkshire Hathaway has grown to be one of the largest companies in the world. Here’s a look at how Berkshire has grown under his leadership. Photo: AP (Originally Published May 1, 2015) ", "external_links": [], "published": "2018-01-10T15:11:00.000+02:00", "crawled": "2018-01-10T15:15:52.027+02:00", "highlightTitle": ""}