{"organizations": [], "uuid": "9f174f73927426b920b769c6c6483bec8735d38f", "thread": {"social": {"gplus": {"shares": 0}, "pinterest": {"shares": 0}, "vk": {"shares": 0}, "linkedin": {"shares": 0}, "facebook": {"likes": 0, "shares": 0, "comments": 0}, "stumbledupon": {"shares": 0}}, "site_full": "uk.reuters.com", "main_image": "https://s1.reutersmedia.net/resources/r/?m=02&d=20180101&t=2&i=1218633506&w=1200&r=LYNXMPEE000XA", "site_section": "http://feeds.reuters.com/reuters/UKSportsNews", "section_title": "Reuters: Sports News", "url": "https://uk.reuters.com/article/uk-soccer-england-bur-liv/last-gasp-klavan-strike-gives-liverpool-joy-at-burnley-idUKKBN1EQ14D", "country": "US", "domain_rank": 408, "title": "Last-gasp Klavan strike gives Liverpool joy at Burnley", "performance_score": 0, "site": "reuters.com", "participants_count": 0, "title_full": "", "spam_score": 0.0, "site_type": "news", "published": "2018-01-01T19:20:00.000+02:00", "replies_count": 0, "uuid": "9f174f73927426b920b769c6c6483bec8735d38f"}, "author": "", "url": "https://uk.reuters.com/article/uk-soccer-england-bur-liv/last-gasp-klavan-strike-gives-liverpool-joy-at-burnley-idUKKBN1EQ14D", "ord_in_thread": 0, "title": "Last-gasp Klavan strike gives Liverpool joy at Burnley", "locations": [], "entities": {"persons": [{"name": "klavan", "sentiment": "negative"}, {"name": "philippe coutinho", "sentiment": "none"}, {"name": "roberto firmino", "sentiment": "none"}, {"name": "johann berg gudmundsson", "sentiment": "none"}, {"name": "mohamed salah", "sentiment": "none"}, {"name": "ragnar klavan", "sentiment": "none"}, {"name": "juergen klopp", "sentiment": "none"}, {"name": "sadio mane", "sentiment": "none"}, {"name": "dejan lovren", "sentiment": "none"}], "locations": [{"name": "leicester city", "sentiment": "none"}, {"name": "britain", "sentiment": "none"}], "organizations": [{"name": "burnley", "sentiment": "negative"}, {"name": "liverpool", "sentiment": "negative"}, {"name": "turf moor", "sentiment": "none"}, {"name": "reuters", "sentiment": "none"}, {"name": "premier league", "sentiment": "none"}]}, "highlightText": "", "language": "english", "persons": [], "text": "January 1, 2018 / 5:23 PM / Updated 9 minutes ago Last-gasp Klavan strike gives Liverpool joy at Burnley Reuters Staff 1   BURNLEY 1 LIVERPOOL 2 Soccer Football - Premier League - Burnley vs Liverpool - Turf Moor, Burnley, Britain - January 1, 2018 Liverpool's Ragnar Klavan celebrates scoring their second goal with team mates Action Images via Reuters/Jason Cairnduff \nAn added-time winner from Ragnar Klavan gave Liverpool a dramatic 2-1 Premier League victory over Burnley at Turf Moor on Monday and extended their unbeaten run in all competitions to 16 matches. \nJohann Berg Gudmundsson’s stooping header in the 87th minute for the home side looked to have frustrated Liverpool before the visitors’ Estonian defender Klavan bundled the ball in at the back post from a Dejan Lovren header. \nLiverpool manager Juergen Klopp made seven changes from the side that beat visiting Leicester City on Saturday with Mohamed Salah and Philippe Coutinho out injured and forward Roberto Firmino left on the bench. \nA stunning 61st minute strike from Sadio Mane, who blasted the ball home on the turn from the edge of the area, had put fourth-placed Liverpool ahead. Reporting by Simon Evans; editing by Ken Ferris", "external_links": [], "published": "2018-01-01T19:20:00.000+02:00", "crawled": "2018-01-01T19:33:32.057+02:00", "highlightTitle": ""}