{"organizations": [], "uuid": "8b1e247a0c6ae78ccfa60bb0325002e97940ee42", "thread": {"social": {"gplus": {"shares": 0}, "pinterest": {"shares": 0}, "vk": {"shares": 0}, "linkedin": {"shares": 0}, "facebook": {"likes": 0, "shares": 0, "comments": 0}, "stumbledupon": {"shares": 0}}, "site_full": "www.cnbc.com", "main_image": "https://fm.cnbc.com/applications/cnbc.com/resources/img/editorial/2018/01/05/104931267-6ED3-MM-A-BLOCK-010518.600x400.jpg", "site_section": "http://www.cnbc.com/id/100004038/device/rss/rss.html", "section_title": "Latest Video", "url": "https://www.cnbc.com/video/2018/01/05/cramers-game-plan-feeding-the-beast-with-a-bank-earnings-kicker.html", "country": "US", "domain_rank": 767, "title": "Cramer's game plan: Feeding the beast with a bank earnings kicker", "performance_score": 0, "site": "cnbc.com", "participants_count": 0, "title_full": "", "spam_score": 0.0, "site_type": "news", "published": "2018-01-06T01:36:00.000+02:00", "replies_count": 0, "uuid": "8b1e247a0c6ae78ccfa60bb0325002e97940ee42"}, "author": "", "url": "https://www.cnbc.com/video/2018/01/05/cramers-game-plan-feeding-the-beast-with-a-bank-earnings-kicker.html", "ord_in_thread": 0, "title": "Cramer's game plan: Feeding the beast with a bank earnings kicker", "locations": [], "entities": {"persons": [{"name": "cramer", "sentiment": "negative"}, {"name": "jim cramer", "sentiment": "negative"}], "locations": [], "organizations": []}, "highlightText": "", "language": "english", "persons": [], "text": "Cramer's game plan: Feeding the beast with a bank earnings kicker 1 Hour Ago Jim Cramer looked ahead to the stocks and events he'll watch next week, including two major conferences and earnings from the banks.", "external_links": [], "published": "2018-01-06T01:36:00.000+02:00", "crawled": "2018-01-06T01:53:46.037+02:00", "highlightTitle": ""}