{"organizations": [], "uuid": "3f581a5adccdaeecb8f738129a551e6ab45e22c5", "thread": {"social": {"gplus": {"shares": 0}, "pinterest": {"shares": 0}, "vk": {"shares": 0}, "linkedin": {"shares": 0}, "facebook": {"likes": 0, "shares": 0, "comments": 0}, "stumbledupon": {"shares": 0}}, "site_full": "www.cnbc.com", "main_image": "//sc.cnbcfm.com/applications/cnbc.com/staticcontent/img/cnbc_logo.gif", "site_section": "http://www.cnbc.com/id/10000027/page/2", "section_title": "Press Releases - CNBC", "url": "http://www.cnbc.com/2018/01/02/pr-newswire-neogen-shares-begin-post-split-trading.html", "country": "US", "domain_rank": 767, "title": "Neogen shares begin post-split trading", "performance_score": 0, "site": "cnbc.com", "participants_count": 1, "title_full": "", "spam_score": 0.023, "site_type": "news", "published": "2018-01-02T16:45:00.000+02:00", "replies_count": 0, "uuid": "3f581a5adccdaeecb8f738129a551e6ab45e22c5"}, "author": "cnbc.com", "url": "http://www.cnbc.com/2018/01/02/pr-newswire-neogen-shares-begin-post-split-trading.html", "ord_in_thread": 0, "title": "Neogen shares begin post-split trading", "locations": [], "entities": {"persons": [], "locations": [{"name": "mich.", "sentiment": "none"}, {"name": "lansing", "sentiment": "none"}], "organizations": [{"name": "neogen", "sentiment": "negative"}, {"name": "neogen corporation", "sentiment": "negative"}, {"name": "food safety division", "sentiment": "none"}, {"name": "nasdaq national market system", "sentiment": "none"}, {"name": "animal safety division", "sentiment": "none"}]}, "highlightText": "", "language": "english", "persons": [], "text": "LANSING, Mich., Jan. 2, 2018 /PRNewswire/ -- Neogen Corporation (NASDAQ: NEOG) today announced that all shares of its common stock will begin trading today on a \"post-split\" basis to reflect the company's previously announced 4-for-3 stock split.\nAccordingly, the price of the common stock will automatically be adjusted downward by 25% from the NASDAQ National Market System closing price on Dec. 29, 2017, of $82.21 to approximately $61.66 to account for the split. The adjusted price will be in effect at the opening of NASDAQ National Market System trading this morning.\nAs a result of the split, shares outstanding increases to approximately 51.5 million from approximately 38.6 million.\nNeogen Corporation develops and markets products dedicated to food and animal safety. The company's Food Safety Division markets dehydrated culture media and diagnostic test kits to detect foodborne bacteria, natural toxins, food allergens, drug residues, plant diseases and sanitation concerns. Neogen's Animal Safety Division is a leader in the development of animal genomics along with the manufacturing and distribution of a variety of animal healthcare products, including diagnostics, pharmaceuticals, veterinary instruments, wound care and disinfectants.\nCONTACT:\nSteve Quinlan, Vice President & CFO\n517/372-9200\nView original content: http://www.prnewswire.com/news-releases/neogen-shares-begin-post-split-trading-300576378.html\nSOURCE Neogen Corporation", "external_links": ["http://www.prnewswire.com/news-releases/neogen-shares-begin-post-split-trading-300576378.html"], "published": "2018-01-02T16:45:00.000+02:00", "crawled": "2018-01-02T16:33:52.038+02:00", "highlightTitle": ""}