{"organizations": [], "uuid": "f8bbf4c7dfa56a2abbb3751046667a7ad72b740a", "thread": {"social": {"gplus": {"shares": 0}, "pinterest": {"shares": 0}, "vk": {"shares": 0}, "linkedin": {"shares": 0}, "facebook": {"likes": 0, "shares": 0, "comments": 0}, "stumbledupon": {"shares": 0}}, "site_full": "in.reuters.com", "main_image": "https://s3.reutersmedia.net/resources/r/?m=02&d=20180105&t=2&i=1219525584&w=1200&r=LYNXMPEE040C6", "site_section": "http://feeds.reuters.com/reuters/INtechnologyNews", "section_title": "Reuters: Technology News", "url": "https://in.reuters.com/article/us-cyber-microchips/intel-says-performance-impact-of-security-updates-not-significant-idINKBN1EU0JH", "country": "US", "domain_rank": 408, "title": "Intel says performance impact of security updates not significant", "performance_score": 0, "site": "reuters.com", "participants_count": 0, "title_full": "", "spam_score": 0.0, "site_type": "news", "published": "2018-01-05T08:46:00.000+02:00", "replies_count": 0, "uuid": "f8bbf4c7dfa56a2abbb3751046667a7ad72b740a"}, "author": "", "url": "https://in.reuters.com/article/us-cyber-microchips/intel-says-performance-impact-of-security-updates-not-significant-idINKBN1EU0JH", "ord_in_thread": 0, "title": "Intel says performance impact of security updates not significant", "locations": [], "entities": {"persons": [], "locations": [{"name": "tel aviv", "sentiment": "none"}, {"name": "israel", "sentiment": "none"}], "organizations": [{"name": "intel", "sentiment": "negative"}, {"name": "apple inc", "sentiment": "none"}, {"name": "intel corp", "sentiment": "none"}, {"name": "reuters staff", "sentiment": "none"}, {"name": "reuters", "sentiment": "none"}, {"name": "petah tikva", "sentiment": "none"}]}, "highlightText": "", "language": "english", "persons": [], "text": "January 5, 2018 / 6:52 AM / Updated 10 hours ago Intel says performance impact of security updates not significant Reuters Staff 3 Min Read \n(Reuters) - Intel Corp ( INTC.O ) said fixes for security issues in its microchips would not slow down computers, rebuffing concerns that the flaws found in microprocessors would significantly reduce performance. FILE PHOTO: An Intel logo is seen at the company's offices in Petah Tikva, near Tel Aviv, Israel, October 24, 2011. REUTERS/Nir Elias/File Photo \nThe performance impact of the recent security updates should not be significant and will be mitigated over time, Intel said late on Thursday, adding that Apple Inc ( AAPL.O ), Amazon.com Inc ( AMZN.O ), Google ( GOOGL.O ) and Microsoft Corp ( MSFT.O ) reported little to no performance impact from the security updates. intel.ly/2CHQ89E \nIntel shares fell nearly 2 percent on Thursday as investors were worried about the potential financial liability and reputational damage from the recently disclosed security issues. \nThe largest chipmaker confirmed earlier this week that the security issues reported by researchers in the company’s widely used microprocessors could allow hackers to steal sensitive information from computers, phones and other devices. \nSecurity researchers had disclosed two security flaws exposing vulnerability of nearly every modern computing device containing chips from Intel, Advanced Micro Devices Inc ( AMD.O ) and ARM Holdings. \nThe first, called Meltdown, affects Intel chips and lets hackers bypass the hardware barrier between applications run by users and the computer’s memory, potentially letting hackers read a computer’s memory and steal passwords. The second, called Spectre, affects chips from Intel, AMD and ARM and lets hackers potentially trick otherwise error-free applications into giving up secret information. \nIntel had said the issues were not caused by a design flaw and asked users to download a patch and update their operating system. \nIntel may be on the hook for costs stemming from lawsuits claiming that the patches would slow computers and effectively force consumers to buy new hardware, and big customers will likely seek compensation from Intel for any software or hardware fixes they make, security experts said. Reporting by Kanishka Singh in Bengaluru; Editing by Amrutha Gayathri", "external_links": [], "published": "2018-01-05T08:46:00.000+02:00", "crawled": "2018-01-05T08:59:35.005+02:00", "highlightTitle": ""}