{"organizations": [], "uuid": "1ca26fc6c9d3734477fde9a2a47d4b244b6e5fdc", "thread": {"social": {"gplus": {"shares": 0}, "pinterest": {"shares": 0}, "vk": {"shares": 0}, "linkedin": {"shares": 0}, "facebook": {"likes": 0, "shares": 0, "comments": 0}, "stumbledupon": {"shares": 0}}, "site_full": "www.reuters.com", "main_image": "https://s4.reutersmedia.net/resources_v2/images/rcom-default.png", "site_section": "http://feeds.reuters.com/reuters/healthNews\r", "section_title": "Reuters: Health News", "url": "https://www.reuters.com/article/us-perrigo-company-ceo/perrigo-hires-gerresheimer-ex-boss-rohrhoff-as-new-ceo-idUSKBN1EX0GR", "country": "US", "domain_rank": 408, "title": "Perrigo hires Gerresheimer ex-boss Rohrhoff as new CEO", "performance_score": 0, "site": "reuters.com", "participants_count": 0, "title_full": "", "spam_score": 0.0, "site_type": "news", "published": "2018-01-08T09:03:00.000+02:00", "replies_count": 0, "uuid": "1ca26fc6c9d3734477fde9a2a47d4b244b6e5fdc"}, "author": "", "url": "https://www.reuters.com/article/us-perrigo-company-ceo/perrigo-hires-gerresheimer-ex-boss-rohrhoff-as-new-ceo-idUSKBN1EX0GR", "ord_in_thread": 0, "title": "Perrigo hires Gerresheimer ex-boss Rohrhoff as new CEO", "locations": [], "entities": {"persons": [{"name": "reut", "sentiment": "negative"}, {"name": "gerresheimer ex-boss rohrhoff", "sentiment": "negative"}, {"name": "rohrhoff", "sentiment": "negative"}, {"name": "kanishka singh", "sentiment": "none"}, {"name": "john hendrickson", "sentiment": "none"}, {"name": "hendrickson", "sentiment": "none"}, {"name": "ronald winowiecki", "sentiment": "none"}, {"name": "gopakumar warrier", "sentiment": "none"}, {"name": "judy brown", "sentiment": "none"}, {"name": "uwe rohrhoff", "sentiment": "none"}], "locations": [{"name": "bengaluru", "sentiment": "none"}], "organizations": [{"name": "perrigo", "sentiment": "negative"}, {"name": "gerresheimer ag", "sentiment": "none"}, {"name": "perrigo company plc", "sentiment": "none"}, {"name": "reuters", "sentiment": "none"}, {"name": "amgen inc", "sentiment": "none"}]}, "highlightText": "", "language": "english", "persons": [], "text": "(Reuters) - Generic drugmaker Perrigo Company Plc appointed Uwe Rohrhoff, former CEO of Gerresheimer AG, as its new chief executive, the company said on Monday.\nRohrhoff succeeds John Hendrickson, who will resign as CEO and board member on Jan. 15, Perrigo said.\nRohrhoff was the CEO of Gerresheimer for seven years when he left the German pharmaceuticals company in August 2017.\nPerrigo said in June Hendrickson planned to retire after a little more than a year into the job. Hendrickson joined the company in 1989 and became CEO in April 2016.\nIn February 2017, Perrigo’s then chief financial officer Judy Brown stepped down and joined Amgen Inc. Ronald Winowiecki was appointed acting CFO.\nPerrigo had suspended its search for a CFO during its search for Hendrickson’s successor as CEO, the company said in a regulatory filing in July.\nReporting by Kanishka Singh in Bengaluru; Editing by Gopakumar Warrier\nOur Standards: The Thomson Reuters Trust Principles.", "external_links": [], "published": "2018-01-08T09:03:00.000+02:00", "crawled": "2018-01-08T09:13:24.004+02:00", "highlightTitle": ""}