{"organizations": [], "uuid": "5a83159de3b7cefab313ca0d9ec8ded64681cecd", "thread": {"social": {"gplus": {"shares": 0}, "pinterest": {"shares": 0}, "vk": {"shares": 0}, "linkedin": {"shares": 0}, "facebook": {"likes": 0, "shares": 0, "comments": 0}, "stumbledupon": {"shares": 0}}, "site_full": "in.reuters.com", "main_image": "https://yospace-cds1.reuters.com/u/resize~ad1~1200ce65e85c839-1515524361164?width=640&location=LANDSCAPE&videoId=RCV004C16", "site_section": "http://feeds.reuters.com/reuters/INVideoWorldNews", "section_title": "Reuters Video: World News", "url": "https://in.reuters.com/video/2018/01/09/iran-blames-protests-on-foreign-enemies?videoId=381447245", "country": "US", "domain_rank": 408, "title": "Iran blames protests on 'foreign enemies' plot", "performance_score": 0, "site": "reuters.com", "participants_count": 0, "title_full": "", "spam_score": 0.0, "site_type": "news", "published": "2018-01-09T22:24:00.000+02:00", "replies_count": 0, "uuid": "5a83159de3b7cefab313ca0d9ec8ded64681cecd"}, "author": "", "url": "https://in.reuters.com/video/2018/01/09/iran-blames-protests-on-foreign-enemies?videoId=381447245", "ord_in_thread": 0, "title": "Iran blames protests on 'foreign enemies' plot", "locations": [], "entities": {"persons": [], "locations": [{"name": "iran", "sentiment": "none"}, {"name": "tehran", "sentiment": "none"}], "organizations": []}, "highlightText": "", "language": "english", "persons": [], "text": "Iran blames protests on 'foreign enemies' plot 1:54am IST - 00:56 \nIran's supreme leader has claimed Tehran foiled a plot by foreign powers to use recent protests to overthrow the current leadership.   \nIran's supreme leader has claimed Tehran foiled a plot by foreign powers to use recent protests to overthrow the current leadership.  //reut.rs/2CZy0c0", "external_links": [], "published": "2018-01-09T22:24:00.000+02:00", "crawled": "2018-01-09T23:07:29.060+02:00", "highlightTitle": ""}