{"organizations": [], "uuid": "3905ab3e2a34abd349217874c6e3d85a121b28a5", "thread": {"social": {"gplus": {"shares": 0}, "pinterest": {"shares": 0}, "vk": {"shares": 0}, "linkedin": {"shares": 0}, "facebook": {"likes": 0, "shares": 0, "comments": 0}, "stumbledupon": {"shares": 0}}, "site_full": "www.cnbc.com", "main_image": "//sc.cnbcfm.com/applications/cnbc.com/staticcontent/img/cnbc_logo.gif", "site_section": "http://www.cnbc.com/id/10000027", "section_title": "Press Releases - CNBC", "url": "http://www.cnbc.com/2018/01/05/pr-newswire-brown-toland-physicians-names-kelly-robison-chief-executive-officer.html", "country": "US", "domain_rank": 767, "title": "Brown & Toland Physicians Names Kelly Robison Chief Executive Officer", "performance_score": 0, "site": "cnbc.com", "participants_count": 1, "title_full": "", "spam_score": 0.0, "site_type": "news", "published": "2018-01-05T22:34:00.000+02:00", "replies_count": 0, "uuid": "3905ab3e2a34abd349217874c6e3d85a121b28a5"}, "author": "cnbc.com", "url": "http://www.cnbc.com/2018/01/05/pr-newswire-brown-toland-physicians-names-kelly-robison-chief-executive-officer.html", "ord_in_thread": 0, "title": "Brown & Toland Physicians Names Kelly Robison Chief Executive Officer", "locations": [], "entities": {"persons": [{"name": "kelly robison", "sentiment": "none"}, {"name": "robison", "sentiment": "none"}, {"name": "richard fish", "sentiment": "none"}, {"name": "richard", "sentiment": "none"}, {"name": "neal birnbaum", "sentiment": "none"}, {"name": "kelly", "sentiment": "none"}], "locations": [{"name": "calif.", "sentiment": "none"}, {"name": "oakland", "sentiment": "none"}, {"name": "northern california", "sentiment": "none"}], "organizations": [{"name": "brown & toland physicians", "sentiment": "negative"}, {"name": "brown & toland physicians names kelly robison", "sentiment": "negative"}, {"name": "brown & toland", "sentiment": "none"}]}, "highlightText": "", "language": "english", "persons": [], "text": "OAKLAND, Calif., Jan. 5, 2018 /PRNewswire/ -- Brown & Toland Physicians' Board of Directors announced today that Kelly Robison is the company's new chief executive officer.\nRobison, a healthcare industry veteran with 25 years' experience, including 18 with Brown & Toland, replaces Richard Fish, who informed the Board in 2017 of his desire to step down as CEO. Fish has been with Brown & Toland since 2007 and has served as CEO since 2011.\n\"We are thankful to Richard for his years of outstanding leadership, integrity, and strategic acumen,\" said Neal Birnbaum, M.D., Brown & Toland's chairman of the board. \"We are excited to welcome back Kelly as chief executive officer. Kelly brings a great deal of knowledge and expertise, including a comprehensive understanding of the Northern California and national healthcare markets. She is truly dedicated to the success of physicians in private practice.\"\nRobison held various executive roles with Brown & Toland from 1995 to 2013, including leadership positions in strategic planning and contracting. Most recently, she was OptumCare's chief development officer and worked to successfully build, acquire and transform large physician groups, growing to more than 30 markets and over 20,000 employed and contracted physicians in various medical groups and independent practice association (IPA) settings. OptumCare is a division of Optum (a UnitedHealthGroup company).\n\"I am honored to return to Brown & Toland,\" said Robison. \"While today's health care industry is rapidly transforming, physicians remain the most effective drivers of change. With the level of clinical excellence that Brown & Toland's physicians represent, and a steadfast commitment to evolve in this highly-complex market, I am enthusiastic about the future.\"\nAbout Brown & Toland Physicians\nBrown & Toland Physicians is a leading network of independent doctors focused on delivering personalized, high quality, and affordable healthcare to the San Francisco Bay Area. Its network of 1,500 physicians, serving more than 300,000 HMO and PPO patients, is dedicated to improving care through patient-centered programs, use of healthcare technology, and population health management strategies. The group has succeeded in improving quality outcomes and reducing medical costs across multiple accountable care populations. Brown & Toland collaborates with leading hospitals and health providers to provide local and convenient care in the Bay Area. To learn more, visit www.brownandtoland.com .\nView original content with multimedia: http://www.prnewswire.com/news-releases/brown--toland-physicians-names-kelly-robison-chief-executive-officer-300578375.html\nSOURCE Brown & Toland Physicians", "external_links": ["http://www.brownandtoland.com/", "http://www.prnewswire.com/news-releases/brown--toland-physicians-names-kelly-robison-chief-executive-officer-300578375.html"], "published": "2018-01-05T22:34:00.000+02:00", "crawled": "2018-01-05T23:23:35.006+02:00", "highlightTitle": ""}