{"organizations": [], "uuid": "4e80b7249519aeb788c2ae955fe77434eb972626", "thread": {"social": {"gplus": {"shares": 0}, "pinterest": {"shares": 0}, "vk": {"shares": 0}, "linkedin": {"shares": 0}, "facebook": {"likes": 0, "shares": 0, "comments": 0}, "stumbledupon": {"shares": 0}}, "site_full": "www.wsj.com", "main_image": "https://si.wsj.net/public/resources/images/BN-WU783_REALFU_SOC_20180102113306.jpg", "site_section": "https://www.wsj.com/news/realestate", "section_title": "Real Estate News - Luxury Homes, Property Market and Mortgage Rates - Wall Street Journal", "url": "https://www.wsj.com/articles/private-equity-funds-focused-on-property-raising-less-capital-1514909299", "country": "US", "domain_rank": 387, "title": "Private-Equity Funds Focused on Property Raising Less Capital", "performance_score": 0, "site": "wsj.com", "participants_count": 1, "title_full": "", "spam_score": 0.975, "site_type": "news", "published": "2018-01-02T19:08:00.000+02:00", "replies_count": 0, "uuid": "4e80b7249519aeb788c2ae955fe77434eb972626"}, "author": "Peter Grant", "url": "https://www.wsj.com/articles/private-equity-funds-focused-on-property-raising-less-capital-1514909299", "ord_in_thread": 0, "title": "Private-Equity Funds Focused on Property Raising Less Capital", "locations": [], "entities": {"persons": [], "locations": [], "organizations": []}, "highlightText": "", "language": "english", "persons": [], "text": "Private-equity funds that focus on real estate have been raising less money for the past few years and chances are dim that there will be much pickup in fundraising in 2018.\nBut the reason for this trend isn’t that pension funds, endowments and other institutions that invest in private equity have lost their appetite for commercial property. A big part of the slowdown is that private-equity funds haven’t been able to spend all the money they have raised, according to investors, analysts and fund managers.\n... ", "external_links": [], "published": "2018-01-02T19:08:00.000+02:00", "crawled": "2018-01-02T19:28:18.002+02:00", "highlightTitle": ""}