{"organizations": [], "uuid": "11d05563c61b5106d38c2c5a40cf296199d8c214", "thread": {"social": {"gplus": {"shares": 0}, "pinterest": {"shares": 0}, "vk": {"shares": 0}, "linkedin": {"shares": 0}, "facebook": {"likes": 0, "shares": 0, "comments": 0}, "stumbledupon": {"shares": 0}}, "site_full": "www.cnbc.com", "main_image": "https://fm.cnbc.com/applications/cnbc.com/resources/img/editorial/2018/01/03/104925915-4ED2-REQ-010317-NewsOPEN.600x400.jpg", "site_section": "http://www.cnbc.com/id/100004038/device/rss/rss.html", "section_title": "Latest Video", "url": "https://www.cnbc.com/video/2018/01/03/market-open-january-03-2018.html", "country": "US", "domain_rank": 767, "title": "News Update – Market Open", "performance_score": 0, "site": "cnbc.com", "participants_count": 0, "title_full": "", "spam_score": 0.0, "site_type": "news", "published": "2018-01-03T17:00:00.000+02:00", "replies_count": 0, "uuid": "11d05563c61b5106d38c2c5a40cf296199d8c214"}, "author": "", "url": "https://www.cnbc.com/video/2018/01/03/market-open-january-03-2018.html", "ord_in_thread": 0, "title": "News Update – Market Open", "locations": [], "entities": {"persons": [], "locations": [], "organizations": []}, "highlightText": "", "language": "english", "persons": [], "text": "Market Open: January 03, 2018 1 Hour Ago", "external_links": [], "published": "2018-01-03T17:00:00.000+02:00", "crawled": "2018-01-03T18:11:57.005+02:00", "highlightTitle": ""}