{"organizations": [], "uuid": "ea0a68ab159ef65ea3b6a037516d5fec26df237b", "thread": {"social": {"gplus": {"shares": 0}, "pinterest": {"shares": 0}, "vk": {"shares": 0}, "linkedin": {"shares": 0}, "facebook": {"likes": 0, "shares": 0, "comments": 0}, "stumbledupon": {"shares": 0}}, "site_full": "www.reuters.com", "main_image": "https://s4.reutersmedia.net/resources/r/?m=02&d=20180108&t=2&i=1220347444&w=1200&r=LYNXMPEE071CT", "site_section": "http://feeds.reuters.com/reuters/businessNews", "section_title": "Reuters: Business News", "url": "https://www.reuters.com/article/us-usa-tax-visa/visa-to-boost-contribution-to-u-s-based-employees-retirement-plan-idUSKBN1EX265", "country": "US", "domain_rank": 408, "title": "Visa to boost contribution to U.S.-based employees' retirement plan", "performance_score": 0, "site": "reuters.com", "participants_count": 0, "title_full": "", "spam_score": 0.0, "site_type": "news", "published": "2018-01-08T22:05:00.000+02:00", "replies_count": 0, "uuid": "ea0a68ab159ef65ea3b6a037516d5fec26df237b"}, "author": "", "url": "https://www.reuters.com/article/us-usa-tax-visa/visa-to-boost-contribution-to-u-s-based-employees-retirement-plan-idUSKBN1EX265", "ord_in_thread": 0, "title": "Visa to boost contribution to U.S.-based employees' retirement plan", "locations": [], "entities": {"persons": [{"name": "nikhil subba", "sentiment": "none"}], "locations": [{"name": "u.s.", "sentiment": "none"}, {"name": "bengaluru", "sentiment": "none"}], "organizations": [{"name": "reuters staff", "sentiment": "none"}, {"name": "visa inc", "sentiment": "none"}, {"name": "reuters", "sentiment": "none"}]}, "highlightText": "", "language": "english", "persons": [], "text": "January 8, 2018 / 8:05 PM / in 2 hours Visa to boost contribution to U.S.-based employees' retirement plan Reuters Staff 1 Min Read \n(Reuters) - Visa Inc ( V.N ) said on Monday it would increase contributions to its U.S.-based employees’ retirement savings plans as the world’s largest payment processor benefits from a new tax law. \nThe company will increase its 401(k) match to 5 percent of salary, up from 3 percent, which will take effect in late February. \nThe contribution is applicable only to Visa’s U.S. employees, but the company said it is exploring other global employee benefits and investments. Reporting by Nikhil Subba in Bengaluru", "external_links": [], "published": "2018-01-08T22:05:00.000+02:00", "crawled": "2018-01-08T22:18:11.010+02:00", "highlightTitle": ""}