{"organizations": [], "uuid": "e9c957267189a22ae70efe349d92e4fb296b37af", "thread": {"social": {"gplus": {"shares": 0}, "pinterest": {"shares": 0}, "vk": {"shares": 0}, "linkedin": {"shares": 0}, "facebook": {"likes": 0, "shares": 0, "comments": 0}, "stumbledupon": {"shares": 0}}, "site_full": "in.reuters.com", "main_image": "https://yospace-cds1.reuters.com/u/resize~ad1~1200cce51a25758-1515156503822?width=640&location=LANDSCAPE&videoId=RCV004BIB", "site_section": "http://feeds.reuters.com/reuters/VideoINLatest\r", "section_title": "Reuters Video: Latest Videos IN", "url": "https://in.reuters.com/video/2018/01/05/book-trump-tried-to-block-flies-off-shel?videoId=378354093", "country": "US", "domain_rank": 408, "title": "Book Trump tried to block flies off shelves", "performance_score": 0, "site": "reuters.com", "participants_count": 0, "title_full": "", "spam_score": 0.0, "site_type": "news", "published": "2018-01-05T16:36:00.000+02:00", "replies_count": 0, "uuid": "e9c957267189a22ae70efe349d92e4fb296b37af"}, "author": "", "url": "https://in.reuters.com/video/2018/01/05/book-trump-tried-to-block-flies-off-shel?videoId=378354093", "ord_in_thread": 0, "title": "Book Trump tried to block flies off shelves", "locations": [], "entities": {"persons": [], "locations": [], "organizations": [{"name": "trump administration", "sentiment": "none"}]}, "highlightText": "", "language": "english", "persons": [], "text": "Book Trump tried to block flies off shelves 12:46am IST - 02:06 \nThe publisher of a scathing tell-all about the first year of the Trump Administration rushed the book to stores Friday, citing ''unprecedented demand,'' and after the president's lawyers threatened legal action.   \nThe publisher of a scathing tell-all about the first year of the Trump Administration rushed the book to stores Friday, citing \"unprecedented demand,\" and after the president's lawyers threatened legal action.  //reut.rs/2CO3amH", "external_links": [], "published": "2018-01-05T16:36:00.000+02:00", "crawled": "2018-01-05T22:05:21.030+02:00", "highlightTitle": ""}