{"organizations": [], "uuid": "9f03af15eb73b06a74e5de4a0bf436556bec0605", "thread": {"social": {"gplus": {"shares": 0}, "pinterest": {"shares": 0}, "vk": {"shares": 0}, "linkedin": {"shares": 0}, "facebook": {"likes": 0, "shares": 0, "comments": 0}, "stumbledupon": {"shares": 0}}, "site_full": "uk.reuters.com", "main_image": "https://s4.reutersmedia.net/resources_v2/images/rcom-default.png", "site_section": "http://feeds.reuters.com/Reuters/UKBusinessNews?format=xml", "section_title": "Reuters: Business News", "url": "https://uk.reuters.com/article/uk-robey-warshaw-profits/boutique-ma-advisory-firm-robey-warshaw-sees-profits-surge-after-major-deals-idUKKBN1ET11N", "country": "US", "domain_rank": 408, "title": "Boutique M&A advisory firm Robey Warshaw sees profits surge after major deals", "performance_score": 0, "site": "reuters.com", "participants_count": 0, "title_full": "", "spam_score": 0.0, "site_type": "news", "published": "2018-01-04T12:23:00.000+02:00", "replies_count": 0, "uuid": "9f03af15eb73b06a74e5de4a0bf436556bec0605"}, "author": "", "url": "https://uk.reuters.com/article/uk-robey-warshaw-profits/boutique-ma-advisory-firm-robey-warshaw-sees-profits-surge-after-major-deals-idUKKBN1ET11N", "ord_in_thread": 0, "title": "Boutique M&A advisory firm Robey Warshaw sees profits surge after major deals", "locations": [], "entities": {"persons": [{"name": "robey warshaw", "sentiment": "negative"}, {"name": "simon robey", "sentiment": "none"}, {"name": "simon warshaw", "sentiment": "none"}, {"name": "ben martin", "sentiment": "none"}, {"name": "philip apostolides", "sentiment": "none"}], "locations": [{"name": "u.s.", "sentiment": "none"}, {"name": "uk", "sentiment": "none"}, {"name": "britain", "sentiment": "none"}], "organizations": [{"name": "boutique m&a", "sentiment": "negative"}, {"name": "mead johnson nutrition", "sentiment": "none"}, {"name": "royal dutch shell", "sentiment": "none"}, {"name": "reckitt benckiser", "sentiment": "none"}, {"name": "bg group", "sentiment": "none"}]}, "highlightText": "", "language": "english", "persons": [], "text": "January 4, 2018 / 10:24 AM / Updated 5 minutes ago Boutique M&A advisory firm Robey Warshaw sees profits surge after major deals Ben Martin 2   Robey Warshaw, the small boutique advisory firm that has worked on some of Britain’s biggest deals, saw its annual profits soar 73 percent to more than 60 million pounds, according to a company filing. \nThe firm, founded by veteran investment bankers Sir Simon Robey, Simon Warshaw and Philip Apostolides in 2013, has quickly established itself as one of the UK’s leading M&A advisory businesses with roles in blockbuster deals, including Royal Dutch Shell’s ( RDSa.L ) $53 billion acquisition of BG Group, announced in 2015, and Reckitt Benckiser’s ( RB.L ) $16.6 billion purchase of U.S. baby formula maker Mead Johnson Nutrition last year. \nIn the year ended March 2017, it made a profit of 63.3 million pounds, up from 36.6 million pounds in the same period a year earlier, the accounts show. \nThe trio of founders will share the profit, with the highest paid individual, who was not identified in the filing, entitled to receive 37.3 million pounds. \nIt came as turnover at Robey Warshaw leapt to 72.7 million pounds from 43.3 million pounds as the firm, which is based in London’s upmarket Mayfair district, netted fees from deals that closed in the period. \nThese included advising brewer SABMiller on its $110 billion acquisition by rival Anheuser-Busch InBev ( ABI.BR ), a deal that completed in October 2016, and SoftBank on its $32 billion takeover of British chip designer Arm Holdings, which closed in September 2016. \nMajor deals have enabled the firm to quickly grow its profits from the 19.4 million pounds its three founders shared in the 18 months to March 2015. \nAside from the trio of partners, the accounts show the small firm averaged 13 employees during its 2017 financial year. Reporting by Ben Martin; Editing by Susan Fenton", "external_links": [], "published": "2018-01-04T12:23:00.000+02:00", "crawled": "2018-01-04T12:45:53.001+02:00", "highlightTitle": ""}