{"organizations": [], "uuid": "1c4403f0d9f7e649303edfc8446128ab41fc8bc7", "thread": {"social": {"gplus": {"shares": 0}, "pinterest": {"shares": 0}, "vk": {"shares": 0}, "linkedin": {"shares": 1}, "facebook": {"likes": 2, "shares": 2, "comments": 0}, "stumbledupon": {"shares": 0}}, "site_full": "www.cnbc.com", "main_image": "https://fm.cnbc.com/applications/cnbc.com/resources/img/editorial/2018/01/04/104928876-5ED3-CB-MARKETS-SANTOLI-010418.600x400.jpg", "site_section": "http://www.cnbc.com/id/100004038/device/rss/rss.html", "section_title": "Latest Video", "url": "https://www.cnbc.com/video/2018/01/04/dow-closes-above-25k-for-the-first-time.html", "country": "US", "domain_rank": 767, "title": "Dow closes above 25K for the first time", "performance_score": 0, "site": "cnbc.com", "participants_count": 0, "title_full": "", "spam_score": 0.0, "site_type": "news", "published": "2018-01-04T23:00:00.000+02:00", "replies_count": 0, "uuid": "1c4403f0d9f7e649303edfc8446128ab41fc8bc7"}, "author": "", "url": "https://www.cnbc.com/video/2018/01/04/dow-closes-above-25k-for-the-first-time.html", "ord_in_thread": 0, "title": "Dow closes above 25K for the first time", "locations": [], "entities": {"persons": [{"name": "bill smead", "sentiment": "none"}, {"name": "michael yoshikami", "sentiment": "none"}], "locations": [], "organizations": [{"name": "smead capital management", "sentiment": "none"}]}, "highlightText": "", "language": "english", "persons": [], "text": "Dow closes above 25K for the first time 1 Hour Ago Discussing the winners and losers at the closing bell with Bill Smead, Smead Capital Management, and Michael Yoshikami, Destination Wealth Management.", "external_links": [], "published": "2018-01-04T23:00:00.000+02:00", "crawled": "2018-01-05T00:21:35.007+02:00", "highlightTitle": ""}