{"organizations": [], "uuid": "950ab7442ebb951a5af45cf735f976935d53f3c2", "thread": {"social": {"gplus": {"shares": 0}, "pinterest": {"shares": 0}, "vk": {"shares": 0}, "linkedin": {"shares": 1}, "facebook": {"likes": 7, "shares": 7, "comments": 0}, "stumbledupon": {"shares": 0}}, "site_full": "www.reuters.com", "main_image": "https://s4.reutersmedia.net/resources_v2/images/rcom-default.png", "site_section": "http://feeds.reuters.com/reuters/worldNews", "section_title": "Reuters: World News", "url": "https://www.reuters.com/article/us-mideast-crisis-syria-russia-helicopte/russian-military-helicopter-crashes-in-syria-killing-two-agencies-idUSKBN1ES0LI", "country": "US", "domain_rank": 408, "title": "Russian military helicopter crashes in Syria, killing two: agencies", "performance_score": 0, "site": "reuters.com", "participants_count": 0, "title_full": "", "spam_score": 0.0, "site_type": "news", "published": "2018-01-03T11:48:00.000+02:00", "replies_count": 0, "uuid": "950ab7442ebb951a5af45cf735f976935d53f3c2"}, "author": "", "url": "https://www.reuters.com/article/us-mideast-crisis-syria-russia-helicopte/russian-military-helicopter-crashes-in-syria-killing-two-agencies-idUSKBN1ES0LI", "ord_in_thread": 0, "title": "Russian military helicopter crashes in Syria, killing two: agencies", "locations": [], "entities": {"persons": [{"name": "polina ivanova", "sentiment": "none"}, {"name": "alison williams", "sentiment": "none"}], "locations": [{"name": "syria", "sentiment": "none"}, {"name": "moscow", "sentiment": "none"}, {"name": "hama air base", "sentiment": "none"}], "organizations": [{"name": "ministry of defence", "sentiment": "none"}, {"name": "reuters", "sentiment": "none"}, {"name": "ria", "sentiment": "none"}]}, "highlightText": "", "language": "english", "persons": [], "text": "MOSCOW (Reuters) - A Russian military MI-24 helicopter crashed in Syria on Dec. 31 due to a technical fault, killing both pilots, Russian news agencies cited the Ministry of Defence as saying on Wednesday.\nThe helicopter crashed en route to the Hama air base, RIA news said, citing the ministry.\nWriting by Polina Ivanova; Editing by Alison Williams\n ", "external_links": [], "published": "2018-01-03T11:48:00.000+02:00", "crawled": "2018-01-03T12:07:02.004+02:00", "highlightTitle": ""}