{"organizations": [], "uuid": "f2a77ec0d19aa0b7aca3820b34da2f8fa26ad024", "thread": {"social": {"gplus": {"shares": 0}, "pinterest": {"shares": 0}, "vk": {"shares": 0}, "linkedin": {"shares": 0}, "facebook": {"likes": 0, "shares": 0, "comments": 0}, "stumbledupon": {"shares": 0}}, "site_full": "www.cnbc.com", "main_image": "//sc.cnbcfm.com/applications/cnbc.com/staticcontent/img/cnbc_logo.gif", "site_section": "http://www.cnbc.com/id/10000027/page/3", "section_title": "Press Releases - CNBC", "url": "http://www.cnbc.com/2018/01/04/globe-newswire-first-merchants-corporation-to-report-fourth-quarter-2017-financial-results-host-conference-call-and-web-cast.html", "country": "US", "domain_rank": 767, "title": "First Merchants Corporation to Report Fourth Quarter 2017 Financial Results, Host Conference Call and Web Cast", "performance_score": 0, "site": "cnbc.com", "participants_count": 1, "title_full": "", "spam_score": 0.0, "site_type": "news", "published": "2018-01-04T16:22:00.000+02:00", "replies_count": 0, "uuid": "f2a77ec0d19aa0b7aca3820b34da2f8fa26ad024"}, "author": "cnbc.com", "url": "http://www.cnbc.com/2018/01/04/globe-newswire-first-merchants-corporation-to-report-fourth-quarter-2017-financial-results-host-conference-call-and-web-cast.html", "ord_in_thread": 0, "title": "First Merchants Corporation to Report Fourth Quarter 2017 Financial Results, Host Conference Call and Web Cast", "locations": [], "entities": {"persons": [], "locations": [{"name": "ind.", "sentiment": "none"}, {"name": "muncie", "sentiment": "none"}, {"name": "muncie", "sentiment": "none"}, {"name": "indiana", "sentiment": "none"}, {"name": "lafayette", "sentiment": "none"}, {"name": "us", "sentiment": "none"}], "organizations": [{"name": "first merchants corporation", "sentiment": "negative"}, {"name": "corporation", "sentiment": "none"}, {"name": "bank", "sentiment": "none"}, {"name": "first merchants bank", "sentiment": "none"}, {"name": "about first merchants corporation first merchants corporation", "sentiment": "none"}]}, "highlightText": "", "language": "english", "persons": [], "text": "MUNCIE, Ind., Jan. 04, 2018 (GLOBE NEWSWIRE) -- First Merchants Corporation (Nasdaq:FRME) will report fourth quarter 2017 financial results on January 25, 2018. The Corporation will host a fourth quarter 2017 earnings conference call and web cast at 2:30 p.m. (ET) on Thursday, January 25, 2018. To participate, dial (Toll Free) 877-507-0578 and reference First Merchants Corporation’s fourth quarter earnings release. International callers please call +1 412-317-1073.\nTo access a replay of the call, US participants should dial (Toll Free) 877-344-7529 or for International participants, dial +1 412-317-0088. The replay access code is 10114961.\nIn order to view the web cast and presentation slides, please go to http://services.choruscall.com/links/frme180125.html during the time of the call. A replay of the webcast will be available until January 25, 2019.\nAbout First Merchants Corporation\nFirst Merchants Corporation is a financial holding company headquartered in Muncie, Indiana. The Corporation has one full-service bank charter, First Merchants Bank. The Bank also operates as Lafayette Bank & Trust and First Merchants Private Wealth Advisors (each as a division of First Merchants Bank).\nFirst Merchants Corporation’s common stock is traded on the NASDAQ Global Select Market System under the symbol FRME. Quotations are carried in daily newspapers and can be found on the company’s Internet web page ( http://www.firstmerchants.com ).\nFIRST MERCHANTS and the Shield Logo are federally registered trademarks of First Merchants Corporation.\nFor more information, contact:\nDavid L. Ortega, First Vice President/Director of Investor Relations\n765-378-8937\nhttp://www.firstmerchants.com/\nSOURCE: First Merchants Corporation, Muncie, Indiana\nSource:First Merchants Corporation", "external_links": ["https://www.globenewswire.com/Tracker?data=quV6o2N9o5ZIUW_wye66UFiSh5Me_9cTS9oEosoW5NBlUqu2yNiPiWARMuLs6xyR-Pnk463Ob6uOIt8jrJXiQXDrOgTdeayiA3sF1gRcKtZ-oBuAX31E3H8i4YyWZIc5", "https://www.globenewswire.com/Tracker?data=quV6o2N9o5ZIUW_wye66UB-K9su0WxQqPvfx6NB2xifvjVMFQm9Omsy2WLFg3iI-XJV42YcrBM0GcS3u3hfeqt3Tg6-Sg_UTePBHmVDexJAJGbCofmpbhiWllFscl15GE8GXjyE6qGRfq6DFOPwJjawAVsn4nZfMOd2VmK0zVpc=", "http://www.firstmerchants.com/", "http://services.choruscall.com/links/frme180125.html", "https://www.globenewswire.com/NewsRoom/AttachmentNg/6dd2a039-ac4c-4b40-bb9d-1df976f986db"], "published": "2018-01-04T16:22:00.000+02:00", "crawled": "2018-01-04T16:42:11.000+02:00", "highlightTitle": ""}