{"organizations": [], "uuid": "29b0482c5e5be732ffdbbc02f7850b888f96de88", "thread": {"social": {"gplus": {"shares": 0}, "pinterest": {"shares": 0}, "vk": {"shares": 0}, "linkedin": {"shares": 0}, "facebook": {"likes": 0, "shares": 0, "comments": 0}, "stumbledupon": {"shares": 0}}, "site_full": "www.reuters.com", "main_image": "https://s4.reutersmedia.net/resources_v2/images/rcom-default.png", "site_section": "http://feeds.reuters.com/reuters/companyNews\r", "section_title": "Reuters: Company News", "url": "https://www.reuters.com/article/brief-reitmans-canada-says-december-sale/brief-reitmans-canada-says-december-sales-fell-1-1-pct-idUSASB0BZUH", "country": "US", "domain_rank": 408, "title": "BRIEF-Reitmans Canada Says December Sales Fell 1.1 Pct", "performance_score": 0, "site": "reuters.com", "participants_count": 0, "title_full": "", "spam_score": 0.0, "site_type": "news", "published": "2018-01-05T00:18:00.000+02:00", "replies_count": 0, "uuid": "29b0482c5e5be732ffdbbc02f7850b888f96de88"}, "author": "", "url": "https://www.reuters.com/article/brief-reitmans-canada-says-december-sale/brief-reitmans-canada-says-december-sales-fell-1-1-pct-idUSASB0BZUH", "ord_in_thread": 0, "title": "BRIEF-Reitmans Canada Says December Sales Fell 1.1 Pct", "locations": [], "entities": {"persons": [], "locations": [{"name": "canada", "sentiment": "none"}, {"name": "canada", "sentiment": "none"}], "organizations": [{"name": "reitmans canada ltd", "sentiment": "none"}, {"name": "reuters", "sentiment": "none"}, {"name": "eikon", "sentiment": "none"}]}, "highlightText": "", "language": "english", "persons": [], "text": "January 4, 2018 / 10:19 PM / in 10 minutes BRIEF-Reitmans Canada Says December Sales Fell 1.1 Pct Reuters Staff \nJan 4 (Reuters) - Reitmans Canada Ltd: * REITMANS (CANADA) LIMITED REPORTS DECEMBER SALES * DECEMBER SALES FELL 1.1 PERCENT * - SALES FOR Q4 TO DATE DECREASED 0.3% * - SAME STORE SALES FOR Q4 TO DATE INCREASED 1.7% \n* DECEMBER SAME STORE SALES ROSE 0.9 PERCENT Source text for Eikon: Further company coverage:", "external_links": [], "published": "2018-01-05T00:18:00.000+02:00", "crawled": "2018-01-05T00:32:21.014+02:00", "highlightTitle": ""}