{"organizations": [], "uuid": "34a52350473305f0d3d7463a2f68717cf520201e", "thread": {"social": {"gplus": {"shares": 0}, "pinterest": {"shares": 0}, "vk": {"shares": 0}, "linkedin": {"shares": 0}, "facebook": {"likes": 0, "shares": 0, "comments": 0}, "stumbledupon": {"shares": 0}}, "site_full": "www.cnbc.com", "main_image": "//sc.cnbcfm.com/applications/cnbc.com/staticcontent/img/cnbc_logo.gif", "site_section": "http://www.cnbc.com/id/10000027", "section_title": "Press Releases - CNBC", "url": "http://www.cnbc.com/2018/01/03/business-wire-nicole-bernex-joins-buenaventuraas-board-of-directors.html", "country": "US", "domain_rank": 767, "title": "Nicole Bernex Joins Buenaventura’s Board of Directors", "performance_score": 0, "site": "cnbc.com", "participants_count": 1, "title_full": "", "spam_score": 0.994, "site_type": "news", "published": "2018-01-04T01:07:00.000+02:00", "replies_count": 0, "uuid": "34a52350473305f0d3d7463a2f68717cf520201e"}, "author": "cnbc.com", "url": "http://www.cnbc.com/2018/01/03/business-wire-nicole-bernex-joins-buenaventuraas-board-of-directors.html", "ord_in_thread": 0, "title": "Nicole Bernex Joins Buenaventura’s Board of Directors", "locations": [], "entities": {"persons": [{"name": "nicole bernex", "sentiment": "negative"}, {"name": "nicole", "sentiment": "none"}, {"name": "bernex", "sentiment": "none"}, {"name": "roque benavides", "sentiment": "none"}, {"name": "igor gonzales", "sentiment": "none"}], "locations": [{"name": "peru", "sentiment": "none"}], "organizations": [{"name": "minas buenaventura s.a.a.", "sentiment": "negative"}, {"name": "buenaventura", "sentiment": "negative"}, {"name": "board of directors lima", "sentiment": "negative"}, {"name": "department of humanities and academic head of the center of research", "sentiment": "none"}, {"name": "nyse", "sentiment": "none"}, {"name": "lima stock exchange", "sentiment": "none"}]}, "highlightText": "", "language": "english", "persons": [], "text": "LIMA, Peru--(BUSINESS WIRE)-- Compañia de Minas Buenaventura S.A.A. (“Buenaventura” or “the Company”) (NYSE: BVN; Lima Stock Exchange: BUE.LM), Peru’s largest publicly-traded precious metals mining company, today announced that Dr. Nicole Bernex has been elected to Buenaventura's board of directors effective immediately. Mr. Igor Gonzales is retiring due to personal reasons after four years of service.\nMr. Roque Benavides, Chairman of Buenaventura´s Board of Directors commented, “We are honored to have Nicole join Buenaventura´s board of directors. Her vast experience in environmental affairs, human sustainable development and water management will be extremely valuable as we continue to expand our footprint organically with a focus on sustainable mining practices.” He continued, “Nicole will join Buenaventura’s board as an independent member, in line with our Company’s goal to consistently provide shareholders with the highest level of corporate governance.”\nDr. Bernex is Head Professor of the Department of Humanities and Academic Head of the Center of Research in Applied Geography (CIGA) at the Pontifical Catholic University of Peru, and is a member of the Water, Weather and Development program of the Global Water Partnership (GWP). She is also consultant to international entities such as the World Bank's Water and Sanitation Program and the UNDP’s Human Development Index (HDI) Program. Dr. Bernex has been President of the Geographical Society of Lima, Peru (SGL) since 2016 and President Emeritus of the GWP Peru since 2009.\nDr. Bernex holds a Bachelor’s degree in Geography from the Paul Valéry University in Montpellier, France. She also holds a Master’s degree in Geography from the Paul Valéry University and a Doctorate in Geography from the Paul Valéry University.\nCompany Description\nCompañía de Minas Buenaventura S.A.A. is Peru’s largest, publicly traded precious metals Company and a major holder of mining rights in Peru. The Company is engaged in the mining, processing, development and exploration of gold and silver and other metals via wholly owned mines, as well as through its participation in joint exploration projects.\nBuenaventura currently operates several mines in Peru (Orcopampa*, Uchucchacua*, Mallay*, Julcani*, Tambomayo*, El Brocal, La Zanja and Coimolache) and is developing the San Gabriel Project.\nThe Company owns 43.65% of Minera Yanacocha S.R.L (a partnership with Newmont Mining Corporation), an important precious metal producer and 19.58% of Sociedad Minera Cerro Verde, an important Peruvian copper producer.\nFor a printed version of the Company’s 2016 Form 20-F, please contact the persons indicated above, or download a PDF format file from the Company’s web site.\n(*) Operations wholly owned by Buenaventura\nView source version on businesswire.com : http://www.businesswire.com/news/home/20180103006270/en/\nFor Compañia de Minas Buenaventura S.A.A.\nIn Lima:\nLeandro Garcia, (511) 419 2540\nChief Financial Officer\nor\nRodrigo Echecopar, (511) 419 2591\nInvestor Relations Coordinator\nrodrigo.echecopar@buenaventura.pe\nor\nIn NY:\nBarbara Cano, 646-452-2334\nbarbara@inspirgroup.com\nor\nCompany Website:\nwww.buenaventura.com\nSource: Compañia de Minas Buenaventura S.A.A.", "external_links": ["http://cts.businesswire.com/ct/CT?id=smartlink&url=http%3A%2F%2Fwww.buenaventura.com&esheet=51737592&lan=en-US&anchor=www.buenaventura.com&index=1&md5=a0cb01e55be5bd6bae5ea35422bce813", "http://www.businesswire.com/news/home/20180103006270/en/"], "published": "2018-01-04T01:07:00.000+02:00", "crawled": "2018-01-04T00:25:35.021+02:00", "highlightTitle": ""}