{"organizations": [], "uuid": "06d473d9f107f2936250ab6790f545529fbf4833", "thread": {"social": {"gplus": {"shares": 0}, "pinterest": {"shares": 0}, "vk": {"shares": 0}, "linkedin": {"shares": 0}, "facebook": {"likes": 0, "shares": 0, "comments": 0}, "stumbledupon": {"shares": 0}}, "site_full": "uk.reuters.com", "main_image": "https://yospace-cds1.reuters.com/u/resize~ad1~1200cce9ac698be-1516023889919?width=640&location=LANDSCAPE&videoId=RCV004D0U", "site_section": "http://feeds.reuters.com/reuters/UKVideoLatest", "section_title": "Reuters Video: Latest Videos UK", "url": "https://uk.reuters.com/video/2018/01/15/merkel-may-join-macron-in-epic-davos-tru?videoId=386289550", "country": "US", "domain_rank": 408, "title": "Merkel may join Macron in epic Davos Trump clash", "performance_score": 0, "site": "reuters.com", "participants_count": 0, "title_full": "", "spam_score": 0.0, "site_type": "news", "published": "2018-01-15T17:58:00.000+02:00", "replies_count": 0, "uuid": "06d473d9f107f2936250ab6790f545529fbf4833"}, "author": "", "url": "https://uk.reuters.com/video/2018/01/15/merkel-may-join-macron-in-epic-davos-tru?videoId=386289550", "ord_in_thread": 0, "title": "Merkel may join Macron in epic Davos Trump clash", "locations": [], "entities": {"persons": [{"name": "davos trump", "sentiment": "negative"}, {"name": "macron", "sentiment": "negative"}, {"name": "merkel", "sentiment": "negative"}, {"name": "angela merkel", "sentiment": "negative"}, {"name": "donald trump", "sentiment": "none"}, {"name": "noah barkin", "sentiment": "none"}, {"name": "emmanuel macron", "sentiment": "none"}], "locations": [{"name": "davos", "sentiment": "none"}, {"name": "u.s.", "sentiment": "none"}, {"name": "europe", "sentiment": "none"}], "organizations": [{"name": "world economic forum", "sentiment": "none"}, {"name": "reuters", "sentiment": "none"}]}, "highlightText": "", "language": "english", "persons": [], "text": "Merkel may join Macron in epic Davos Trump clash 4:53pm GMT - 01:56 \nGerman Chancellor Angela Merkel is considering joining French President Emmanuel Macron at the World Economic Forum in Davos next week. Reuters' Noah Barkin explains it could be an ideological battle pitting two of Europe's most powerful leaders against U.S. President Donald Trump.   \nGerman Chancellor Angela Merkel is considering joining French President Emmanuel Macron at the World Economic Forum in Davos next week. Reuters' Noah Barkin explains it could be an ideological battle pitting two of Europe's most powerful leaders against U.S. President Donald Trump.  //reut.rs/2B3Ue6R", "external_links": [], "published": "2018-01-15T17:58:00.000+02:00", "crawled": "2018-01-15T19:12:05.009+02:00", "highlightTitle": ""}